id,question,sparql_gold,assigned_error_type,sparql_wrong,error_types,raw_json
q1,List all boardgames by GMT.,PREFIX dbo: <http://dbpedia.org/ontology/> PREFIX res: <http://dbpedia.org/resource/> PREFIX rdfs: <http://www.w3.org/2000/01/rdf-schema#> SELECT ?uri WHERE { ?uri dbo:publisher res:GMT_Games },semantic,PREFIX dbo: <http://dbpedia.org/ontology/> PREFIX res: <http://dbpedia.org/resource/> PREFIX rdfs: <http://www.w3.org/2000/01/rdf-schema#> SELECT ?uri WHERE { ?uri dbo:author res:GMT_Games },['semantic'],"{
  ""id"": ""q1"",
  ""question"": ""List all boardgames by GMT."",
  ""sparql_wrong"": ""PREFIX dbo: <http://dbpedia.org/ontology/> PREFIX res: <http://dbpedia.org/resource/> PREFIX rdfs: <http://www.w3.org/2000/01/rdf-schema#> SELECT ?uri WHERE { ?uri dbo:author res:GMT_Games }"",
  ""sparql_gold"": ""PREFIX dbo: <http://dbpedia.org/ontology/> PREFIX res: <http://dbpedia.org/resource/> PREFIX rdfs: <http://www.w3.org/2000/01/rdf-schema#> SELECT ?uri WHERE {{ ?uri dbo:publisher res:GMT_Games }}"",
  ""error_types"": [""semantic""]
}"
q2,Who developed Skype?,PREFIX dbo: <http://dbpedia.org/ontology/> PREFIX res: <http://dbpedia.org/resource/> PREFIX rdfs: <http://www.w3.org/2000/01/rdf-schema#> SELECT DISTINCT ?uri WHERE { res:Skype dbo:developer ?uri. },semantic,PREFIX dbo: <http://dbpedia.org/ontology/> PREFIX res: <http://dbpedia.org/resource/> PREFIX rdfs: <http://www.w3.org/2000/01/rdf-schema#> SELECT DISTINCT ?uri WHERE { res:Skype dbo:author ?uri. },['semantic'],"{
  ""id"": ""q2"",
  ""question"": ""Who developed Skype?"",
  ""sparql_wrong"": ""PREFIX dbo: <http://dbpedia.org/ontology/> PREFIX res: <http://dbpedia.org/resource/> PREFIX rdfs: <http://www.w3.org/2000/01/rdf-schema#> SELECT DISTINCT ?uri WHERE { res:Skype dbo:author ?uri. }"",
  ""sparql_gold"": ""PREFIX dbo: <http://dbpedia.org/ontology/> PREFIX res: <http://dbpedia.org/resource/> PREFIX rdfs: <http://www.w3.org/2000/01/rdf-schema#> SELECT DISTINCT ?uri WHERE {{ res:Skype dbo:developer ?uri. }}"",
  ""error_types"": [""semantic""]
}"
q3,Which people were born in Heraklion?,PREFIX yago: <http://dbpedia.org/class/yago/> PREFIX rdfs: <http://www.w3.org/2000/01/rdf-schema#> PREFIX rdf: <http://www.w3.org/1999/02/22-rdf-syntax-ns#> PREFIX onto: <http://dbpedia.org/ontology/> SELECT DISTINCT ?uri WHERE { ?uri rdf:type onto:Person ; onto:birthPlace <http://dbpedia.org/resource/Heraklion>. },semantic,PREFIX yago: <http://dbpedia.org/class/yago/> PREFIX rdfs: <http://www.w3.org/2000/01/rdf-schema#> PREFIX rdf: <http://www.w3.org/1999/02/22-rdf-syntax-ns#> PREFIX onto: <http://dbpedia.org/ontology/> SELECT DISTINCT ?uri WHERE {{ ?uri rdf:type onto:Place ; onto:birthPlace <http://dbpedia.org/resource/Heraklion>. }},['semantic'],"{
  ""id"": ""q3"",
  ""question"": ""Which people were born in Heraklion?"",
  ""sparql_wrong"": ""PREFIX yago: <http://dbpedia.org/class/yago/> PREFIX rdfs: <http://www.w3.org/2000/01/rdf-schema#> PREFIX rdf: <http://www.w3.org/1999/02/22-rdf-syntax-ns#> PREFIX onto: <http://dbpedia.org/ontology/> SELECT DISTINCT ?uri WHERE {{ ?uri rdf:type onto:Place ; onto:birthPlace <http://dbpedia.org/resource/Heraklion>. }}"",
  ""sparql_gold"": ""PREFIX yago: <http://dbpedia.org/class/yago/> PREFIX rdfs: <http://www.w3.org/2000/01/rdf-schema#> PREFIX rdf: <http://www.w3.org/1999/02/22-rdf-syntax-ns#> PREFIX onto: <http://dbpedia.org/ontology/> SELECT DISTINCT ?uri WHERE {{ ?uri rdf:type onto:Person ; onto:birthPlace <http://dbpedia.org/resource/Heraklion>. }}"",
  ""error_types"": [""semantic""]
}"
q4,In which U.S. state is Area 51 located?,PREFIX dbo: <http://dbpedia.org/ontology/> PREFIX res: <http://dbpedia.org/resource/> PREFIX rdfs: <http://www.w3.org/2000/01/rdf-schema#> SELECT DISTINCT ?uri WHERE { res:Area_51 dbo:location ?uri . ?uri dbo:country res:United_States. },semantic,PREFIX dbo: <http://dbpedia.org/ontology/> PREFIX res: <http://dbpedia.org/resource/> PREFIX rdfs: <http://www.w3.org/2000/01/rdf-schema#> SELECT DISTINCT ?uri WHERE { res:Area_51 dbo:location ?uri . ?uri dbo:continent res:United_States. },['semantic'],"{
  ""id"": ""q4"",
  ""question"": ""In which U.S. state is Area 51 located?"",
  ""sparql_wrong"": ""PREFIX dbo: <http://dbpedia.org/ontology/> PREFIX res: <http://dbpedia.org/resource/> PREFIX rdfs: <http://www.w3.org/2000/01/rdf-schema#> SELECT DISTINCT ?uri WHERE { res:Area_51 dbo:location ?uri . ?uri dbo:continent res:United_States. }"",
  ""sparql_gold"": ""PREFIX dbo: <http://dbpedia.org/ontology/> PREFIX res: <http://dbpedia.org/resource/> PREFIX rdfs: <http://www.w3.org/2000/01/rdf-schema#> SELECT DISTINCT ?uri WHERE {{ res:Area_51 dbo:location ?uri . ?uri dbo:country res:United_States. }}"",
  ""error_types"": [""semantic""]
}"
q5,Who is the mayor of New York City?,PREFIX dbo: <http://dbpedia.org/ontology/> PREFIX res: <http://dbpedia.org/resource/> SELECT DISTINCT ?uri WHERE { res:New_York_City dbo:leaderName ?uri },semantic,PREFIX dbo: <http://dbpedia.org/ontology/> PREFIX res: <http://dbpedia.org/resource/> SELECT DISTINCT ?uri WHERE {{ res:New_York_City dbo:populationTotal ?uri }},['semantic'],"{
  ""id"": ""q5"",
  ""question"": ""Who is the mayor of New York City?"",
  ""sparql_wrong"": ""PREFIX dbo: <http://dbpedia.org/ontology/> PREFIX res: <http://dbpedia.org/resource/> SELECT DISTINCT ?uri WHERE {{ res:New_York_City dbo:populationTotal ?uri }}"",
  ""sparql_gold"": ""PREFIX dbo: <http://dbpedia.org/ontology/> PREFIX res: <http://dbpedia.org/resource/> SELECT DISTINCT ?uri WHERE {{ res:New_York_City dbo:leaderName ?uri }}"",
  ""error_types"": [""semantic""]
}"
q6,Which countries have places with more than two caves?,PREFIX dbo: <http://dbpedia.org/ontology/> PREFIX rdf: <http://www.w3.org/1999/02/22-rdf-syntax-ns#> SELECT DISTINCT ?uri WHERE { ?cave rdf:type dbo:Cave ; dbo:location ?uri . ?uri rdf:type dbo:Country } GROUP BY ?uri HAVING ( COUNT(?cave) > 2 ),syntax,PREFIX dbo: <http://dbpedia.org/ontology/> PREFIX rdf: <http://www.w3.org/1999/02/22-rdf-syntax-ns#> SELECT DISTINCT ?uri WHERE { ?cave rdf:type dbo:Cave ; dbo:location ?uri . ?uri rdf:type dbo:Country }} GROUP BY ?uri HAVING ( COUNT(?cave) > 2 ),['syntax'],"{
  ""id"": ""q6"",
  ""question"": ""Which countries have places with more than two caves?"",
  ""sparql_wrong"": ""PREFIX dbo: <http://dbpedia.org/ontology/> PREFIX rdf: <http://www.w3.org/1999/02/22-rdf-syntax-ns#> SELECT DISTINCT ?uri WHERE { ?cave rdf:type dbo:Cave ; dbo:location ?uri . ?uri rdf:type dbo:Country }} GROUP BY ?uri HAVING ( COUNT(?cave) > 2 )"",
  ""sparql_gold"": ""PREFIX dbo: <http://dbpedia.org/ontology/> PREFIX rdf: <http://www.w3.org/1999/02/22-rdf-syntax-ns#> SELECT DISTINCT ?uri WHERE {{ ?cave rdf:type dbo:Cave ; dbo:location ?uri . ?uri rdf:type dbo:Country }} GROUP BY ?uri HAVING ( COUNT(?cave) > 2 )"",
  ""error_types"": [""syntax""]
}"
q7,Where did Abraham Lincoln die?,PREFIX dbo: <http://dbpedia.org/ontology/> PREFIX res: <http://dbpedia.org/resource/> PREFIX rdfs: <http://www.w3.org/2000/01/rdf-schema#> SELECT DISTINCT ?uri WHERE { res:Abraham_Lincoln dbo:deathPlace ?uri. },semantic,PREFIX dbo: <http://dbpedia.org/ontology/> PREFIX res: <http://dbpedia.org/resource/> PREFIX rdfs: <http://www.w3.org/2000/01/rdf-schema#> SELECT DISTINCT ?uri WHERE { res:Abraham_Lincoln dbo:birthPlace ?uri. },['semantic'],"{
  ""id"": ""q7"",
  ""question"": ""Where did Abraham Lincoln die?"",
  ""sparql_wrong"": ""PREFIX dbo: <http://dbpedia.org/ontology/> PREFIX res: <http://dbpedia.org/resource/> PREFIX rdfs: <http://www.w3.org/2000/01/rdf-schema#> SELECT DISTINCT ?uri WHERE { res:Abraham_Lincoln dbo:birthPlace ?uri. }"",
  ""sparql_gold"": ""PREFIX dbo: <http://dbpedia.org/ontology/> PREFIX res: <http://dbpedia.org/resource/> PREFIX rdfs: <http://www.w3.org/2000/01/rdf-schema#> SELECT DISTINCT ?uri WHERE {{ res:Abraham_Lincoln dbo:deathPlace ?uri. }}"",
  ""error_types"": [""semantic""]
}"
q8,Which airports does Air China serve?,PREFIX dbo: <http://dbpedia.org/ontology/> PREFIX res: <http://dbpedia.org/resource/> SELECT DISTINCT ?uri WHERE { res:Air_China dbo:targetAirport ?uri },syntax,PREFIX dbo: <http://dbpedia.org/ontology/> PREFIX res: <http://dbpedia.org/resource/> SELECT DISTINCT ?uri WHERE { res:Air_China dbo:targetAirport ?uri },['syntax'],"{
  ""id"": ""q8"",
  ""question"": ""Which airports does Air China serve?"",
  ""sparql_wrong"": ""PREFIX dbo: <http://dbpedia.org/ontology/> PREFIX res: <http://dbpedia.org/resource/> SELECT DISTINCT ?uri WHERE { res:Air_China dbo:targetAirport ?uri }"",
  ""sparql_gold"": ""PREFIX dbo: <http://dbpedia.org/ontology/> PREFIX res: <http://dbpedia.org/resource/> SELECT DISTINCT ?uri WHERE {{ res:Air_China dbo:targetAirport ?uri }}"",
  ""error_types"": [""syntax""]
}"
q9,Give me all actors starring in movies directed by and starring William Shatner.,PREFIX dbo: <http://dbpedia.org/ontology/> PREFIX res: <http://dbpedia.org/resource/> PREFIX dbp: <http://dbpedia.org/property/> SELECT DISTINCT ?uri WHERE { ?x dbo:director res:William_Shatner ; dbo:starring res:William_Shatner { ?x dbo:starring ?uri } UNION { ?x dbp:starring ?uri } },semantic,PREFIX dbo: <http://dbpedia.org/ontology/> PREFIX res: <http://dbpedia.org/resource/> PREFIX dbp: <http://dbpedia.org/property/> SELECT DISTINCT ?uri WHERE {{ ?x dbo:director res:William_Shatner ; dbo:starring res:William_Shatner {{ ?x dbo:producer ?uri }} UNION {{ ?x dbp:starring ?uri }} }},['semantic'],"{
  ""id"": ""q9"",
  ""question"": ""Give me all actors starring in movies directed by and starring William Shatner."",
  ""sparql_wrong"": ""PREFIX dbo: <http://dbpedia.org/ontology/> PREFIX res: <http://dbpedia.org/resource/> PREFIX dbp: <http://dbpedia.org/property/> SELECT DISTINCT ?uri WHERE {{ ?x dbo:director res:William_Shatner ; dbo:starring res:William_Shatner {{ ?x dbo:producer ?uri }} UNION {{ ?x dbp:starring ?uri }} }}"",
  ""sparql_gold"": ""PREFIX dbo: <http://dbpedia.org/ontology/> PREFIX res: <http://dbpedia.org/resource/> PREFIX dbp: <http://dbpedia.org/property/> SELECT DISTINCT ?uri WHERE {{ ?x dbo:director res:William_Shatner ; dbo:starring res:William_Shatner {{ ?x dbo:starring ?uri }} UNION {{ ?x dbp:starring ?uri }} }}"",
  ""error_types"": [""semantic""]
}"
q10,What are the official languages of the Philippines?,PREFIX dbo: <http://dbpedia.org/ontology/> PREFIX res: <http://dbpedia.org/resource/> SELECT DISTINCT ?uri WHERE { res:Philippines dbo:officialLanguage ?uri },syntax,PREFIX dbo: <http://dbpedia.org/ontology/ PREFIX res: <http://dbpedia.org/resource/> SELECT DISTINCT ?uri WHERE {{ res:Philippines dbo:officialLanguage ?uri }},['syntax'],"{
  ""id"": ""q10"",
  ""question"": ""What are the official languages of the Philippines?"",
  ""sparql_wrong"": ""PREFIX dbo: <http://dbpedia.org/ontology/ PREFIX res: <http://dbpedia.org/resource/> SELECT DISTINCT ?uri WHERE {{ res:Philippines dbo:officialLanguage ?uri }}"",
  ""sparql_gold"": ""PREFIX dbo: <http://dbpedia.org/ontology/> PREFIX res: <http://dbpedia.org/resource/> SELECT DISTINCT ?uri WHERE {{ res:Philippines dbo:officialLanguage ?uri }}"",
  ""error_types"": [""syntax""]
}"
q11,Give me all Danish films.,PREFIX dbo: <http://dbpedia.org/ontology/> PREFIX res: <http://dbpedia.org/resource/> PREFIX rdf: <http://www.w3.org/1999/02/22-rdf-syntax-ns#> SELECT DISTINCT ?uri WHERE { ?uri rdf:type dbo:Film ; dbo:country res:Denmark },structural,PREFIX dbo: <http://dbpedia.org/ontology/> PREFIX res: <http://dbpedia.org/resource/> PREFIX rdf: <http://www.w3.org/1999/02/22-rdf-syntax-ns#> SELECT DISTINCT ?uri WHERE { res:Denmark dbo:country ?uri . ?uri rdf:type dbo:Film },['structural'],"{
  ""id"": ""q11"",
  ""question"": ""Give me all Danish films."",
  ""sparql_wrong"": ""PREFIX dbo: <http://dbpedia.org/ontology/> PREFIX res: <http://dbpedia.org/resource/> PREFIX rdf: <http://www.w3.org/1999/02/22-rdf-syntax-ns#> SELECT DISTINCT ?uri WHERE { res:Denmark dbo:country ?uri . ?uri rdf:type dbo:Film }"",
  ""sparql_gold"": ""PREFIX dbo: <http://dbpedia.org/ontology/> PREFIX res: <http://dbpedia.org/resource/> PREFIX rdf: <http://www.w3.org/1999/02/22-rdf-syntax-ns#> SELECT DISTINCT ?uri WHERE {{ ?uri rdf:type dbo:Film ; dbo:country res:Denmark }}"",
  ""error_types"": [""structural""]
}"
q12,Which movies starring Brad Pitt were directed by Guy Ritchie?,PREFIX dbo: <http://dbpedia.org/ontology/> PREFIX res: <http://dbpedia.org/resource/> PREFIX rdf: <http://www.w3.org/1999/02/22-rdf-syntax-ns#> SELECT DISTINCT ?uri WHERE { ?uri rdf:type dbo:Film ; dbo:starring res:Brad_Pitt ; dbo:director res:Guy_Ritchie },syntax,PREFIX dbo: <http://dbpedia.org/ontology/> PREFIX res: <http://dbpedia.org/resource/> PREFIX rdf: <http://www.w3.org/1999/02/22-rdf-syntax-ns#> SELECT DISTINCT ?uri WHERE { ?uri rdf:type dbo:Film ; dbo:starring res:Brad_Pitt ; dbo:director res:Guy_Ritchie },['syntax'],"{
  ""id"": ""q12"",
  ""question"": ""Which movies starring Brad Pitt were directed by Guy Ritchie?"",
  ""sparql_wrong"": ""PREFIX dbo: <http://dbpedia.org/ontology/> PREFIX res: <http://dbpedia.org/resource/> PREFIX rdf: <http://www.w3.org/1999/02/22-rdf-syntax-ns#> SELECT DISTINCT ?uri WHERE { ?uri rdf:type dbo:Film ; dbo:starring res:Brad_Pitt ; dbo:director res:Guy_Ritchie }"",
  ""sparql_gold"": ""PREFIX dbo: <http://dbpedia.org/ontology/> PREFIX res: <http://dbpedia.org/resource/> PREFIX rdf: <http://www.w3.org/1999/02/22-rdf-syntax-ns#> SELECT DISTINCT ?uri WHERE {{ ?uri rdf:type dbo:Film ; dbo:starring res:Brad_Pitt ; dbo:director res:Guy_Ritchie }}"",
  ""error_types"": [""syntax""]
}"
q13,Give me the grandchildren of Bruce Lee.,PREFIX dbo: <http://dbpedia.org/ontology/> PREFIX res: <http://dbpedia.org/resource/> SELECT DISTINCT ?uri WHERE { res:Bruce_Lee dbo:child ?child . ?child <http://dbpedia.org/property/children> ?uri },syntax,PREFIX dbo: <http://dbpedia.org/ontology/> PREFIX res: <http://dbpedia.org/resource/> SELECT DISTINCT ?uri WHERE { res:Bruce_Lee dbo:child ?child . ?child <http://dbpedia.org/property/children> ?uri },['syntax'],"{
  ""id"": ""q13"",
  ""question"": ""Give me the grandchildren of Bruce Lee."",
  ""sparql_wrong"": ""PREFIX dbo: <http://dbpedia.org/ontology/> PREFIX res: <http://dbpedia.org/resource/> SELECT DISTINCT ?uri WHERE { res:Bruce_Lee dbo:child ?child . ?child <http://dbpedia.org/property/children> ?uri }"",
  ""sparql_gold"": ""PREFIX dbo: <http://dbpedia.org/ontology/> PREFIX res: <http://dbpedia.org/resource/> SELECT DISTINCT ?uri WHERE {{ res:Bruce_Lee dbo:child ?child . ?child <http://dbpedia.org/property/children> ?uri }}"",
  ""error_types"": [""syntax""]
}"
q14,Which other weapons did the designer of the Uzi develop?,PREFIX dbo: <http://dbpedia.org/ontology/> PREFIX res: <http://dbpedia.org/resource/> PREFIX dbp: <http://dbpedia.org/property/> PREFIX rdf: <http://www.w3.org/1999/02/22-rdf-syntax-ns#> SELECT DISTINCT ?uri WHERE { ?uri rdf:type dbo:Weapon ; dbp:designer ?x . res:Uzi dbp:designer ?x FILTER ( ?uri != res:Uzi ) },semantic,PREFIX dbo: <http://dbpedia.org/ontology/> PREFIX res: <http://dbpedia.org/resource/> PREFIX dbp: <http://dbpedia.org/property/> PREFIX rdf: <http://www.w3.org/1999/02/22-rdf-syntax-ns#> SELECT DISTINCT ?uri WHERE { ?uri rdf:type dbo:Weapon ; dbp:author ?x . res:Uzi dbp:designer ?x FILTER ( ?uri != res:Uzi ) },['semantic'],"{
  ""id"": ""q14"",
  ""question"": ""Which other weapons did the designer of the Uzi develop?"",
  ""sparql_wrong"": ""PREFIX dbo: <http://dbpedia.org/ontology/> PREFIX res: <http://dbpedia.org/resource/> PREFIX dbp: <http://dbpedia.org/property/> PREFIX rdf: <http://www.w3.org/1999/02/22-rdf-syntax-ns#> SELECT DISTINCT ?uri WHERE { ?uri rdf:type dbo:Weapon ; dbp:author ?x . res:Uzi dbp:designer ?x FILTER ( ?uri != res:Uzi ) }"",
  ""sparql_gold"": ""PREFIX dbo: <http://dbpedia.org/ontology/> PREFIX res: <http://dbpedia.org/resource/> PREFIX dbp: <http://dbpedia.org/property/> PREFIX rdf: <http://www.w3.org/1999/02/22-rdf-syntax-ns#> SELECT DISTINCT ?uri WHERE {{ ?uri rdf:type dbo:Weapon ; dbp:designer ?x . res:Uzi dbp:designer ?x FILTER ( ?uri != res:Uzi ) }}"",
  ""error_types"": [""semantic""]
}"
q15,Who is the owner of Universal Studios?,PREFIX dbo: <http://dbpedia.org/ontology/> PREFIX res: <http://dbpedia.org/resource/> SELECT DISTINCT ?uri WHERE { res:Universal_Studios dbo:owner ?uri },semantic,PREFIX dbo: <http://dbpedia.org/ontology/> PREFIX res: <http://dbpedia.org/resource/> SELECT DISTINCT ?uri WHERE { res:Universal_Studios dbo:director ?uri },['semantic'],"{
  ""id"": ""q15"",
  ""question"": ""Who is the owner of Universal Studios?"",
  ""sparql_wrong"": ""PREFIX dbo: <http://dbpedia.org/ontology/> PREFIX res: <http://dbpedia.org/resource/> SELECT DISTINCT ?uri WHERE { res:Universal_Studios dbo:director ?uri }"",
  ""sparql_gold"": ""PREFIX dbo: <http://dbpedia.org/ontology/> PREFIX res: <http://dbpedia.org/resource/> SELECT DISTINCT ?uri WHERE {{ res:Universal_Studios dbo:owner ?uri }}"",
  ""error_types"": [""semantic""]
}"
q16,Which state of the USA has the highest population density?,PREFIX yago: <http://dbpedia.org/class/yago/> PREFIX dbp: <http://dbpedia.org/property/> PREFIX rdf: <http://www.w3.org/1999/02/22-rdf-syntax-ns#> SELECT DISTINCT ?uri WHERE { ?uri rdf:type yago:WikicatStatesOfTheUnitedStates ; dbp:densityrank ?rank } ORDER BY ASC(?rank) LIMIT 1,semantic,PREFIX yago: <http://dbpedia.org/class/yago/> PREFIX dbp: <http://dbpedia.org/property/> PREFIX rdf: <http://www.w3.org/1999/02/22-rdf-syntax-ns#> SELECT DISTINCT ?uri WHERE { ?uri rdf:type yago:WikicatStatesOfTheUnitedStates ; dbp:populationDensity ?rank } ORDER BY ASC(?rank) LIMIT 1,['semantic'],"{
  ""id"": ""q16"",
  ""question"": ""Which state of the USA has the highest population density?"",
  ""sparql_wrong"": ""PREFIX yago: <http://dbpedia.org/class/yago/> PREFIX dbp: <http://dbpedia.org/property/> PREFIX rdf: <http://www.w3.org/1999/02/22-rdf-syntax-ns#> SELECT DISTINCT ?uri WHERE { ?uri rdf:type yago:WikicatStatesOfTheUnitedStates ; dbp:populationDensity ?rank } ORDER BY ASC(?rank) LIMIT 1"",
  ""sparql_gold"": ""PREFIX yago: <http://dbpedia.org/class/yago/> PREFIX dbp: <http://dbpedia.org/property/> PREFIX rdf: <http://www.w3.org/1999/02/22-rdf-syntax-ns#> SELECT DISTINCT ?uri WHERE {{ ?uri rdf:type yago:WikicatStatesOfTheUnitedStates ; dbp:densityrank ?rank }} ORDER BY ASC(?rank) LIMIT 1"",
  ""error_types"": [""semantic""]
}"
q17,Which monarchs were married to a German?,PREFIX dbo: <http://dbpedia.org/ontology/> PREFIX res: <http://dbpedia.org/resource/> PREFIX rdf: <http://www.w3.org/1999/02/22-rdf-syntax-ns#> SELECT DISTINCT ?uri WHERE { ?uri rdf:type dbo:Monarch ; dbo:spouse ?spouse { ?spouse dbo:birthPlace res:Germany } UNION { ?spouse dbo:birthPlace ?p . ?p dbo:country res:Germany } },semantic,PREFIX dbo: <http://dbpedia.org/ontology/> PREFIX res: <http://dbpedia.org/resource/> PREFIX rdf: <http://www.w3.org/1999/02/22-rdf-syntax-ns#> SELECT DISTINCT ?uri WHERE { ?uri rdf:type dbo:Monarch ; dbo:parent ?spouse { { ?spouse dbo:birthPlace res:Germany } UNION { ?spouse dbo:birthPlace ?p . ?p dbo:country res:Germany } } },['semantic'],"{
  ""id"": ""q17"",
  ""question"": ""Which monarchs were married to a German?"",
  ""sparql_wrong"": ""PREFIX dbo: <http://dbpedia.org/ontology/> PREFIX res: <http://dbpedia.org/resource/> PREFIX rdf: <http://www.w3.org/1999/02/22-rdf-syntax-ns#> SELECT DISTINCT ?uri WHERE { ?uri rdf:type dbo:Monarch ; dbo:parent ?spouse { { ?spouse dbo:birthPlace res:Germany } UNION { ?spouse dbo:birthPlace ?p . ?p dbo:country res:Germany } } }"",
  ""sparql_gold"": ""PREFIX dbo: <http://dbpedia.org/ontology/> PREFIX res: <http://dbpedia.org/resource/> PREFIX rdf: <http://www.w3.org/1999/02/22-rdf-syntax-ns#> SELECT DISTINCT ?uri WHERE {{ ?uri rdf:type dbo:Monarch ; dbo:spouse ?spouse {{ ?spouse dbo:birthPlace res:Germany }} UNION {{ ?spouse dbo:birthPlace ?p . ?p dbo:country res:Germany }} }}"",
  ""error_types"": [""semantic""]
}"
q18,Which organizations were founded in 1950?,"PREFIX dbo: <http://dbpedia.org/ontology/> PREFIX dbp: <http://dbpedia.org/property/> PREFIX rdf: <http://www.w3.org/1999/02/22-rdf-syntax-ns#> SELECT DISTINCT ?uri WHERE { ?uri rdf:type dbo:Organisation { ?uri dbo:formationYear ?date } UNION { ?uri dbo:foundingYear ?date } UNION { ?uri dbp:foundation ?date } UNION { ?uri dbp:formation ?date } FILTER regex(?date, ""^1950"") }",syntax,"PREFIX dbo: <http://dbpedia.org/ontology/> PREFIX dbp: <http://dbpedia.org/property/> PREFIX rdf: <http://www.w3.org/1999/02/22-rdf-syntax-ns#> SELECT DISTINCT ?uri WHERE {{ ?uri rdf:type dbo:Organisation {{ ?uri dbo:formationYear ?date }} UNION {{ ?uri dbo:foundingYear ?date }} UNION {{ ?uri dbp:foundation ?date }} UNION {{ ?uri dbp:formation ?date }} FILTER regex(?date, ""^1950"") }",['syntax'],"{
  ""id"": ""q18"",
  ""question"": ""Which organizations were founded in 1950?"",
  ""sparql_wrong"": ""PREFIX dbo: <http://dbpedia.org/ontology/> PREFIX dbp: <http://dbpedia.org/property/> PREFIX rdf: <http://www.w3.org/1999/02/22-rdf-syntax-ns#> SELECT DISTINCT ?uri WHERE {{ ?uri rdf:type dbo:Organisation {{ ?uri dbo:formationYear ?date }} UNION {{ ?uri dbo:foundingYear ?date }} UNION {{ ?uri dbp:foundation ?date }} UNION {{ ?uri dbp:formation ?date }} FILTER regex(?date, \""^1950\"") }"",
  ""sparql_gold"": ""PREFIX dbo: <http://dbpedia.org/ontology/> PREFIX dbp: <http://dbpedia.org/property/> PREFIX rdf: <http://www.w3.org/1999/02/22-rdf-syntax-ns#> SELECT DISTINCT ?uri WHERE {{ ?uri rdf:type dbo:Organisation {{ ?uri dbo:formationYear ?date }} UNION {{ ?uri dbo:foundingYear ?date }} UNION {{ ?uri dbp:foundation ?date }} UNION {{ ?uri dbp:formation ?date }} FILTER regex(?date, \""^1950\"") }}"",
  ""error_types"": [""syntax""]
}"
q19,Who created the comic Captain America?,PREFIX dbo: <http://dbpedia.org/ontology/> PREFIX res: <http://dbpedia.org/resource/> SELECT DISTINCT ?uri WHERE { res:Captain_America dbo:creator ?uri },semantic,PREFIX dbo: <http://dbpedia.org/ontology/> PREFIX res: <http://dbpedia.org/resource/> SELECT DISTINCT ?uri WHERE { res:Captain_America dbo:author ?uri },['semantic'],"{
  ""id"": ""q19"",
  ""question"": ""Who created the comic Captain America?"",
  ""sparql_wrong"": ""PREFIX dbo: <http://dbpedia.org/ontology/> PREFIX res: <http://dbpedia.org/resource/> SELECT DISTINCT ?uri WHERE { res:Captain_America dbo:author ?uri }"",
  ""sparql_gold"": ""PREFIX dbo: <http://dbpedia.org/ontology/> PREFIX res: <http://dbpedia.org/resource/> SELECT DISTINCT ?uri WHERE {{ res:Captain_America dbo:creator ?uri }}"",
  ""error_types"": [""semantic""]
}"
q20,Give me the Apollo 14 astronauts.,PREFIX dbo: <http://dbpedia.org/ontology/> PREFIX res: <http://dbpedia.org/resource/> SELECT DISTINCT ?uri WHERE { ?uri dbo:mission res:Apollo_14 },semantic,PREFIX dbo: <http://dbpedia.org/ontology/> PREFIX res: <http://dbpedia.org/resource/> SELECT DISTINCT ?uri WHERE { ?uri dbo:mission res:Apollo_11 },['semantic'],"{
  ""id"": ""q20"",
  ""question"": ""Give me the Apollo 14 astronauts."",
  ""sparql_wrong"": ""PREFIX dbo: <http://dbpedia.org/ontology/> PREFIX res: <http://dbpedia.org/resource/> SELECT DISTINCT ?uri WHERE { ?uri dbo:mission res:Apollo_11 }"",
  ""sparql_gold"": ""PREFIX dbo: <http://dbpedia.org/ontology/> PREFIX res: <http://dbpedia.org/resource/> SELECT DISTINCT ?uri WHERE {{ ?uri dbo:mission res:Apollo_14 }}"",
  ""error_types"": [""semantic""]
}"
q21,Who wrote the book The pillars of the Earth?,PREFIX dbo: <http://dbpedia.org/ontology/> PREFIX res: <http://dbpedia.org/resource/> PREFIX rdfs: <http://www.w3.org/2000/01/rdf-schema#> SELECT DISTINCT ?uri WHERE { res:The_Pillars_of_the_Earth dbo:author ?uri },syntax,PREFIX dbo: <http://dbpedia.org/ontology/> PREFIX res: <http://dbpedia.org/resource/> PREFIX rdfs: <http://www.w3.org/2000/01/rdf-schema#> SELECT DISTINCT ?uri WHERE { res:The_Pillars_of_the_Earth dbo:author ?uri },['syntax'],"{
  ""id"": ""q21"",
  ""question"": ""Who wrote the book The pillars of the Earth?"",
  ""sparql_wrong"": ""PREFIX dbo: <http://dbpedia.org/ontology/> PREFIX res: <http://dbpedia.org/resource/> PREFIX rdfs: <http://www.w3.org/2000/01/rdf-schema#> SELECT DISTINCT ?uri WHERE { res:The_Pillars_of_the_Earth dbo:author ?uri }"",
  ""sparql_gold"": ""PREFIX dbo: <http://dbpedia.org/ontology/> PREFIX res: <http://dbpedia.org/resource/> PREFIX rdfs: <http://www.w3.org/2000/01/rdf-schema#> SELECT DISTINCT ?uri WHERE {{ res:The_Pillars_of_the_Earth dbo:author ?uri }}"",
  ""error_types"": [""syntax""]
}"
q22,Which state of the United States of America has the highest density?,PREFIX yago: <http://dbpedia.org/class/yago/> PREFIX rdfs: <http://www.w3.org/2000/01/rdf-schema#> PREFIX dbp: <http://dbpedia.org/property/> PREFIX rdf: <http://www.w3.org/1999/02/22-rdf-syntax-ns#> SELECT ?uri WHERE { ?uri dbp:densityrank ?density } ORDER BY ASC(?density) LIMIT 1,semantic,PREFIX yago: <http://dbpedia.org/class/yago/> PREFIX rdfs: <http://www.w3.org/2000/01/rdf-schema#> PREFIX dbp: <http://dbpedia.org/property/> PREFIX rdf: <http://www.w3.org/1999/02/22-rdf-syntax-ns#> SELECT ?uri WHERE { ?uri dbp:populationDensity ?density } ORDER BY ASC(?density) LIMIT 1,['semantic'],"{
  ""id"": ""q22"",
  ""question"": ""Which state of the United States of America has the highest density?"",
  ""sparql_wrong"": ""PREFIX yago: <http://dbpedia.org/class/yago/> PREFIX rdfs: <http://www.w3.org/2000/01/rdf-schema#> PREFIX dbp: <http://dbpedia.org/property/> PREFIX rdf: <http://www.w3.org/1999/02/22-rdf-syntax-ns#> SELECT ?uri WHERE { ?uri dbp:populationDensity ?density } ORDER BY ASC(?density) LIMIT 1"",
  ""sparql_gold"": ""PREFIX yago: <http://dbpedia.org/class/yago/> PREFIX rdfs: <http://www.w3.org/2000/01/rdf-schema#> PREFIX dbp: <http://dbpedia.org/property/> PREFIX rdf: <http://www.w3.org/1999/02/22-rdf-syntax-ns#> SELECT ?uri WHERE {{ ?uri dbp:densityrank ?density }} ORDER BY ASC(?density) LIMIT 1"",
  ""error_types"": [""semantic""]
}"
q23,Which spaceflights were launched from Baikonur?,PREFIX dbo: <http://dbpedia.org/ontology/> PREFIX res: <http://dbpedia.org/resource/> SELECT DISTINCT ?uri WHERE { ?uri <http://dbpedia.org/property/launchPad> res:Baikonur_Cosmodrome },semantic,PREFIX dbo: <http://dbpedia.org/ontology/> PREFIX res: <http://dbpedia.org/resource/> SELECT DISTINCT ?uri WHERE { ?uri dbo:launchPad res:Baikonur_Cosmodrome },['semantic'],"{
  ""id"": ""q23"",
  ""question"": ""Which spaceflights were launched from Baikonur?"",
  ""sparql_wrong"": ""PREFIX dbo: <http://dbpedia.org/ontology/> PREFIX res: <http://dbpedia.org/resource/> SELECT DISTINCT ?uri WHERE { ?uri dbo:launchPad res:Baikonur_Cosmodrome }"",
  ""sparql_gold"": ""PREFIX dbo: <http://dbpedia.org/ontology/> PREFIX res: <http://dbpedia.org/resource/> SELECT DISTINCT ?uri WHERE {{ ?uri <http://dbpedia.org/property/launchPad> res:Baikonur_Cosmodrome }}"",
  ""error_types"": [""semantic""]
}"
q24,Give me a list of all trumpet players that were bandleaders.,PREFIX dbo: <http://dbpedia.org/ontology/> PREFIX res: <http://dbpedia.org/resource/> SELECT DISTINCT ?uri WHERE { ?uri dbo:occupation res:Bandleader ; dbo:instrument res:Trumpet },semantic,PREFIX dbo: <http://dbpedia.org/ontology/> PREFIX res: <http://dbpedia.org/resource/> SELECT DISTINCT ?uri WHERE { ?uri dbo:occupation res:Bandleader ; dbo:instrument res:Saxophone },['semantic'],"{
  ""id"": ""q24"",
  ""question"": ""Give me a list of all trumpet players that were bandleaders."",
  ""sparql_wrong"": ""PREFIX dbo: <http://dbpedia.org/ontology/> PREFIX res: <http://dbpedia.org/resource/> SELECT DISTINCT ?uri WHERE { ?uri dbo:occupation res:Bandleader ; dbo:instrument res:Saxophone }"",
  ""sparql_gold"": ""PREFIX dbo: <http://dbpedia.org/ontology/> PREFIX res: <http://dbpedia.org/resource/> SELECT DISTINCT ?uri WHERE {{ ?uri dbo:occupation res:Bandleader ; dbo:instrument res:Trumpet }}"",
  ""error_types"": [""semantic""]
}"
q25,Which U.S. states are in the same timezone as Utah?,PREFIX yago: <http://dbpedia.org/class/yago/> PREFIX res: <http://dbpedia.org/resource/> PREFIX dbp: <http://dbpedia.org/property/> PREFIX rdf: <http://www.w3.org/1999/02/22-rdf-syntax-ns#> SELECT DISTINCT ?uri WHERE { res:Utah dbp:timezone ?x . ?uri rdf:type yago:WikicatStatesOfTheUnitedStates ; dbp:timezone ?x FILTER ( ?uri != res:Utah ) },semantic,PREFIX yago: <http://dbpedia.org/class/yago/> PREFIX res: <http://dbpedia.org/resource/> PREFIX dbp: <http://dbpedia.org/property/> PREFIX rdf: <http://www.w3.org/1999/02/22-rdf-syntax-ns#> SELECT DISTINCT ?uri WHERE { res:Utah dbp:timezone ?x . ?uri rdf:type yago:WikicatStatesOfMexico ; dbp:timezone ?x FILTER ( ?uri != res:Utah ) },['semantic'],"{
  ""id"": ""q25"",
  ""question"": ""Which U.S. states are in the same timezone as Utah?"",
  ""sparql_wrong"": ""PREFIX yago: <http://dbpedia.org/class/yago/> PREFIX res: <http://dbpedia.org/resource/> PREFIX dbp: <http://dbpedia.org/property/> PREFIX rdf: <http://www.w3.org/1999/02/22-rdf-syntax-ns#> SELECT DISTINCT ?uri WHERE { res:Utah dbp:timezone ?x . ?uri rdf:type yago:WikicatStatesOfMexico ; dbp:timezone ?x FILTER ( ?uri != res:Utah ) }"",
  ""sparql_gold"": ""PREFIX yago: <http://dbpedia.org/class/yago/> PREFIX res: <http://dbpedia.org/resource/> PREFIX dbp: <http://dbpedia.org/property/> PREFIX rdf: <http://www.w3.org/1999/02/22-rdf-syntax-ns#> SELECT DISTINCT ?uri WHERE {{ res:Utah dbp:timezone ?x . ?uri rdf:type yago:WikicatStatesOfTheUnitedStates ; dbp:timezone ?x FILTER ( ?uri != res:Utah ) }}"",
  ""error_types"": [""semantic""]
}"
q26,Which U.S. states possess gold minerals?,"PREFIX yago: <http://dbpedia.org/class/yago/> PREFIX dbp: <http://dbpedia.org/property/> PREFIX rdf: <http://www.w3.org/1999/02/22-rdf-syntax-ns#> SELECT DISTINCT ?uri WHERE { ?uri rdf:type yago:WikicatStatesOfTheUnitedStates ; dbp:mineral ?mineral FILTER regex(?mineral, ""gold"", ""i"") }",semantic,"PREFIX yago: <http://dbpedia.org/class/yago/> PREFIX dbp: <http://dbpedia.org/property/> PREFIX rdf: <http://www.w3.org/1999/02/22-rdf-syntax-ns#> SELECT DISTINCT ?uri WHERE { ?uri rdf:type yago:WikicatStatesOfTheUnitedStates ; dbp:currency ?mineral FILTER regex(?mineral, ""gold"", ""i"") }",['semantic'],"{
  ""id"": ""q26"",
  ""question"": ""Which U.S. states possess gold minerals?"",
  ""sparql_wrong"": ""PREFIX yago: <http://dbpedia.org/class/yago/> PREFIX dbp: <http://dbpedia.org/property/> PREFIX rdf: <http://www.w3.org/1999/02/22-rdf-syntax-ns#> SELECT DISTINCT ?uri WHERE { ?uri rdf:type yago:WikicatStatesOfTheUnitedStates ; dbp:currency ?mineral FILTER regex(?mineral, \""gold\"", \""i\"") }"",
  ""sparql_gold"": ""PREFIX yago: <http://dbpedia.org/class/yago/> PREFIX dbp: <http://dbpedia.org/property/> PREFIX rdf: <http://www.w3.org/1999/02/22-rdf-syntax-ns#> SELECT DISTINCT ?uri WHERE {{ ?uri rdf:type yago:WikicatStatesOfTheUnitedStates ; dbp:mineral ?mineral FILTER regex(?mineral, \""gold\"", \""i\"") }}"",
  ""error_types"": [""semantic""]
}"
q27,Who is the daughter of Ingrid Bergman married to?,PREFIX dbo: <http://dbpedia.org/ontology/> PREFIX res: <http://dbpedia.org/resource/> SELECT DISTINCT ?uri WHERE { res:Ingrid_Bergman dbo:child ?child . ?child <http://dbpedia.org/property/spouse> ?uri },semantic,PREFIX dbo: <http://dbpedia.org/ontology/> PREFIX res: <http://dbpedia.org/resource/> SELECT DISTINCT ?uri WHERE { res:Ingrid_Bergman dbo:parent ?child . ?child <http://dbpedia.org/property/spouse> ?uri },['semantic'],"{
  ""id"": ""q27"",
  ""question"": ""Who is the daughter of Ingrid Bergman married to?"",
  ""sparql_wrong"": ""PREFIX dbo: <http://dbpedia.org/ontology/> PREFIX res: <http://dbpedia.org/resource/> SELECT DISTINCT ?uri WHERE { res:Ingrid_Bergman dbo:parent ?child . ?child <http://dbpedia.org/property/spouse> ?uri }"",
  ""sparql_gold"": ""PREFIX dbo: <http://dbpedia.org/ontology/> PREFIX res: <http://dbpedia.org/resource/> SELECT DISTINCT ?uri WHERE {{ res:Ingrid_Bergman dbo:child ?child . ?child <http://dbpedia.org/property/spouse> ?uri }}"",
  ""error_types"": [""semantic""]
}"
q28,How deep is Lake Placid?,PREFIX dbo: <http://dbpedia.org/ontology/> SELECT DISTINCT ?n WHERE { <http://dbpedia.org/resource/Lake_Placid_(Texas)> dbo:maximumDepth ?n },structural,PREFIX dbo: <http://dbpedia.org/ontology/> SELECT DISTINCT ?n WHERE {{ ?n dbo:maximumDepth <http://dbpedia.org/resource/Lake_Placid_(Texas)> }},['structural'],"{
  ""id"": ""q28"",
  ""question"": ""How deep is Lake Placid?"",
  ""sparql_wrong"": ""PREFIX dbo: <http://dbpedia.org/ontology/> SELECT DISTINCT ?n WHERE {{ ?n dbo:maximumDepth <http://dbpedia.org/resource/Lake_Placid_(Texas)> }}"",
  ""sparql_gold"": ""PREFIX dbo: <http://dbpedia.org/ontology/> SELECT DISTINCT ?n WHERE {{ <http://dbpedia.org/resource/Lake_Placid_(Texas)> dbo:maximumDepth ?n }}"",
  ""error_types"": [""structural""]
}"
q29,Show me all museums in London.,SELECT DISTINCT ?uri WHERE { ?uri a <http://dbpedia.org/ontology/Museum> ; <http://dbpedia.org/ontology/location> <http://dbpedia.org/resource/London> },semantic,SELECT DISTINCT ?uri WHERE { ?uri a <http://dbpedia.org/ontology/Library> ; <http://dbpedia.org/ontology/location> <http://dbpedia.org/resource/London> },['semantic'],"{
  ""id"": ""q29"",
  ""question"": ""Show me all museums in London."",
  ""sparql_wrong"": ""SELECT DISTINCT ?uri WHERE { ?uri a <http://dbpedia.org/ontology/Library> ; <http://dbpedia.org/ontology/location> <http://dbpedia.org/resource/London> }"",
  ""sparql_gold"": ""SELECT DISTINCT ?uri WHERE {{ ?uri a <http://dbpedia.org/ontology/Museum> ; <http://dbpedia.org/ontology/location> <http://dbpedia.org/resource/London> }}"",
  ""error_types"": [""semantic""]
}"
q30,Which caves have more than 3 entrances?,SELECT DISTINCT ?uri WHERE { ?uri a <http://dbpedia.org/ontology/Cave> ; <http://dbpedia.org/property/entranceCount> ?entrance FILTER ( ?entrance > 3 ) },semantic,SELECT DISTINCT ?uri WHERE { ?uri a <http://dbpedia.org/ontology/Mountain> ; <http://dbpedia.org/property/entranceCount> ?entrance FILTER ( ?entrance > 3 ) },['semantic'],"{
  ""id"": ""q30"",
  ""question"": ""Which caves have more than 3 entrances?"",
  ""sparql_wrong"": ""SELECT DISTINCT ?uri WHERE { ?uri a <http://dbpedia.org/ontology/Mountain> ; <http://dbpedia.org/property/entranceCount> ?entrance FILTER ( ?entrance > 3 ) }"",
  ""sparql_gold"": ""SELECT DISTINCT ?uri WHERE {{ ?uri a <http://dbpedia.org/ontology/Cave> ; <http://dbpedia.org/property/entranceCount> ?entrance FILTER ( ?entrance > 3 ) }}"",
  ""error_types"": [""semantic""]
}"
q31,Who is the tallest player of the Atlanta Falcons?,SELECT DISTINCT ?uri WHERE { ?uri <http://dbpedia.org/ontology/team> <http://dbpedia.org/resource/Atlanta_Falcons> ; <http://dbpedia.org/ontology/height> ?h } ORDER BY DESC(?h) OFFSET 0 LIMIT 1,semantic,SELECT DISTINCT ?uri WHERE { ?uri <http://dbpedia.org/ontology/team> <http://dbpedia.org/resource/Atlanta_Falcons> ; <http://dbpedia.org/ontology/weight> ?h } ORDER BY DESC(?h) OFFSET 0 LIMIT 1,['semantic'],"{
  ""id"": ""q31"",
  ""question"": ""Who is the tallest player of the Atlanta Falcons?"",
  ""sparql_wrong"": ""SELECT DISTINCT ?uri WHERE { ?uri <http://dbpedia.org/ontology/team> <http://dbpedia.org/resource/Atlanta_Falcons> ; <http://dbpedia.org/ontology/weight> ?h } ORDER BY DESC(?h) OFFSET 0 LIMIT 1"",
  ""sparql_gold"": ""SELECT DISTINCT ?uri WHERE {{ ?uri <http://dbpedia.org/ontology/team> <http://dbpedia.org/resource/Atlanta_Falcons> ; <http://dbpedia.org/ontology/height> ?h }} ORDER BY DESC(?h) OFFSET 0 LIMIT 1"",
  ""error_types"": [""semantic""]
}"
q32,What are the top-10 action role-playing video games according to IGN?,SELECT DISTINCT ?uri WHERE { ?uri <http://purl.org/dc/terms/subject> <http://dbpedia.org/resource/Category:Action_role-playing_video_games> ; <http://dbpedia.org/property/ign> ?score } ORDER BY DESC(?score) LIMIT 10,semantic,SELECT DISTINCT ?uri WHERE { ?uri <http://purl.org/dc/terms/subject> <http://dbpedia.org/resource/Category:Action_role-playing_video_games> ; <http://dbpedia.org/property/metacritic> ?score } ORDER BY DESC(?score) LIMIT 10,['semantic'],"{
  ""id"": ""q32"",
  ""question"": ""What are the top-10 action role-playing video games according to IGN?"",
  ""sparql_wrong"": ""SELECT DISTINCT ?uri WHERE { ?uri <http://purl.org/dc/terms/subject> <http://dbpedia.org/resource/Category:Action_role-playing_video_games> ; <http://dbpedia.org/property/metacritic> ?score } ORDER BY DESC(?score) LIMIT 10"",
  ""sparql_gold"": ""SELECT DISTINCT ?uri WHERE {{ ?uri <http://purl.org/dc/terms/subject> <http://dbpedia.org/resource/Category:Action_role-playing_video_games> ; <http://dbpedia.org/property/ign> ?score }} ORDER BY DESC(?score) LIMIT 10"",
  ""error_types"": [""semantic""]
}"
q33,Give me all writers that won the Nobel Prize in literature.,SELECT DISTINCT ?uri WHERE { ?uri a <http://dbpedia.org/ontology/Writer> ; <http://dbpedia.org/ontology/award> <http://dbpedia.org/resource/Nobel_Prize_in_Literature> },semantic,SELECT DISTINCT ?uri WHERE { ?uri a <http://dbpedia.org/ontology/Artist> ; <http://dbpedia.org/ontology/award> <http://dbpedia.org/resource/Nobel_Prize_in_Literature> },['semantic'],"{
  ""id"": ""q33"",
  ""question"": ""Give me all writers that won the Nobel Prize in literature."",
  ""sparql_wrong"": ""SELECT DISTINCT ?uri WHERE { ?uri a <http://dbpedia.org/ontology/Artist> ; <http://dbpedia.org/ontology/award> <http://dbpedia.org/resource/Nobel_Prize_in_Literature> }"",
  ""sparql_gold"": ""SELECT DISTINCT ?uri WHERE {{ ?uri a <http://dbpedia.org/ontology/Writer> ; <http://dbpedia.org/ontology/award> <http://dbpedia.org/resource/Nobel_Prize_in_Literature> }}"",
  ""error_types"": [""semantic""]
}"
q34,Show me all basketball players that are higher than 2 meters.,SELECT DISTINCT ?uri WHERE { ?uri a <http://dbpedia.org/ontology/BasketballPlayer> ; <http://dbpedia.org/ontology/height> ?n FILTER ( ?n > 2.0 ) },semantic,SELECT DISTINCT ?uri WHERE {{ ?uri a <http://dbpedia.org/ontology/BasketballPlayer> ; <http://dbpedia.org/ontology/weight> ?n FILTER ( ?n > 2.0 ) }},['semantic'],"{
  ""id"": ""q34"",
  ""question"": ""Show me all basketball players that are higher than 2 meters."",
  ""sparql_wrong"": ""SELECT DISTINCT ?uri WHERE {{ ?uri a <http://dbpedia.org/ontology/BasketballPlayer> ; <http://dbpedia.org/ontology/weight> ?n FILTER ( ?n > 2.0 ) }}"",
  ""sparql_gold"": ""SELECT DISTINCT ?uri WHERE {{ ?uri a <http://dbpedia.org/ontology/BasketballPlayer> ; <http://dbpedia.org/ontology/height> ?n FILTER ( ?n > 2.0 ) }}"",
  ""error_types"": [""semantic""]
}"
q35,When was the Statue of Liberty built?,SELECT DISTINCT ?date WHERE { <http://dbpedia.org/resource/Statue_of_Liberty> <http://dbpedia.org/property/beginningDate> ?date },semantic,SELECT DISTINCT ?date WHERE { <http://dbpedia.org/resource/Statue_of_Liberty> <http://dbpedia.org/property/height> ?date },['semantic'],"{
  ""id"": ""q35"",
  ""question"": ""When was the Statue of Liberty built?"",
  ""sparql_wrong"": ""SELECT DISTINCT ?date WHERE { <http://dbpedia.org/resource/Statue_of_Liberty> <http://dbpedia.org/property/height> ?date }"",
  ""sparql_gold"": ""SELECT DISTINCT ?date WHERE {{ <http://dbpedia.org/resource/Statue_of_Liberty> <http://dbpedia.org/property/beginningDate> ?date }}"",
  ""error_types"": [""semantic""]
}"
q36,Which states border Illinois?,SELECT DISTINCT ?uri WHERE { <http://dbpedia.org/resource/Illinois> <http://dbpedia.org/property/borderingstates> ?uri },syntax,SELECT DISTINCT ?uri WHERE { <http://dbpedia.org/resource/Illinois> <http://dbpedia.org/property/borderingstates> ?uri ,['syntax'],"{
  ""id"": ""q36"",
  ""question"": ""Which states border Illinois?"",
  ""sparql_wrong"": ""SELECT DISTINCT ?uri WHERE { <http://dbpedia.org/resource/Illinois> <http://dbpedia.org/property/borderingstates> ?uri "",
  ""sparql_gold"": ""SELECT DISTINCT ?uri WHERE {{ <http://dbpedia.org/resource/Illinois> <http://dbpedia.org/property/borderingstates> ?uri }}"",
  ""error_types"": [""syntax""]
}"
q37,Who developed Minecraft?,SELECT DISTINCT ?uri WHERE { <http://dbpedia.org/resource/Minecraft> <http://dbpedia.org/ontology/developer> ?uri },semantic,SELECT DISTINCT ?uri WHERE { <http://dbpedia.org/resource/Minecraft> <http://dbpedia.org/ontology/publisher> ?uri },['semantic'],"{
  ""id"": ""q37"",
  ""question"": ""Who developed Minecraft?"",
  ""sparql_wrong"": ""SELECT DISTINCT ?uri WHERE { <http://dbpedia.org/resource/Minecraft> <http://dbpedia.org/ontology/publisher> ?uri }"",
  ""sparql_gold"": ""SELECT DISTINCT ?uri WHERE {{ <http://dbpedia.org/resource/Minecraft> <http://dbpedia.org/ontology/developer> ?uri }}"",
  ""error_types"": [""semantic""]
}"
q38,Where did Hillel Slovak die?,SELECT DISTINCT ?uri WHERE { <http://dbpedia.org/resource/Hillel_Slovak> <http://dbpedia.org/ontology/deathPlace> ?uri },semantic,SELECT DISTINCT ?uri WHERE {{ <http://dbpedia.org/resource/Hillel_Slovak> <http://dbpedia.org/ontology/birthPlace> ?uri }},['semantic'],"{
  ""id"": ""q38"",
  ""question"": ""Where did Hillel Slovak die?"",
  ""sparql_wrong"": ""SELECT DISTINCT ?uri WHERE {{ <http://dbpedia.org/resource/Hillel_Slovak> <http://dbpedia.org/ontology/birthPlace> ?uri }}"",
  ""sparql_gold"": ""SELECT DISTINCT ?uri WHERE {{ <http://dbpedia.org/resource/Hillel_Slovak> <http://dbpedia.org/ontology/deathPlace> ?uri }}"",
  ""error_types"": [""semantic""]
}"
q39,What movies does Jesse Eisenberg play in?,SELECT DISTINCT ?uri WHERE { ?uri a <http://dbpedia.org/ontology/Film> ; <http://dbpedia.org/ontology/starring> <http://dbpedia.org/resource/Jesse_Eisenberg> },syntax,SELECT DISTINCT ?uri WHERE { ?uri a <http://dbpedia.org/ontology/Film> ; <http://dbpedia.org/ontology/starring> <http://dbpedia.org/resource/Jesse_Eisenberg> },['syntax'],"{
  ""id"": ""q39"",
  ""question"": ""What movies does Jesse Eisenberg play in?"",
  ""sparql_wrong"": ""SELECT DISTINCT ?uri WHERE { ?uri a <http://dbpedia.org/ontology/Film> ; <http://dbpedia.org/ontology/starring> <http://dbpedia.org/resource/Jesse_Eisenberg> }"",
  ""sparql_gold"": ""SELECT DISTINCT ?uri WHERE {{ ?uri a <http://dbpedia.org/ontology/Film> ; <http://dbpedia.org/ontology/starring> <http://dbpedia.org/resource/Jesse_Eisenberg> }}"",
  ""error_types"": [""syntax""]
}"
q40,Give all swimmers that were born in Moscow.,SELECT DISTINCT ?uri WHERE { ?uri a <http://dbpedia.org/ontology/Swimmer> ; <http://dbpedia.org/ontology/birthPlace> <http://dbpedia.org/resource/Moscow> },semantic,SELECT DISTINCT ?uri WHERE { ?uri a <http://dbpedia.org/ontology/Writer> ; <http://dbpedia.org/ontology/birthPlace> <http://dbpedia.org/resource/Moscow> },['semantic'],"{
  ""id"": ""q40"",
  ""question"": ""Give all swimmers that were born in Moscow."",
  ""sparql_wrong"": ""SELECT DISTINCT ?uri WHERE { ?uri a <http://dbpedia.org/ontology/Writer> ; <http://dbpedia.org/ontology/birthPlace> <http://dbpedia.org/resource/Moscow> }"",
  ""sparql_gold"": ""SELECT DISTINCT ?uri WHERE {{ ?uri a <http://dbpedia.org/ontology/Swimmer> ; <http://dbpedia.org/ontology/birthPlace> <http://dbpedia.org/resource/Moscow> }}"",
  ""error_types"": [""semantic""]
}"
q41,Give me all cosmonauts.,SELECT DISTINCT ?uri WHERE { ?uri a <http://dbpedia.org/ontology/Astronaut> { ?uri <http://dbpedia.org/ontology/nationality> <http://dbpedia.org/resource/Russia> } UNION { ?uri <http://dbpedia.org/ontology/nationality> <http://dbpedia.org/resource/Soviet_Union> } },semantic,SELECT DISTINCT ?uri WHERE { { ?uri a <http://dbpedia.org/ontology/Artist> { ?uri <http://dbpedia.org/ontology/nationality> <http://dbpedia.org/resource/Russia> } UNION { ?uri <http://dbpedia.org/ontology/nationality> <http://dbpedia.org/resource/Soviet_Union> } } },['semantic'],"{
  ""id"": ""q41"",
  ""question"": ""Give me all cosmonauts."",
  ""sparql_wrong"": ""SELECT DISTINCT ?uri WHERE { { ?uri a <http://dbpedia.org/ontology/Artist> { ?uri <http://dbpedia.org/ontology/nationality> <http://dbpedia.org/resource/Russia> } UNION { ?uri <http://dbpedia.org/ontology/nationality> <http://dbpedia.org/resource/Soviet_Union> } } }"",
  ""sparql_gold"": ""SELECT DISTINCT ?uri WHERE {{ ?uri a <http://dbpedia.org/ontology/Astronaut> {{ ?uri <http://dbpedia.org/ontology/nationality> <http://dbpedia.org/resource/Russia> }} UNION {{ ?uri <http://dbpedia.org/ontology/nationality> <http://dbpedia.org/resource/Soviet_Union> }} }}"",
  ""error_types"": [""semantic""]
}"
q42,Give me all Swiss non-profit organizations.,SELECT DISTINCT ?uri WHERE { ?uri <http://dbpedia.org/ontology/type> <http://dbpedia.org/resource/Nonprofit_organization> { ?uri <http://dbpedia.org/ontology/location> <http://dbpedia.org/resource/Switzerland> } UNION { ?uri <http://dbpedia.org/ontology/location> ?x . ?x <http://dbpedia.org/ontology/country> <http://dbpedia.org/resource/Switzerland> } },semantic,SELECT DISTINCT ?uri WHERE {{ ?uri <http://dbpedia.org/ontology/type> <http://dbpedia.org/resource/Nonprofit_organization> {{ ?uri <http://dbpedia.org/ontology/birthPlace> <http://dbpedia.org/resource/Switzerland> }} UNION {{ ?uri <http://dbpedia.org/ontology/location> ?x . ?x <http://dbpedia.org/ontology/country> <http://dbpedia.org/resource/Switzerland> }} }},['semantic'],"{
  ""id"": ""q42"",
  ""question"": ""Give me all Swiss non-profit organizations."",
  ""sparql_wrong"": ""SELECT DISTINCT ?uri WHERE {{ ?uri <http://dbpedia.org/ontology/type> <http://dbpedia.org/resource/Nonprofit_organization> {{ ?uri <http://dbpedia.org/ontology/birthPlace> <http://dbpedia.org/resource/Switzerland> }} UNION {{ ?uri <http://dbpedia.org/ontology/location> ?x . ?x <http://dbpedia.org/ontology/country> <http://dbpedia.org/resource/Switzerland> }} }}"",
  ""sparql_gold"": ""SELECT DISTINCT ?uri WHERE {{ ?uri <http://dbpedia.org/ontology/type> <http://dbpedia.org/resource/Nonprofit_organization> {{ ?uri <http://dbpedia.org/ontology/location> <http://dbpedia.org/resource/Switzerland> }} UNION {{ ?uri <http://dbpedia.org/ontology/location> ?x . ?x <http://dbpedia.org/ontology/country> <http://dbpedia.org/resource/Switzerland> }} }}"",
  ""error_types"": [""semantic""]
}"
q43,Which presidents were born in 1945?,"SELECT DISTINCT ?uri WHERE { ?uri a <http://dbpedia.org/ontology/President> ; <http://dbpedia.org/ontology/birthDate> ?date FILTER regex(?date, ""^1945"") }",semantic,"SELECT DISTINCT ?uri WHERE { ?uri a <http://dbpedia.org/ontology/President> ; <http://dbpedia.org/ontology/deathDate> ?date FILTER regex(?date, ""^1945"") }",['semantic'],"{
  ""id"": ""q43"",
  ""question"": ""Which presidents were born in 1945?"",
  ""sparql_wrong"": ""SELECT DISTINCT ?uri WHERE { ?uri a <http://dbpedia.org/ontology/President> ; <http://dbpedia.org/ontology/deathDate> ?date FILTER regex(?date, \""^1945\"") }"",
  ""sparql_gold"": ""SELECT DISTINCT ?uri WHERE {{ ?uri a <http://dbpedia.org/ontology/President> ; <http://dbpedia.org/ontology/birthDate> ?date FILTER regex(?date, \""^1945\"") }}"",
  ""error_types"": [""semantic""]
}"
q44,What kind of music did Lou Reed play?,SELECT DISTINCT ?uri WHERE { <http://dbpedia.org/resource/Lou_Reed> <http://dbpedia.org/ontology/genre> ?uri },semantic,SELECT DISTINCT ?uri WHERE { <http://dbpedia.org/resource/Lou_Reed> <http://dbpedia.org/ontology/birthPlace> ?uri },['semantic'],"{
  ""id"": ""q44"",
  ""question"": ""What kind of music did Lou Reed play?"",
  ""sparql_wrong"": ""SELECT DISTINCT ?uri WHERE { <http://dbpedia.org/resource/Lou_Reed> <http://dbpedia.org/ontology/birthPlace> ?uri }"",
  ""sparql_gold"": ""SELECT DISTINCT ?uri WHERE {{ <http://dbpedia.org/resource/Lou_Reed> <http://dbpedia.org/ontology/genre> ?uri }}"",
  ""error_types"": [""semantic""]
}"
q45,Where do the Red Sox play?,SELECT DISTINCT ?uri WHERE { <http://dbpedia.org/resource/Boston_Red_Sox> <http://dbpedia.org/property/ballpark> ?uri },semantic,SELECT DISTINCT ?uri WHERE { <http://dbpedia.org/resource/Boston_Red_Sox> <http://dbpedia.org/property/coach> ?uri },['semantic'],"{
  ""id"": ""q45"",
  ""question"": ""Where do the Red Sox play?"",
  ""sparql_wrong"": ""SELECT DISTINCT ?uri WHERE { <http://dbpedia.org/resource/Boston_Red_Sox> <http://dbpedia.org/property/coach> ?uri }"",
  ""sparql_gold"": ""SELECT DISTINCT ?uri WHERE {{ <http://dbpedia.org/resource/Boston_Red_Sox> <http://dbpedia.org/property/ballpark> ?uri }}"",
  ""error_types"": [""semantic""]
}"
q46,Show a list of soccer clubs that play in the Bundesliga.,SELECT DISTINCT ?uri WHERE { ?uri a <http://dbpedia.org/ontology/SoccerClub> ; <http://dbpedia.org/ontology/league> <http://dbpedia.org/resource/Bundesliga> },semantic,SELECT DISTINCT ?uri WHERE { ?uri a <http://dbpedia.org/ontology/BasketballTeam> ; <http://dbpedia.org/ontology/league> <http://dbpedia.org/resource/Bundesliga> },['semantic'],"{
  ""id"": ""q46"",
  ""question"": ""Show a list of soccer clubs that play in the Bundesliga."",
  ""sparql_wrong"": ""SELECT DISTINCT ?uri WHERE { ?uri a <http://dbpedia.org/ontology/BasketballTeam> ; <http://dbpedia.org/ontology/league> <http://dbpedia.org/resource/Bundesliga> }"",
  ""sparql_gold"": ""SELECT DISTINCT ?uri WHERE {{ ?uri a <http://dbpedia.org/ontology/SoccerClub> ; <http://dbpedia.org/ontology/league> <http://dbpedia.org/resource/Bundesliga> }}"",
  ""error_types"": [""semantic""]
}"
q47,Which volcanos in Japan erupted since 2000?,SELECT DISTINCT ?uri WHERE { ?uri a <http://dbpedia.org/ontology/Volcano> ; <http://dbpedia.org/ontology/locatedInArea> <http://dbpedia.org/resource/Japan> ; <http://dbpedia.org/ontology/eruptionYear> ?date FILTER ( year(?date) >= 2000 ) },semantic,SELECT DISTINCT ?uri WHERE { ?uri a <http://dbpedia.org/ontology/River> ; <http://dbpedia.org/ontology/locatedInArea> <http://dbpedia.org/resource/Japan> ; <http://dbpedia.org/ontology/eruptionYear> ?date FILTER ( year(?date) >= 2000 ) },['semantic'],"{
  ""id"": ""q47"",
  ""question"": ""Which volcanos in Japan erupted since 2000?"",
  ""sparql_wrong"": ""SELECT DISTINCT ?uri WHERE { ?uri a <http://dbpedia.org/ontology/River> ; <http://dbpedia.org/ontology/locatedInArea> <http://dbpedia.org/resource/Japan> ; <http://dbpedia.org/ontology/eruptionYear> ?date FILTER ( year(?date) >= 2000 ) }"",
  ""sparql_gold"": ""SELECT DISTINCT ?uri WHERE {{ ?uri a <http://dbpedia.org/ontology/Volcano> ; <http://dbpedia.org/ontology/locatedInArea> <http://dbpedia.org/resource/Japan> ; <http://dbpedia.org/ontology/eruptionYear> ?date FILTER ( year(?date) >= 2000 ) }}"",
  ""error_types"": [""semantic""]
}"
q48,Which bridges cross the Seine?,SELECT DISTINCT ?uri WHERE { ?uri a <http://dbpedia.org/ontology/Bridge> ; <http://dbpedia.org/ontology/crosses> <http://dbpedia.org/resource/Seine> },semantic,SELECT DISTINCT ?uri WHERE { ?uri a <http://dbpedia.org/ontology/Bridge> ; <http://dbpedia.org/ontology/crosses> <http://dbpedia.org/resource/Loire> },['semantic'],"{
  ""id"": ""q48"",
  ""question"": ""Which bridges cross the Seine?"",
  ""sparql_wrong"": ""SELECT DISTINCT ?uri WHERE { ?uri a <http://dbpedia.org/ontology/Bridge> ; <http://dbpedia.org/ontology/crosses> <http://dbpedia.org/resource/Loire> }"",
  ""sparql_gold"": ""SELECT DISTINCT ?uri WHERE {{ ?uri a <http://dbpedia.org/ontology/Bridge> ; <http://dbpedia.org/ontology/crosses> <http://dbpedia.org/resource/Seine> }}"",
  ""error_types"": [""semantic""]
}"
q49,What is the official color of the University of Oxford?,SELECT DISTINCT ?string WHERE { <http://dbpedia.org/resource/University_of_Oxford> <http://dbpedia.org/ontology/officialSchoolColour> ?string },syntax,SELECT DISTINCT ?string WHERE { <http://dbpedia.org/resource/University_of_Oxford> <http://dbpedia.org/ontology/officialSchoolColour> ?string ,['syntax'],"{
  ""id"": ""q49"",
  ""question"": ""What is the official color of the University of Oxford?"",
  ""sparql_wrong"": ""SELECT DISTINCT ?string WHERE { <http://dbpedia.org/resource/University_of_Oxford> <http://dbpedia.org/ontology/officialSchoolColour> ?string "",
  ""sparql_gold"": ""SELECT DISTINCT ?string WHERE {{ <http://dbpedia.org/resource/University_of_Oxford> <http://dbpedia.org/ontology/officialSchoolColour> ?string }}"",
  ""error_types"": [""syntax""]
}"
q50,How many films did Hal Roach produce?,SELECT (COUNT(DISTINCT ?uri) AS ?c) WHERE { ?uri <http://dbpedia.org/ontology/producer> <http://dbpedia.org/resource/Hal_Roach> },syntax,,['syntax'],
q51,Give me all Danish movies.,SELECT DISTINCT ?uri WHERE { ?uri a <http://dbpedia.org/ontology/Film> ; <http://dbpedia.org/ontology/country> <http://dbpedia.org/resource/Denmark> },semantic,SELECT DISTINCT ?uri WHERE { ?uri a <http://dbpedia.org/ontology/Book> ; <http://dbpedia.org/ontology/country> <http://dbpedia.org/resource/Denmark> },['semantic'],"{
  ""id"": ""q51"",
  ""question"": ""Give me all Danish movies."",
  ""sparql_wrong"": ""SELECT DISTINCT ?uri WHERE { ?uri a <http://dbpedia.org/ontology/Book> ; <http://dbpedia.org/ontology/country> <http://dbpedia.org/resource/Denmark> }"",
  ""sparql_gold"": ""SELECT DISTINCT ?uri WHERE {{ ?uri a <http://dbpedia.org/ontology/Film> ; <http://dbpedia.org/ontology/country> <http://dbpedia.org/resource/Denmark> }}"",
  ""error_types"": [""semantic""]
}"
q52,What is the most frequent cause of death?,SELECT DISTINCT ?x WHERE { ?uri <http://dbpedia.org/ontology/deathCause> ?x . } ORDER BY DESC(COUNT(DISTINCT ?uri)) OFFSET 0 LIMIT 1,structural,SELECT DISTINCT ?x WHERE {{ ?x <http://dbpedia.org/ontology/deathCause> ?uri . }} ORDER BY DESC(COUNT(DISTINCT ?uri)) OFFSET 0 LIMIT 1,['structural'],"{
  ""id"": ""q52"",
  ""question"": ""What is the most frequent cause of death?"",
  ""sparql_wrong"": ""SELECT DISTINCT ?x WHERE {{ ?x <http://dbpedia.org/ontology/deathCause> ?uri . }} ORDER BY DESC(COUNT(DISTINCT ?uri)) OFFSET 0 LIMIT 1"",
  ""sparql_gold"": ""SELECT DISTINCT ?x WHERE {{ ?uri <http://dbpedia.org/ontology/deathCause> ?x . }} ORDER BY DESC(COUNT(DISTINCT ?uri)) OFFSET 0 LIMIT 1"",
  ""error_types"": [""structural""]
}"
q53,Who are the four youngest MVP basketball players?,"SELECT DISTINCT ?uri WHERE { ?uri a <http://dbpedia.org/ontology/BasketballPlayer> ; <http://dbpedia.org/ontology/birthDate> ?date ; <http://dbpedia.org/property/highlights> ?h FILTER regex(?h, ""MVP"") } ORDER BY DESC(?date) OFFSET 0 LIMIT 4",syntax,"SELECT DISTINCT ?uri WHERE { ?uri a <http://dbpedia.org/ontology/BasketballPlayer> ; <http://dbpedia.org/ontology/birthDate> ?date ; <http://dbpedia.org/property/highlights> ?h FILTER regex(?h, ""MVP"") } ORDER BY DESC(?date) OFFSET 0 LIMIT 4",['syntax'],"{
  ""id"": ""q53"",
  ""question"": ""Who are the four youngest MVP basketball players?"",
  ""sparql_wrong"": ""SELECT DISTINCT ?uri WHERE { ?uri a <http://dbpedia.org/ontology/BasketballPlayer> ; <http://dbpedia.org/ontology/birthDate> ?date ; <http://dbpedia.org/property/highlights> ?h FILTER regex(?h, \""MVP\"") } ORDER BY DESC(?date) OFFSET 0 LIMIT 4"",
  ""sparql_gold"": ""SELECT DISTINCT ?uri WHERE {{ ?uri a <http://dbpedia.org/ontology/BasketballPlayer> ; <http://dbpedia.org/ontology/birthDate> ?date ; <http://dbpedia.org/property/highlights> ?h FILTER regex(?h, \""MVP\"") }} ORDER BY DESC(?date) OFFSET 0 LIMIT 4"",
  ""error_types"": [""syntax""]
}"
q54,Give me all companies in Munich.,SELECT DISTINCT ?uri WHERE { ?uri a <http://dbpedia.org/ontology/Company> { ?uri <http://dbpedia.org/ontology/location> <http://dbpedia.org/resource/Munich> } UNION { ?uri <http://dbpedia.org/ontology/headquarter> <http://dbpedia.org/resource/Munich> } UNION { ?uri <http://dbpedia.org/ontology/locationCity> <http://dbpedia.org/resource/Munich> } },semantic,SELECT DISTINCT ?uri WHERE { { ?uri a <http://dbpedia.org/ontology/Person> { ?uri <http://dbpedia.org/ontology/location> <http://dbpedia.org/resource/Munich> } UNION { ?uri <http://dbpedia.org/ontology/headquarter> <http://dbpedia.org/resource/Munich> } UNION { ?uri <http://dbpedia.org/ontology/locationCity> <http://dbpedia.org/resource/Munich> } } },['semantic'],"{
  ""id"": ""q54"",
  ""question"": ""Give me all companies in Munich."",
  ""sparql_wrong"": ""SELECT DISTINCT ?uri WHERE { { ?uri a <http://dbpedia.org/ontology/Person> { ?uri <http://dbpedia.org/ontology/location> <http://dbpedia.org/resource/Munich> } UNION { ?uri <http://dbpedia.org/ontology/headquarter> <http://dbpedia.org/resource/Munich> } UNION { ?uri <http://dbpedia.org/ontology/locationCity> <http://dbpedia.org/resource/Munich> } } }"",
  ""sparql_gold"": ""SELECT DISTINCT ?uri WHERE {{ ?uri a <http://dbpedia.org/ontology/Company> {{ ?uri <http://dbpedia.org/ontology/location> <http://dbpedia.org/resource/Munich> }} UNION {{ ?uri <http://dbpedia.org/ontology/headquarter> <http://dbpedia.org/resource/Munich> }} UNION {{ ?uri <http://dbpedia.org/ontology/locationCity> <http://dbpedia.org/resource/Munich> }} }}"",
  ""error_types"": [""semantic""]
}"
q55,Give me the capitals of all countries that the Himalayas run through.,SELECT DISTINCT ?uri WHERE { <http://dbpedia.org/resource/Himalayas> <http://dbpedia.org/ontology/country> ?country . ?country <http://dbpedia.org/ontology/capital> ?uri },semantic,SELECT DISTINCT ?uri WHERE { <http://dbpedia.org/resource/Himalayas> <http://dbpedia.org/ontology/country> ?country . ?country <http://dbpedia.org/ontology/leader> ?uri },['semantic'],"{
  ""id"": ""q55"",
  ""question"": ""Give me the capitals of all countries that the Himalayas run through."",
  ""sparql_wrong"": ""SELECT DISTINCT ?uri WHERE { <http://dbpedia.org/resource/Himalayas> <http://dbpedia.org/ontology/country> ?country . ?country <http://dbpedia.org/ontology/leader> ?uri }"",
  ""sparql_gold"": ""SELECT DISTINCT ?uri WHERE {{ <http://dbpedia.org/resource/Himalayas> <http://dbpedia.org/ontology/country> ?country . ?country <http://dbpedia.org/ontology/capital> ?uri }}"",
  ""error_types"": [""semantic""]
}"
q56,How many movies did Park Chan-wook direct?,SELECT COUNT(DISTINCT ?uri AS ?uri) WHERE { ?uri <http://dbpedia.org/ontology/director> <http://dbpedia.org/resource/Park_Chan-wook> . },semantic,SELECT COUNT(DISTINCT ?uri AS ?uri) WHERE { ?uri <http://dbpedia.org/ontology/producer> <http://dbpedia.org/resource/Park_Chan-wook> . },['semantic'],"{
  ""id"": ""q56"",
  ""question"": ""How many movies did Park Chan-wook direct?"",
  ""sparql_wrong"": ""SELECT COUNT(DISTINCT ?uri AS ?uri) WHERE { ?uri <http://dbpedia.org/ontology/producer> <http://dbpedia.org/resource/Park_Chan-wook> . }"",
  ""sparql_gold"": ""SELECT COUNT(DISTINCT ?uri AS ?uri) WHERE {{ ?uri <http://dbpedia.org/ontology/director> <http://dbpedia.org/resource/Park_Chan-wook> . }}"",
  ""error_types"": [""semantic""]
}"
q57,Which rivers flow into a German lake?,SELECT DISTINCT ?uri WHERE { ?uri a <http://dbpedia.org/ontology/River> . ?x <http://dbpedia.org/ontology/inflow> ?uri ; a <http://dbpedia.org/ontology/Lake> ; <http://dbpedia.org/ontology/country> <http://dbpedia.org/resource/Germany> },semantic,SELECT DISTINCT ?uri WHERE { ?uri a <http://dbpedia.org/ontology/Lake> . ?x <http://dbpedia.org/ontology/inflow> ?uri ; a <http://dbpedia.org/ontology/River> ; <http://dbpedia.org/ontology/country> <http://dbpedia.org/resource/Germany> },['semantic'],"{
  ""id"": ""q57"",
  ""question"": ""Which rivers flow into a German lake?"",
  ""sparql_wrong"": ""SELECT DISTINCT ?uri WHERE { ?uri a <http://dbpedia.org/ontology/Lake> . ?x <http://dbpedia.org/ontology/inflow> ?uri ; a <http://dbpedia.org/ontology/River> ; <http://dbpedia.org/ontology/country> <http://dbpedia.org/resource/Germany> }"",
  ""sparql_gold"": ""SELECT DISTINCT ?uri WHERE {{ ?uri a <http://dbpedia.org/ontology/River> . ?x <http://dbpedia.org/ontology/inflow> ?uri ; a <http://dbpedia.org/ontology/Lake> ; <http://dbpedia.org/ontology/country> <http://dbpedia.org/resource/Germany> }}"",
  ""error_types"": [""semantic""]
}"
q58,How many airlines are there?,SELECT (COUNT(DISTINCT ?uri) AS ?c) WHERE { ?uri a <http://dbpedia.org/ontology/Airline> },semantic,SELECT (COUNT(DISTINCT ?uri) AS ?c) WHERE { ?uri a <http://dbpedia.org/ontology/Airport> },['semantic'],"{
  ""id"": ""q58"",
  ""question"": ""How many airlines are there?"",
  ""sparql_wrong"": ""SELECT (COUNT(DISTINCT ?uri) AS ?c) WHERE { ?uri a <http://dbpedia.org/ontology/Airport> }"",
  ""sparql_gold"": ""SELECT (COUNT(DISTINCT ?uri) AS ?c) WHERE {{ ?uri a <http://dbpedia.org/ontology/Airline> }}"",
  ""error_types"": [""semantic""]
}"
q59,Give me all islands that belong to Japan.,SELECT DISTINCT ?uri WHERE { ?uri a <http://dbpedia.org/ontology/Island> ; <http://dbpedia.org/ontology/country> <http://dbpedia.org/resource/Japan> },syntax,SELECT DISTINCT ?uri WHERE { { ?uri a <http://dbpedia.org/ontology/Island> ; <http://dbpedia.org/ontology/country> <http://dbpedia.org/resource/Japan> },['syntax'],"{
  ""id"": ""q59"",
  ""question"": ""Give me all islands that belong to Japan."",
  ""sparql_wrong"": ""SELECT DISTINCT ?uri WHERE { { ?uri a <http://dbpedia.org/ontology/Island> ; <http://dbpedia.org/ontology/country> <http://dbpedia.org/resource/Japan> }"", 
  ""sparql_gold"": ""SELECT DISTINCT ?uri WHERE {{ ?uri a <http://dbpedia.org/ontology/Island> ; <http://dbpedia.org/ontology/country> <http://dbpedia.org/resource/Japan> }}"",
  ""error_types"": [""syntax""]
}"
q60,How many inhabitants does Maribor have?,SELECT DISTINCT ?num WHERE { <http://dbpedia.org/resource/Maribor> <http://dbpedia.org/ontology/populationTotal> ?num },semantic,SELECT DISTINCT ?num WHERE { <http://dbpedia.org/resource/Maribor> <http://dbpedia.org/ontology/areaTotal> ?num },['semantic'],"{
  ""id"": ""q60"",
  ""question"": ""How many inhabitants does Maribor have?"",
  ""sparql_wrong"": ""SELECT DISTINCT ?num WHERE { <http://dbpedia.org/resource/Maribor> <http://dbpedia.org/ontology/areaTotal> ?num }"",
  ""sparql_gold"": ""SELECT DISTINCT ?num WHERE { <http://dbpedia.org/resource/Maribor> <http://dbpedia.org/ontology/populationTotal> ?num }"",
  ""error_types"": [""semantic""]
}"
q61,Give me all Apollo 14 astronauts.,SELECT DISTINCT ?uri WHERE { ?uri <http://dbpedia.org/ontology/mission> <http://dbpedia.org/resource/Apollo_14> },semantic,SELECT DISTINCT ?uri WHERE { ?uri <http://dbpedia.org/ontology/mission> <http://dbpedia.org/resource/Apollo_13> },['semantic'],"{
  ""id"": ""q61"",
  ""question"": ""Give me all Apollo 14 astronauts."",
  ""sparql_wrong"": ""SELECT DISTINCT ?uri WHERE { ?uri <http://dbpedia.org/ontology/mission> <http://dbpedia.org/resource/Apollo_13> }"",
  ""sparql_gold"": ""SELECT DISTINCT ?uri WHERE {{ ?uri <http://dbpedia.org/ontology/mission> <http://dbpedia.org/resource/Apollo_14> }}"",
  ""error_types"": [""semantic""]
}"
q62,Which companies have more than 1 million employees?,SELECT DISTINCT ?uri WHERE { ?uri a <http://dbpedia.org/ontology/Company> { ?uri <http://dbpedia.org/ontology/numberOfEmployees> ?n } UNION { ?uri <http://dbpedia.org/property/numEmployees> ?n } FILTER ( ?n > 1000000 ) },semantic,SELECT DISTINCT ?uri WHERE {{ ?uri a <http://dbpedia.org/ontology/Company> {{ ?uri <http://dbpedia.org/ontology/revenue> ?n }} UNION {{ ?uri <http://dbpedia.org/property/numEmployees> ?n }} FILTER ( ?n > 1000000 ) }},['semantic'],"{
  ""id"": ""q62"",
  ""question"": ""Which companies have more than 1 million employees?"",
  ""sparql_wrong"": ""SELECT DISTINCT ?uri WHERE {{ ?uri a <http://dbpedia.org/ontology/Company> {{ ?uri <http://dbpedia.org/ontology/revenue> ?n }} UNION {{ ?uri <http://dbpedia.org/property/numEmployees> ?n }} FILTER ( ?n > 1000000 ) }}"",
  ""sparql_gold"": ""SELECT DISTINCT ?uri WHERE {{ ?uri a <http://dbpedia.org/ontology/Company> {{ ?uri <http://dbpedia.org/ontology/numberOfEmployees> ?n }} UNION {{ ?uri <http://dbpedia.org/property/numEmployees> ?n }} FILTER ( ?n > 1000000 ) }}"",
  ""error_types"": [""semantic""]
}"
q63,In which films directed by Garry Marshall was Julia Roberts starring?,SELECT DISTINCT ?uri WHERE { ?uri a <http://dbpedia.org/ontology/Film> ; <http://dbpedia.org/ontology/starring> <http://dbpedia.org/resource/Julia_Roberts> ; <http://dbpedia.org/ontology/director> <http://dbpedia.org/resource/Garry_Marshall> },semantic,SELECT DISTINCT ?uri WHERE { { ?uri a <http://dbpedia.org/ontology/Film> ; <http://dbpedia.org/ontology/starring> <http://dbpedia.org/resource/Jules_Roberts> ; <http://dbpedia.org/ontology/director> <http://dbpedia.org/resource/Garry_Marshall> } },['semantic'],"{
  ""id"": ""q63"",
  ""question"": ""In which films directed by Garry Marshall was Julia Roberts starring?"",
  ""sparql_wrong"": ""SELECT DISTINCT ?uri WHERE { { ?uri a <http://dbpedia.org/ontology/Film> ; <http://dbpedia.org/ontology/starring> <http://dbpedia.org/resource/Jules_Roberts> ; <http://dbpedia.org/ontology/director> <http://dbpedia.org/resource/Garry_Marshall> } }"",
  ""sparql_gold"": ""SELECT DISTINCT ?uri WHERE {{ ?uri a <http://dbpedia.org/ontology/Film> ; <http://dbpedia.org/ontology/starring> <http://dbpedia.org/resource/Julia_Roberts> ; <http://dbpedia.org/ontology/director> <http://dbpedia.org/resource/Garry_Marshall> }}"",
  ""error_types"": [""semantic""]
}"
q64,Give me all soccer clubs in the Premier League.,SELECT DISTINCT ?uri WHERE { ?uri a <http://dbpedia.org/ontology/SoccerClub> ; <http://dbpedia.org/ontology/league> <http://dbpedia.org/resource/Premier_League> },syntax,SELECT DISTINCT ?uri WHERE { ?uri a <http://dbpedia.org/ontology/SoccerClub> ; <http://dbpedia.org/ontology/league> <http://dbpedia.org/resource/Premier_League> },['syntax'],"{
  ""id"": ""q64"",
  ""question"": ""Give me all soccer clubs in the Premier League."",
  ""sparql_wrong"": ""SELECT DISTINCT ?uri WHERE { ?uri a <http://dbpedia.org/ontology/SoccerClub> ; <http://dbpedia.org/ontology/league> <http://dbpedia.org/resource/Premier_League> }"",
  ""sparql_gold"": ""SELECT DISTINCT ?uri WHERE {{ ?uri a <http://dbpedia.org/ontology/SoccerClub> ; <http://dbpedia.org/ontology/league> <http://dbpedia.org/resource/Premier_League> }}"",
  ""error_types"": [""syntax""]
}"
q65,What is the highest place of the Urals?,SELECT DISTINCT ?uri WHERE { <http://dbpedia.org/resource/Ural_Mountains> <http://dbpedia.org/property/highest> ?uri },syntax,SELECT DISTINCT ?uri WHERE { <http://dbpedia.org/resource/Ural_Mountains> <http://dbpedia.org/property/highest> ?uri ,['syntax'],"{
  ""id"": ""q65"",
  ""question"": ""What is the highest place of the Urals?"",
  ""sparql_wrong"": ""SELECT DISTINCT ?uri WHERE { <http://dbpedia.org/resource/Ural_Mountains> <http://dbpedia.org/property/highest> ?uri "",
  ""sparql_gold"": ""SELECT DISTINCT ?uri WHERE {{ <http://dbpedia.org/resource/Ural_Mountains> <http://dbpedia.org/property/highest> ?uri }}"",
  ""error_types"": [""syntax""]
}"
q66,Who is the governor of Wyoming?,SELECT DISTINCT ?uri WHERE { <http://dbpedia.org/resource/Wyoming> <http://dbpedia.org/property/governor> ?uri },semantic,SELECT DISTINCT ?uri WHERE { <http://dbpedia.org/resource/Wyoming> <http://dbpedia.org/property/president> ?uri },['semantic'],"{
  ""id"": ""q66"",
  ""question"": ""Who is the governor of Wyoming?"",
  ""sparql_wrong"": ""SELECT DISTINCT ?uri WHERE { <http://dbpedia.org/resource/Wyoming> <http://dbpedia.org/property/president> ?uri }"",
  ""sparql_gold"": ""SELECT DISTINCT ?uri WHERE {{ <http://dbpedia.org/resource/Wyoming> <http://dbpedia.org/property/governor> ?uri }}"",
  ""error_types"": [""semantic""]
}"
q67,Where did the architect of the Eiffel Tower study?,SELECT DISTINCT ?uri WHERE { <http://dbpedia.org/resource/Eiffel_Tower> <http://dbpedia.org/ontology/architect> ?x . ?x <http://dbpedia.org/property/almaMater> ?uri },semantic,SELECT DISTINCT ?uri WHERE { <http://dbpedia.org/resource/Eiffel_Tower> <http://dbpedia.org/ontology/architect> ?x . ?x <http://dbpedia.org/ontology/almaMater> ?uri },['semantic'],"{
  ""id"": ""q67"",
  ""question"": ""Where did the architect of the Eiffel Tower study?"",
  ""sparql_wrong"": ""SELECT DISTINCT ?uri WHERE { <http://dbpedia.org/resource/Eiffel_Tower> <http://dbpedia.org/ontology/architect> ?x . ?x <http://dbpedia.org/ontology/almaMater> ?uri }"",
  ""sparql_gold"": ""SELECT DISTINCT ?uri WHERE {{ <http://dbpedia.org/resource/Eiffel_Tower> <http://dbpedia.org/ontology/architect> ?x . ?x <http://dbpedia.org/property/almaMater> ?uri }}"",
  ""error_types"": [""semantic""]
}"
q68,Give me all world heritage sites designated within the past two years.,SELECT DISTINCT ?uri WHERE { ?uri <http://www.w3.org/1999/02/22-rdf-syntax-ns#type> <http://dbpedia.org/ontology/WorldHeritageSite> . { ?uri <http://dbpedia.org/property/year> '2013'^^xsd:integer . } UNION { ?uri <http://dbpedia.org/property/year> '2014'^^xsd:integer . } },syntax,SELECT DISTINCT ?uri WHERE { ?uri <http://www.w3.org/1999/02/22-rdf-syntax-ns#type> <http://dbpedia.org/ontology/WorldHeritageSite> . {{ ?uri <http://dbpedia.org/property/year> '2013'^^xsd:integer . }} UNION {{ ?uri <http://dbpedia.org/property/year> '2014'^^xsd:integer . }} }},['syntax'],"{
  ""id"": ""q68"",
  ""question"": ""Give me all world heritage sites designated within the past two years."",
  ""sparql_wrong"": ""SELECT DISTINCT ?uri WHERE { ?uri <http://www.w3.org/1999/02/22-rdf-syntax-ns#type> <http://dbpedia.org/ontology/WorldHeritageSite> . {{ ?uri <http://dbpedia.org/property/year> '2013'^^xsd:integer . }} UNION {{ ?uri <http://dbpedia.org/property/year> '2014'^^xsd:integer . }} }}"",
  ""sparql_gold"": ""SELECT DISTINCT ?uri WHERE {{ ?uri <http://www.w3.org/1999/02/22-rdf-syntax-ns#type> <http://dbpedia.org/ontology/WorldHeritageSite> . {{ ?uri <http://dbpedia.org/property/year> '2013'^^xsd:integer . }} UNION {{ ?uri <http://dbpedia.org/property/year> '2014'^^xsd:integer . }} }}"",
  ""error_types"": [""syntax""]
}"
q69,Give me all actors who were born in Paris after 1950.,SELECT DISTINCT ?uri WHERE { ?uri <http://www.w3.org/1999/02/22-rdf-syntax-ns#type> <http://dbpedia.org/ontology/Actor> . ?uri <http://dbpedia.org/ontology/birthPlace> <http://dbpedia.org/resource/Paris> . ?uri <http://dbpedia.org/ontology/birthDate> ?date . FILTER ( ?date >= xsd:dateTime('1950-12-31T00:00:00Z')) },semantic,SELECT DISTINCT ?uri WHERE { ?uri <http://www.w3.org/1999/02/22-rdf-syntax-ns#type> <http://dbpedia.org/ontology/Film> . ?uri <http://dbpedia.org/ontology/birthPlace> <http://dbpedia.org/resource/Paris> . ?uri <http://dbpedia.org/ontology/birthDate> ?date . FILTER ( ?date >= xsd:dateTime('1950-12-31T00:00:00Z')) },['semantic'],"{
  ""id"": ""q69"",
  ""question"": ""Give me all actors who were born in Paris after 1950."",
  ""sparql_wrong"": ""SELECT DISTINCT ?uri WHERE { ?uri <http://www.w3.org/1999/02/22-rdf-syntax-ns#type> <http://dbpedia.org/ontology/Film> . ?uri <http://dbpedia.org/ontology/birthPlace> <http://dbpedia.org/resource/Paris> . ?uri <http://dbpedia.org/ontology/birthDate> ?date . FILTER ( ?date >= xsd:dateTime('1950-12-31T00:00:00Z')) }"",
  ""sparql_gold"": ""SELECT DISTINCT ?uri WHERE {{ ?uri <http://www.w3.org/1999/02/22-rdf-syntax-ns#type> <http://dbpedia.org/ontology/Actor> . ?uri <http://dbpedia.org/ontology/birthPlace> <http://dbpedia.org/resource/Paris> . ?uri <http://dbpedia.org/ontology/birthDate> ?date . FILTER ( ?date >= xsd:dateTime('1950-12-31T00:00:00Z')) }}"",
  ""error_types"": [""semantic""]
}"
q70,Which movies star both Liz Taylor and Richard Burton?,SELECT DISTINCT ?uri WHERE { ?uri <http://dbpedia.org/ontology/starring> <http://dbpedia.org/resource/Elizabeth_Taylor> ; <http://dbpedia.org/ontology/starring> <http://dbpedia.org/resource/Richard_Burton> },semantic,SELECT DISTINCT ?uri WHERE { ?uri <http://dbpedia.org/ontology/author> <http://dbpedia.org/resource/Elizabeth_Taylor> ; <http://dbpedia.org/ontology/starring> <http://dbpedia.org/resource/Richard_Burton> },['semantic'],"{
  ""id"": ""q70"",
  ""question"": ""Which movies star both Liz Taylor and Richard Burton?"",
  ""sparql_wrong"": ""SELECT DISTINCT ?uri WHERE { ?uri <http://dbpedia.org/ontology/author> <http://dbpedia.org/resource/Elizabeth_Taylor> ; <http://dbpedia.org/ontology/starring> <http://dbpedia.org/resource/Richard_Burton> }"",
  ""sparql_gold"": ""SELECT DISTINCT ?uri WHERE {{ ?uri <http://dbpedia.org/ontology/starring> <http://dbpedia.org/resource/Elizabeth_Taylor> ; <http://dbpedia.org/ontology/starring> <http://dbpedia.org/resource/Richard_Burton> }}"",
  ""error_types"": [""semantic""]
}"
q71,Give me all Australian nonprofit organizations.,SELECT DISTINCT ?uri WHERE { ?uri <http://dbpedia.org/ontology/type> <http://dbpedia.org/resource/Nonprofit_organization> { ?uri <http://dbpedia.org/ontology/locationCountry> <http://dbpedia.org/resource/Australia> } UNION { ?uri <http://dbpedia.org/ontology/location> ?x . ?x <http://dbpedia.org/ontology/country> <http://dbpedia.org/resource/Australia> } },syntax,SELECT DISTINCT ?uri WHERE { { ?uri <http://dbpedia.org/ontology/type> <http://dbpedia.org/resource/Nonprofit_organization> {{ ?uri <http://dbpedia.org/ontology/locationCountry> <http://dbpedia.org/resource/Australia> }} UNION {{ ?uri <http://dbpedia.org/ontology/location> ?x . ?x <http://dbpedia.org/ontology/country> <http://dbpedia.org/resource/Australia> }} },['syntax'],"{
  ""id"": ""q71"",
  ""question"": ""Give me all Australian nonprofit organizations."",
  ""sparql_wrong"": ""SELECT DISTINCT ?uri WHERE { { ?uri <http://dbpedia.org/ontology/type> <http://dbpedia.org/resource/Nonprofit_organization> {{ ?uri <http://dbpedia.org/ontology/locationCountry> <http://dbpedia.org/resource/Australia> }} UNION {{ ?uri <http://dbpedia.org/ontology/location> ?x . ?x <http://dbpedia.org/ontology/country> <http://dbpedia.org/resource/Australia> }} }"",
  ""sparql_gold"": ""SELECT DISTINCT ?uri WHERE {{ ?uri <http://dbpedia.org/ontology/type> <http://dbpedia.org/resource/Nonprofit_organization> {{ ?uri <http://dbpedia.org/ontology/locationCountry> <http://dbpedia.org/resource/Australia> }} UNION {{ ?uri <http://dbpedia.org/ontology/location> ?x . ?x <http://dbpedia.org/ontology/country> <http://dbpedia.org/resource/Australia> }} }}"",
  ""error_types"": [""syntax""]
}"
q72,Which pope succeeded John Paul II?,SELECT DISTINCT ?uri WHERE { <http://dbpedia.org/resource/Pope_John_Paul_II> <http://dbpedia.org/property/successor> ?uri },syntax,SELECT DISTINCT ?uri WHERE { <http://dbpedia.org/resource/Pope_John_Paul_II> <http://dbpedia.org/property/successor> ?uri },['syntax'],"{
  ""id"": ""q72"",
  ""question"": ""Which pope succeeded John Paul II?"",
  ""sparql_wrong"": ""SELECT DISTINCT ?uri WHERE { <http://dbpedia.org/resource/Pope_John_Paul_II> <http://dbpedia.org/property/successor> ?uri }"",
  ""sparql_gold"": ""SELECT DISTINCT ?uri WHERE {{ <http://dbpedia.org/resource/Pope_John_Paul_II> <http://dbpedia.org/property/successor> ?uri }}"",
  ""error_types"": [""syntax""]
}"
q73,Give me all ESA astronauts.,SELECT DISTINCT ?uri WHERE { ?uri a <http://dbpedia.org/ontology/Astronaut> ; <http://dbpedia.org/property/type> <http://dbpedia.org/resource/European_Space_Agency> },semantic,SELECT DISTINCT ?uri WHERE { ?uri a <http://dbpedia.org/ontology/Cosmonaut> ; <http://dbpedia.org/property/type> <http://dbpedia.org/resource/European_Space_Agency> },['semantic'],"{
  ""id"": ""q73"",
  ""question"": ""Give me all ESA astronauts."",
  ""sparql_wrong"": ""SELECT DISTINCT ?uri WHERE { ?uri a <http://dbpedia.org/ontology/Cosmonaut> ; <http://dbpedia.org/property/type> <http://dbpedia.org/resource/European_Space_Agency> }"",
  ""sparql_gold"": ""SELECT DISTINCT ?uri WHERE {{ ?uri a <http://dbpedia.org/ontology/Astronaut> ; <http://dbpedia.org/property/type> <http://dbpedia.org/resource/European_Space_Agency> }}"",
  ""error_types"": [""semantic""]
}"
q74,Who was president of Pakistan in 1978?,SELECT DISTINCT ?uri WHERE { ?uri <http://dbpedia.org/property/title> <http://dbpedia.org/resource/President_of_Pakistan> ; <http://dbpedia.org/property/years> 1978 },semantic,SELECT DISTINCT ?uri WHERE { ?uri <http://dbpedia.org/property/title> <http://dbpedia.org/resource/President_of_Pakistan> ; <http://dbpedia.org/property/birthYear> 1978 },['semantic'],"{
  ""id"": ""q74"",
  ""question"": ""Who was president of Pakistan in 1978?"",
  ""sparql_wrong"": ""SELECT DISTINCT ?uri WHERE { ?uri <http://dbpedia.org/property/title> <http://dbpedia.org/resource/President_of_Pakistan> ; <http://dbpedia.org/property/birthYear> 1978 }"",
  ""sparql_gold"": ""SELECT DISTINCT ?uri WHERE {{ ?uri <http://dbpedia.org/property/title> <http://dbpedia.org/resource/President_of_Pakistan> ; <http://dbpedia.org/property/years> 1978 }}"",
  ""error_types"": [""semantic""]
}"
q75,Who is the owner of Rolls-Royce?,SELECT DISTINCT ?uri WHERE { <http://dbpedia.org/resource/Rolls-Royce_Motors> <http://dbpedia.org/ontology/owner> ?uri },syntax,SELECT DISTINCT ?uri WHERE { <http://dbpedia.org/resource/Rolls-Royce_Motors> <http://dbpedia.org/ontology/owner> ?uri ,['syntax'],"{
  ""id"": ""q75"",
  ""question"": ""Who is the owner of Rolls-Royce?"",
  ""sparql_wrong"": ""SELECT DISTINCT ?uri WHERE { <http://dbpedia.org/resource/Rolls-Royce_Motors> <http://dbpedia.org/ontology/owner> ?uri "",
  ""sparql_gold"": ""SELECT DISTINCT ?uri WHERE {{ <http://dbpedia.org/resource/Rolls-Royce_Motors> <http://dbpedia.org/ontology/owner> ?uri }}"",
  ""error_types"": [""syntax""]
}"
q76,How many museums does Paris have?,SELECT DISTINCT ?uri WHERE { ?uri a <http://dbpedia.org/ontology/Museum> ; <http://dbpedia.org/ontology/location> <http://dbpedia.org/resource/Paris> },syntax,SELECT DISTINCT ?uri WHERE { { ?uri a <http://dbpedia.org/ontology/Museum> ; <http://dbpedia.org/ontology/location> <http://dbpedia.org/resource/Paris> },['syntax'],"{
  ""id"": ""q76"",
  ""question"": ""How many museums does Paris have?"",
  ""sparql_wrong"": ""SELECT DISTINCT ?uri WHERE { { ?uri a <http://dbpedia.org/ontology/Museum> ; <http://dbpedia.org/ontology/location> <http://dbpedia.org/resource/Paris> }"",
  ""sparql_gold"": ""SELECT DISTINCT ?uri WHERE {{ ?uri a <http://dbpedia.org/ontology/Museum> ; <http://dbpedia.org/ontology/location> <http://dbpedia.org/resource/Paris> }}"",
  ""error_types"": [""syntax""]
}"
q77,Where was JFK assassinated?,SELECT DISTINCT ?uri WHERE { <http://dbpedia.org/resource/John_F._Kennedy> <http://dbpedia.org/ontology/deathPlace> ?uri },semantic,SELECT DISTINCT ?uri WHERE { <http://dbpedia.org/resource/John_F._Kennedy> <http://dbpedia.org/ontology/birthPlace> ?uri },['semantic'],"{
  ""id"": ""q77"",
  ""question"": ""Where was JFK assassinated?"",
  ""sparql_wrong"": ""SELECT DISTINCT ?uri WHERE { <http://dbpedia.org/resource/John_F._Kennedy> <http://dbpedia.org/ontology/birthPlace> ?uri }"",
  ""sparql_gold"": ""SELECT DISTINCT ?uri WHERE {{ <http://dbpedia.org/resource/John_F._Kennedy> <http://dbpedia.org/ontology/deathPlace> ?uri }}"",
  ""error_types"": [""semantic""]
}"
q78,Give me all federal chancellors of Germany.,"SELECT DISTINCT ?uri WHERE { ?uri a <http://dbpedia.org/ontology/Person> { ?uri <http://dbpedia.org/ontology/office> ""Chancellor of Germany"" } UNION { ?uri <http://dbpedia.org/property/office> <http://dbpedia.org/resource/Chancellor_of_Germany> } }",semantic,"SELECT DISTINCT ?uri WHERE { { ?uri a <http://dbpedia.org/ontology/Place> { ?uri <http://dbpedia.org/ontology/office> ""Chancellor of Germany"" } UNION { ?uri <http://dbpedia.org/property/office> <http://dbpedia.org/resource/Chancellor_of_Germany> } } }",['semantic'],"{
  ""id"": ""q78"",
  ""question"": ""Give me all federal chancellors of Germany."",
  ""sparql_wrong"": ""SELECT DISTINCT ?uri WHERE { { ?uri a <http://dbpedia.org/ontology/Place> { ?uri <http://dbpedia.org/ontology/office> \""Chancellor of Germany\"" } UNION { ?uri <http://dbpedia.org/property/office> <http://dbpedia.org/resource/Chancellor_of_Germany> } } }"",
  ""sparql_gold"": ""SELECT DISTINCT ?uri WHERE {{ ?uri a <http://dbpedia.org/ontology/Person> {{ ?uri <http://dbpedia.org/ontology/office> \""Chancellor of Germany\"" }} UNION {{ ?uri <http://dbpedia.org/property/office> <http://dbpedia.org/resource/Chancellor_of_Germany> }} }}"",
  ""error_types"": [""semantic""]
}"
q79,Show me everyone who was born on Halloween.,SELECT DISTINCT ?uri WHERE { ?uri a <http://dbpedia.org/ontology/Person> { ?uri <http://dbpedia.org/ontology/birthDate> ?date } UNION { ?uri <http://dbpedia.org/property/birthDate> ?date } <http://dbpedia.org/resource/Halloween> <http://dbpedia.org/property/date> ?date },semantic,SELECT DISTINCT ?uri WHERE {{ ?uri a <http://dbpedia.org/ontology/Person> {{ ?uri <http://dbpedia.org/ontology/birthPlace> ?date }} UNION {{ ?uri <http://dbpedia.org/property/birthDate> ?date }} <http://dbpedia.org/resource/Halloween> <http://dbpedia.org/property/date> ?date }},['semantic'],"{
  ""id"": ""q79"",
  ""question"": ""Show me everyone who was born on Halloween."",
  ""sparql_wrong"": ""SELECT DISTINCT ?uri WHERE {{ ?uri a <http://dbpedia.org/ontology/Person> {{ ?uri <http://dbpedia.org/ontology/birthPlace> ?date }} UNION {{ ?uri <http://dbpedia.org/property/birthDate> ?date }} <http://dbpedia.org/resource/Halloween> <http://dbpedia.org/property/date> ?date }}"",
  ""sparql_gold"": ""SELECT DISTINCT ?uri WHERE {{ ?uri a <http://dbpedia.org/ontology/Person> {{ ?uri <http://dbpedia.org/ontology/birthDate> ?date }} UNION {{ ?uri <http://dbpedia.org/property/birthDate> ?date }} <http://dbpedia.org/resource/Halloween> <http://dbpedia.org/property/date> ?date }}"",
  ""error_types"": [""semantic""]
}"
q80,Which beer originated in Ireland?,SELECT DISTINCT ?uri WHERE { ?uri <http://dbpedia.org/property/type> <http://dbpedia.org/resource/Beer> ; <http://dbpedia.org/ontology/origin> <http://dbpedia.org/resource/Beer_in_Ireland> },semantic,SELECT DISTINCT ?uri WHERE { ?uri <http://dbpedia.org/property/type> <http://dbpedia.org/resource/Beer> ; <http://dbpedia.org/ontology/origin> <http://dbpedia.org/resource/Beer_in_Germany> },['semantic'],"{
  ""id"": ""q80"",
  ""question"": ""Which beer originated in Ireland?"",
  ""sparql_wrong"": ""SELECT DISTINCT ?uri WHERE { ?uri <http://dbpedia.org/property/type> <http://dbpedia.org/resource/Beer> ; <http://dbpedia.org/ontology/origin> <http://dbpedia.org/resource/Beer_in_Germany> }"",
  ""sparql_gold"": ""SELECT DISTINCT ?uri WHERE {{ ?uri <http://dbpedia.org/property/type> <http://dbpedia.org/resource/Beer> ; <http://dbpedia.org/ontology/origin> <http://dbpedia.org/resource/Beer_in_Ireland> }}"",
  ""error_types"": [""semantic""]
}"
q81,To which countries does the Himalayan mountain system extend?,SELECT DISTINCT ?uri WHERE { <http://dbpedia.org/resource/Himalayas> <http://dbpedia.org/ontology/country> ?uri },syntax,SELECT DISTINCT ?uri WHERE { <http://dbpedia.org/resource/Himalayas> <http://dbpedia.org/ontology/country> ?uri ,['syntax'],"{
  ""id"": ""q81"",
  ""question"": ""To which countries does the Himalayan mountain system extend?"",
  ""sparql_wrong"": ""SELECT DISTINCT ?uri WHERE { <http://dbpedia.org/resource/Himalayas> <http://dbpedia.org/ontology/country> ?uri "",
  ""sparql_gold"": ""SELECT DISTINCT ?uri WHERE {{ <http://dbpedia.org/resource/Himalayas> <http://dbpedia.org/ontology/country> ?uri }}"",
  ""error_types"": [""syntax""]
}"
q82,Which actors were born in Germany?,SELECT DISTINCT ?uri WHERE { ?uri a <http://dbpedia.org/ontology/Actor> { ?uri <http://dbpedia.org/ontology/birthPlace> <http://dbpedia.org/resource/Germany> } UNION { ?uri <http://dbpedia.org/ontology/birthPlace> ?place . ?place <http://dbpedia.org/ontology/country> <http://dbpedia.org/resource/Germany> } },structural,SELECT DISTINCT ?uri WHERE {{ ?uri a <http://dbpedia.org/ontology/Actor> } UNION { ?uri <http://dbpedia.org/ontology/birthPlace> <http://dbpedia.org/resource/Germany> }},['structural'],"{
  ""id"": ""q82"",
  ""question"": ""Which actors were born in Germany?"",
  ""sparql_wrong"": ""SELECT DISTINCT ?uri WHERE {{ ?uri a <http://dbpedia.org/ontology/Actor> } UNION { ?uri <http://dbpedia.org/ontology/birthPlace> <http://dbpedia.org/resource/Germany> }}"",
  ""sparql_gold"": ""SELECT DISTINCT ?uri WHERE {{ ?uri a <http://dbpedia.org/ontology/Actor> {{ ?uri <http://dbpedia.org/ontology/birthPlace> <http://dbpedia.org/resource/Germany> }} UNION {{ ?uri <http://dbpedia.org/ontology/birthPlace> ?place . ?place <http://dbpedia.org/ontology/country> <http://dbpedia.org/resource/Germany> }} }}"",
  ""error_types"": [""structural""]
}"
q83,How much carbs does peanut butter have?,SELECT DISTINCT ?carbs WHERE { <http://dbpedia.org/resource/Peanut_butter> <http://dbpedia.org/property/carbs> ?carbs },semantic,SELECT DISTINCT ?carbs WHERE { <http://dbpedia.org/resource/Peanut_butter> <http://dbpedia.org/property/fat> ?carbs },['semantic'],"{
  ""id"": ""q83"",
  ""question"": ""How much carbs does peanut butter have?"",
  ""sparql_wrong"": ""SELECT DISTINCT ?carbs WHERE { <http://dbpedia.org/resource/Peanut_butter> <http://dbpedia.org/property/fat> ?carbs }"",
  ""sparql_gold"": ""SELECT DISTINCT ?carbs WHERE {{ <http://dbpedia.org/resource/Peanut_butter> <http://dbpedia.org/property/carbs> ?carbs }}"",
  ""error_types"": [""semantic""]
}"
q84,Who produced the most films?,SELECT DISTINCT ?uri WHERE { ?film <http://www.w3.org/1999/02/22-rdf-syntax-ns#type> <http://dbpedia.org/ontology/Film> . ?film <http://dbpedia.org/ontology/producer> ?uri . } ORDER BY DESC(COUNT(?film)) OFFSET 0 LIMIT 1,syntax,SELECT DISTINCT ?uri WHERE { ?film <http://www.w3.org/1999/02/22-rdf-syntax-ns#type> <http://dbpedia.org/ontology/Film> . ?film <http://dbpedia.org/ontology/producer> ?uri . ORDER BY DESC(COUNT(?film)) OFFSET 0 LIMIT 1,['syntax'],"{
  ""id"": ""q84"",
  ""question"": ""Who produced the most films?"",
  ""sparql_wrong"": ""SELECT DISTINCT ?uri WHERE { ?film <http://www.w3.org/1999/02/22-rdf-syntax-ns#type> <http://dbpedia.org/ontology/Film> . ?film <http://dbpedia.org/ontology/producer> ?uri . ORDER BY DESC(COUNT(?film)) OFFSET 0 LIMIT 1"",
  ""sparql_gold"": ""SELECT DISTINCT ?uri WHERE {{ ?film <http://www.w3.org/1999/02/22-rdf-syntax-ns#type> <http://dbpedia.org/ontology/Film> . ?film <http://dbpedia.org/ontology/producer> ?uri . }} ORDER BY DESC(COUNT(?film)) OFFSET 0 LIMIT 1"",
  ""error_types"": [""syntax""]
}"
q85,How many employees does Google have?,SELECT DISTINCT ?num WHERE { <http://dbpedia.org/resource/Google> <http://dbpedia.org/ontology/numberOfEmployees> ?num },syntax,SELECT DISTINCT ?num WHERE { <http://dbpedia.org/resource/Google> <http://dbpedia.org/ontology/numberOfEmployees> ?num ,['syntax'],"{
  ""id"": ""q85"",
  ""question"": ""How many employees does Google have?"",
  ""sparql_wrong"": ""SELECT DISTINCT ?num WHERE { <http://dbpedia.org/resource/Google> <http://dbpedia.org/ontology/numberOfEmployees> ?num "",
  ""sparql_gold"": ""SELECT DISTINCT ?num WHERE {{ <http://dbpedia.org/resource/Google> <http://dbpedia.org/ontology/numberOfEmployees> ?num }}"",
  ""error_types"": [""syntax""]
}"
q86,Give me all actors who were born in Berlin.,SELECT DISTINCT ?uri WHERE { ?uri a <http://dbpedia.org/ontology/Actor> ; <http://dbpedia.org/ontology/birthPlace> <http://dbpedia.org/resource/Berlin> },semantic,SELECT DISTINCT ?uri WHERE { ?uri a <http://dbpedia.org/ontology/Film> ; <http://dbpedia.org/ontology/birthPlace> <http://dbpedia.org/resource/Berlin> },['semantic'],"{
  ""id"": ""q86"",
  ""question"": ""Give me all actors who were born in Berlin."",
  ""sparql_wrong"": ""SELECT DISTINCT ?uri WHERE { ?uri a <http://dbpedia.org/ontology/Film> ; <http://dbpedia.org/ontology/birthPlace> <http://dbpedia.org/resource/Berlin> }"",
  ""sparql_gold"": ""SELECT DISTINCT ?uri WHERE {{ ?uri a <http://dbpedia.org/ontology/Actor> ; <http://dbpedia.org/ontology/birthPlace> <http://dbpedia.org/resource/Berlin> }}"",
  ""error_types"": [""semantic""]
}"
q87,Who created Goofy?,SELECT DISTINCT ?uri WHERE { <http://dbpedia.org/resource/Goofy> <http://dbpedia.org/ontology/creator> ?uri },semantic,SELECT DISTINCT ?uri WHERE { <http://dbpedia.org/resource/Goofy> <http://dbpedia.org/ontology/starring> ?uri },['semantic'],"{
  ""id"": ""q87"",
  ""question"": ""Who created Goofy?"",
  ""sparql_wrong"": ""SELECT DISTINCT ?uri WHERE { <http://dbpedia.org/resource/Goofy> <http://dbpedia.org/ontology/starring> ?uri }"",
  ""sparql_gold"": ""SELECT DISTINCT ?uri WHERE {{ <http://dbpedia.org/resource/Goofy> <http://dbpedia.org/ontology/creator> ?uri }}"",
  ""error_types"": [""semantic""]
}"
q88,Which music albums contain the song Last Christmas?,"SELECT DISTINCT ?uri WHERE { ?single <http://dbpedia.org/ontology/album> ?uri ; <http://www.w3.org/2000/01/rdf-schema#label> ""Last Christmas""@en }",semantic,"SELECT DISTINCT ?uri WHERE { ?single <http://dbpedia.org/ontology/artist> ?uri ; <http://www.w3.org/2000/01/rdf-schema#label> ""Last Christmas""@en }",['semantic'],"{
  ""id"": ""q88"",
  ""question"": ""Which music albums contain the song Last Christmas?"",
  ""sparql_wrong"": ""SELECT DISTINCT ?uri WHERE { ?single <http://dbpedia.org/ontology/artist> ?uri ; <http://www.w3.org/2000/01/rdf-schema#label> \""Last Christmas\""@en }"",
  ""sparql_gold"": ""SELECT DISTINCT ?uri WHERE {{ ?single <http://dbpedia.org/ontology/album> ?uri ; <http://www.w3.org/2000/01/rdf-schema#label> \""Last Christmas\""@en }}"",
  ""error_types"": [""semantic""]
}"
q89,When was Alberta admitted as province?,SELECT DISTINCT ?date WHERE { <http://dbpedia.org/resource/Alberta> <http://dbpedia.org/property/admittancedate> ?date },syntax,SELECT DISTINCT ?date WHERE { <http://dbpedia.org/resource/Alberta> <http://dbpedia.org/property/admittancedate> ?date ,['syntax'],"{
  ""id"": ""q89"",
  ""question"": ""When was Alberta admitted as province?"",
  ""sparql_wrong"": ""SELECT DISTINCT ?date WHERE { <http://dbpedia.org/resource/Alberta> <http://dbpedia.org/property/admittancedate> ?date "",
  ""sparql_gold"": ""SELECT DISTINCT ?date WHERE {{ <http://dbpedia.org/resource/Alberta> <http://dbpedia.org/property/admittancedate> ?date }}"",
  ""error_types"": [""syntax""]
}"
q90,How many missions does the Soyuz programme have?,SELECT (COUNT(DISTINCT ?uri) AS ?c) WHERE { ?uri <http://dbpedia.org/property/programme> <http://dbpedia.org/resource/Soyuz_programme> },semantic,SELECT (COUNT(DISTINCT ?uri) AS ?c) WHERE {{ ?uri <http://dbpedia.org/property/program> <http://dbpedia.org/resource/Soyuz_programme> }},['semantic'],"{
  ""id"": ""q90"",
  ""question"": ""How many missions does the Soyuz programme have?"",
  ""sparql_wrong"": ""SELECT (COUNT(DISTINCT ?uri) AS ?c) WHERE {{ ?uri <http://dbpedia.org/property/program> <http://dbpedia.org/resource/Soyuz_programme> }}"",
  ""sparql_gold"": ""SELECT (COUNT(DISTINCT ?uri) AS ?c) WHERE {{ ?uri <http://dbpedia.org/property/programme> <http://dbpedia.org/resource/Soyuz_programme> }}"",
  ""error_types"": [""semantic""]
}"
q91,Give me all the TV shows with Neil Patrick Harris.,SELECT DISTINCT ?uri WHERE { ?uri a <http://dbpedia.org/ontology/TelevisionShow> ; <http://dbpedia.org/ontology/starring> <http://dbpedia.org/resource/Neil_Patrick_Harris> },semantic,SELECT DISTINCT ?uri WHERE { ?uri a <http://dbpedia.org/ontology/Film> ; <http://dbpedia.org/ontology/starring> <http://dbpedia.org/resource/Neil_Patrick_Harris> },['semantic'],"{
  ""id"": ""q91"",
  ""question"": ""Give me all the TV shows with Neil Patrick Harris."",
  ""sparql_wrong"": ""SELECT DISTINCT ?uri WHERE { ?uri a <http://dbpedia.org/ontology/Film> ; <http://dbpedia.org/ontology/starring> <http://dbpedia.org/resource/Neil_Patrick_Harris> }"",
  ""sparql_gold"": ""SELECT DISTINCT ?uri WHERE {{ ?uri a <http://dbpedia.org/ontology/TelevisionShow> ; <http://dbpedia.org/ontology/starring> <http://dbpedia.org/resource/Neil_Patrick_Harris> }}"",
  ""error_types"": [""semantic""]
}"
q92,When were the Hells Angels founded?,SELECT DISTINCT ?date WHERE { <http://dbpedia.org/resource/Hells_Angels> <http://dbpedia.org/property/founded> ?date },syntax,SELECT DISTINCT ?date WHERE { <http://dbpedia.org/resource/Hells_Angels> <http://dbpedia.org/property/founded> ?date ,['syntax'],"{
  ""id"": ""q92"",
  ""question"": ""When were the Hells Angels founded?"",
  ""sparql_wrong"": ""SELECT DISTINCT ?date WHERE { <http://dbpedia.org/resource/Hells_Angels> <http://dbpedia.org/property/founded> ?date "",
  ""sparql_gold"": ""SELECT DISTINCT ?date WHERE {{ <http://dbpedia.org/resource/Hells_Angels> <http://dbpedia.org/property/founded> ?date }}"",
  ""error_types"": [""syntax""]
}"
q93,What is the net income of Apple?,SELECT DISTINCT ?ni WHERE { <http://dbpedia.org/resource/Apple_Inc.> <http://dbpedia.org/ontology/netIncome> ?ni },semantic,SELECT DISTINCT ?ni WHERE {{ <http://dbpedia.org/resource/Apple_Inc.> <http://dbpedia.org/ontology/operatingIncome> ?ni }},['semantic'],"{
  ""id"": ""q93"",
  ""question"": ""What is the net income of Apple?"",
  ""sparql_wrong"": ""SELECT DISTINCT ?ni WHERE {{ <http://dbpedia.org/resource/Apple_Inc.> <http://dbpedia.org/ontology/operatingIncome> ?ni }}"",
  ""sparql_gold"": ""SELECT DISTINCT ?ni WHERE {{ <http://dbpedia.org/resource/Apple_Inc.> <http://dbpedia.org/ontology/netIncome> ?ni }}"",
  ""error_types"": [""semantic""]
}"
q94,Give me all Swedish holidays.,SELECT DISTINCT ?uri WHERE { ?uri a <http://dbpedia.org/ontology/Holiday> ; <http://dbpedia.org/ontology/country> <http://dbpedia.org/resource/Sweden> },semantic,SELECT DISTINCT ?uri WHERE { ?uri a <http://dbpedia.org/ontology/Holiday> ; <http://dbpedia.org/ontology/country> <http://dbpedia.org/resource/Finland> },['semantic'],"{
  ""id"": ""q94"",
  ""question"": ""Give me all Swedish holidays."",
  ""sparql_wrong"": ""SELECT DISTINCT ?uri WHERE { ?uri a <http://dbpedia.org/ontology/Holiday> ; <http://dbpedia.org/ontology/country> <http://dbpedia.org/resource/Finland> }"",
  ""sparql_gold"": ""SELECT DISTINCT ?uri WHERE {{ ?uri a <http://dbpedia.org/ontology/Holiday> ; <http://dbpedia.org/ontology/country> <http://dbpedia.org/resource/Sweden> }}"",
  ""error_types"": [""semantic""]
}"
q95,In which city was the former Dutch queen Juliana buried?,SELECT DISTINCT ?uri WHERE { <http://dbpedia.org/resource/Juliana_of_the_Netherlands> <http://dbpedia.org/property/burialPlace> ?uri . ?uri a <http://dbpedia.org/ontology/Settlement> },semantic,SELECT DISTINCT ?uri WHERE { <http://dbpedia.org/resource/Juliana_of_the_Netherlands> <http://dbpedia.org/property/birthPlace> ?uri . ?uri a <http://dbpedia.org/ontology/Settlement> },['semantic'],"{
  ""id"": ""q95"",
  ""question"": ""In which city was the former Dutch queen Juliana buried?"",
  ""sparql_wrong"": ""SELECT DISTINCT ?uri WHERE { <http://dbpedia.org/resource/Juliana_of_the_Netherlands> <http://dbpedia.org/property/birthPlace> ?uri . ?uri a <http://dbpedia.org/ontology/Settlement> }"",
  ""sparql_gold"": ""SELECT DISTINCT ?uri WHERE {{ <http://dbpedia.org/resource/Juliana_of_the_Netherlands> <http://dbpedia.org/property/burialPlace> ?uri . ?uri a <http://dbpedia.org/ontology/Settlement> }}"",
  ""error_types"": [""semantic""]
}"
q96,List all the musicals with music by Leonard Bernstein.,SELECT DISTINCT ?uri WHERE { ?uri a <http://dbpedia.org/ontology/Musical> ; <http://dbpedia.org/ontology/musicBy> <http://dbpedia.org/resource/Leonard_Bernstein> },syntax,SELECT DISTINCT ?uri WHERE { ?uri a <http://dbpedia.org/ontology/Musical> ; <http://dbpedia.org/ontology/musicBy> <http://dbpedia.org/resource/Leonard_Bernstein> },['syntax'],"{
  ""id"": ""q96"",
  ""question"": ""List all the musicals with music by Leonard Bernstein."",
  ""sparql_wrong"": ""SELECT DISTINCT ?uri WHERE { ?uri a <http://dbpedia.org/ontology/Musical> ; <http://dbpedia.org/ontology/musicBy> <http://dbpedia.org/resource/Leonard_Bernstein> }"",
  ""sparql_gold"": ""SELECT DISTINCT ?uri WHERE {{ ?uri a <http://dbpedia.org/ontology/Musical> ; <http://dbpedia.org/ontology/musicBy> <http://dbpedia.org/resource/Leonard_Bernstein> }}"",
  ""error_types"": [""syntax""]
}"
q97,Give me all companies in the advertising industry.,"SELECT (COUNT(DISTINCT ?uri) AS ?c) WHERE { ?uri a <http://dbpedia.org/ontology/Company> { ?uri <http://dbpedia.org/ontology/industry> <http://dbpedia.org/resource/Advertising> } UNION { ?uri <http://dbpedia.org/ontology/industry> ?industry FILTER regex(?industry, ""advertising"", ""i"") } }",semantic,"SELECT (COUNT(DISTINCT ?uri) AS ?c) WHERE {{ ?uri a <http://dbpedia.org/ontology/Person> {{ ?uri <http://dbpedia.org/ontology/industry> <http://dbpedia.org/resource/Advertising> }} UNION {{ ?uri <http://dbpedia.org/ontology/industry> ?industry FILTER regex(?industry, ""advertising"", ""i"") }} }}",['semantic'],"{
  ""id"": ""q97"",
  ""question"": ""Give me all companies in the advertising industry."",
  ""sparql_wrong"": ""SELECT (COUNT(DISTINCT ?uri) AS ?c) WHERE {{ ?uri a <http://dbpedia.org/ontology/Person> {{ ?uri <http://dbpedia.org/ontology/industry> <http://dbpedia.org/resource/Advertising> }} UNION {{ ?uri <http://dbpedia.org/ontology/industry> ?industry FILTER regex(?industry, \""advertising\"", \""i\"") }} }}"",
  ""sparql_gold"": ""SELECT (COUNT(DISTINCT ?uri) AS ?c) WHERE {{ ?uri a <http://dbpedia.org/ontology/Company> {{ ?uri <http://dbpedia.org/ontology/industry> <http://dbpedia.org/resource/Advertising> }} UNION {{ ?uri <http://dbpedia.org/ontology/industry> ?industry FILTER regex(?industry, \""advertising\"", \""i\"") }} }}"",
  ""error_types"": [""semantic""]
}"
q98,What is the largest metropolitan area in Washington state?,SELECT DISTINCT ?uri WHERE { <http://dbpedia.org/resource/Washington_(state)> <http://dbpedia.org/property/largestmetro> ?uri },syntax,SELECT DISTINCT ?uri WHERE { <http://dbpedia.org/resource/Washington_(state)> <http://dbpedia.org/property/largestmetro> ?uri ,['syntax'],"{
  ""id"": ""q98"",
  ""question"": ""What is the largest metropolitan area in Washington state?"",
  ""sparql_wrong"": ""SELECT DISTINCT ?uri WHERE { <http://dbpedia.org/resource/Washington_(state)> <http://dbpedia.org/property/largestmetro> ?uri "",
  ""sparql_gold"": ""SELECT DISTINCT ?uri WHERE {{ <http://dbpedia.org/resource/Washington_(state)> <http://dbpedia.org/property/largestmetro> ?uri }}"",
  ""error_types"": [""syntax""]
}"
q99,Who killed John Lennon?,SELECT DISTINCT ?uri WHERE { ?uri a <http://dbpedia.org/ontology/Person> ; <http://dbpedia.org/property/conviction> <http://dbpedia.org/resource/Death_of_John_Lennon> },semantic,SELECT DISTINCT ?uri WHERE { ?uri a <http://dbpedia.org/ontology/Place> ; <http://dbpedia.org/property/conviction> <http://dbpedia.org/resource/Death_of_John_Lennon> },['semantic'],"{
  ""id"": ""q99"",
  ""question"": ""Who killed John Lennon?"",
  ""sparql_wrong"": ""SELECT DISTINCT ?uri WHERE { ?uri a <http://dbpedia.org/ontology/Place> ; <http://dbpedia.org/property/conviction> <http://dbpedia.org/resource/Death_of_John_Lennon> }"",
  ""sparql_gold"": ""SELECT DISTINCT ?uri WHERE {{ ?uri a <http://dbpedia.org/ontology/Person> ; <http://dbpedia.org/property/conviction> <http://dbpedia.org/resource/Death_of_John_Lennon> }}"",
  ""error_types"": [""semantic""]
}"
q100,Which writers studied in Istanbul?,SELECT DISTINCT ?uri WHERE { ?uri a <http://dbpedia.org/ontology/Writer> { ?uri <http://dbpedia.org/ontology/almaMater> ?x } UNION { ?uri <http://dbpedia.org/ontology/education> ?x } { ?x <http://dbpedia.org/ontology/city> <http://dbpedia.org/resource/Istanbul> } UNION { ?x <http://dbpedia.org/property/city> <http://dbpedia.org/resource/Istanbul> } },semantic,SELECT DISTINCT ?uri WHERE { ?uri a <http://dbpedia.org/ontology/Writer> { { ?uri <http://dbpedia.org/ontology/birthPlace> ?x } UNION { ?uri <http://dbpedia.org/ontology/education> ?x } } { ?x <http://dbpedia.org/ontology/city> <http://dbpedia.org/resource/Istanbul> } UNION { ?x <http://dbpedia.org/property/city> <http://dbpedia.org/resource/Istanbul> } },['semantic'],"{
  ""id"": ""q100"",
  ""question"": ""Which writers studied in Istanbul?"",
  ""sparql_wrong"": ""SELECT DISTINCT ?uri WHERE { ?uri a <http://dbpedia.org/ontology/Writer> { { ?uri <http://dbpedia.org/ontology/birthPlace> ?x } UNION { ?uri <http://dbpedia.org/ontology/education> ?x } } { ?x <http://dbpedia.org/ontology/city> <http://dbpedia.org/resource/Istanbul> } UNION { ?x <http://dbpedia.org/property/city> <http://dbpedia.org/resource/Istanbul> } }"",
  ""sparql_gold"": ""SELECT DISTINCT ?uri WHERE {{ ?uri a <http://dbpedia.org/ontology/Writer> {{ ?uri <http://dbpedia.org/ontology/almaMater> ?x }} UNION {{ ?uri <http://dbpedia.org/ontology/education> ?x }} {{ ?x <http://dbpedia.org/ontology/city> <http://dbpedia.org/resource/Istanbul> }} UNION {{ ?x <http://dbpedia.org/property/city> <http://dbpedia.org/resource/Istanbul> }} }}"",
  ""error_types"": [""semantic""]
}"
q101,Give me all Australian metalcore bands.,SELECT DISTINCT ?uri WHERE { ?uri a <http://dbpedia.org/ontology/Band> ; <http://dbpedia.org/ontology/genre> <http://dbpedia.org/resource/Metalcore> { ?uri <http://dbpedia.org/ontology/hometown> <http://dbpedia.org/resource/Australia> } UNION { ?uri <http://dbpedia.org/ontology/hometown> ?h . ?h <http://dbpedia.org/ontology/country> <http://dbpedia.org/resource/Australia> } },syntax,SELECT DISTINCT ?uri WHERE { { ?uri a <http://dbpedia.org/ontology/Band> ; <http://dbpedia.org/ontology/genre> <http://dbpedia.org/resource/Metalcore> {{ ?uri <http://dbpedia.org/ontology/hometown> <http://dbpedia.org/resource/Australia> }} UNION {{ ?uri <http://dbpedia.org/ontology/hometown> ?h . ?h <http://dbpedia.org/ontology/country> <http://dbpedia.org/resource/Australia> }} },['syntax'],"{
  ""id"": ""q101"",
  ""question"": ""Give me all Australian metalcore bands."",
  ""sparql_wrong"": ""SELECT DISTINCT ?uri WHERE { { ?uri a <http://dbpedia.org/ontology/Band> ; <http://dbpedia.org/ontology/genre> <http://dbpedia.org/resource/Metalcore> {{ ?uri <http://dbpedia.org/ontology/hometown> <http://dbpedia.org/resource/Australia> }} UNION {{ ?uri <http://dbpedia.org/ontology/hometown> ?h . ?h <http://dbpedia.org/ontology/country> <http://dbpedia.org/resource/Australia> }} }"",
  ""sparql_gold"": ""SELECT DISTINCT ?uri WHERE {{ ?uri a <http://dbpedia.org/ontology/Band> ; <http://dbpedia.org/ontology/genre> <http://dbpedia.org/resource/Metalcore> {{ ?uri <http://dbpedia.org/ontology/hometown> <http://dbpedia.org/resource/Australia> }} UNION {{ ?uri <http://dbpedia.org/ontology/hometown> ?h . ?h <http://dbpedia.org/ontology/country> <http://dbpedia.org/resource/Australia> }} }}"",
  ""error_types"": [""syntax""]
}"
q102,Which countries adopted the Euro?,"SELECT DISTINCT ?uri WHERE { ?uri a <http://dbpedia.org/ontology/Country> { ?uri <http://dbpedia.org/ontology/currency> <http://dbpedia.org/resource/Euro> } UNION { ?uri <http://dbpedia.org/property/currencyCode> ""EUR""@en } }",semantic,"SELECT DISTINCT ?uri WHERE {{ ?uri a <http://dbpedia.org/ontology/City> {{ ?uri <http://dbpedia.org/ontology/currency> <http://dbpedia.org/resource/Euro> }} UNION {{ ?uri <http://dbpedia.org/property/currencyCode> ""EUR""@en }} }}",['semantic'],"{
  ""id"": ""q102"",
  ""question"": ""Which countries adopted the Euro?"",
  ""sparql_wrong"": ""SELECT DISTINCT ?uri WHERE {{ ?uri a <http://dbpedia.org/ontology/City> {{ ?uri <http://dbpedia.org/ontology/currency> <http://dbpedia.org/resource/Euro> }} UNION {{ ?uri <http://dbpedia.org/property/currencyCode> \""EUR\""@en }} }}"",
  ""sparql_gold"": ""SELECT DISTINCT ?uri WHERE {{ ?uri a <http://dbpedia.org/ontology/Country> {{ ?uri <http://dbpedia.org/ontology/currency> <http://dbpedia.org/resource/Euro> }} UNION {{ ?uri <http://dbpedia.org/property/currencyCode> \""EUR\""@en }} }}"",
  ""error_types"": [""semantic""]
}"
q103,Give me all types of eating disorders.,SELECT DISTINCT ?uri WHERE { ?uri a <http://dbpedia.org/class/yago/WikicatEatingDisorders> },semantic,SELECT DISTINCT ?uri WHERE { ?uri a <http://dbpedia.org/class/yago/WikicatDietaryDisorders> },['semantic'],"{
  ""id"": ""q103"",
  ""question"": ""Give me all types of eating disorders."",
  ""sparql_wrong"": ""SELECT DISTINCT ?uri WHERE { ?uri a <http://dbpedia.org/class/yago/WikicatDietaryDisorders> }"",
  ""sparql_gold"": ""SELECT DISTINCT ?uri WHERE {{ ?uri a <http://dbpedia.org/class/yago/WikicatEatingDisorders> }}"",
  ""error_types"": [""semantic""]
}"
q104,Was Marc Chagall a jew?,"ASK WHERE { <http://dbpedia.org/resource/Marc_Chagall> <http://dbpedia.org/property/ethnicity> ""Jewish""@en }",semantic,"ASK WHERE { <http://dbpedia.org/resource/Marc_Chagall> <http://dbpedia.org/property/religion> ""Jewish""@en }",['semantic'],"{
  ""id"": ""q104"",
  ""question"": ""Was Marc Chagall a jew?"",
  ""sparql_wrong"": ""ASK WHERE { <http://dbpedia.org/resource/Marc_Chagall> <http://dbpedia.org/property/religion> \""Jewish\""@en }"",
  ""sparql_gold"": ""ASK WHERE {{ <http://dbpedia.org/resource/Marc_Chagall> <http://dbpedia.org/property/ethnicity> \""Jewish\""@en }}"",
  ""error_types"": [""semantic""]
}"
q105,What was Brazil's lowest rank in the FIFA World Ranking?,SELECT DISTINCT ?n WHERE { <http://dbpedia.org/resource/Brazil_national_football_team> <http://dbpedia.org/property/fifaMin> ?n },semantic,SELECT DISTINCT ?n WHERE { <http://dbpedia.org/resource/Brazil_national_football_team> <http://dbpedia.org/property/fifaMax> ?n },['semantic'],"{
  ""id"": ""q105"",
  ""question"": ""What was Brazil's lowest rank in the FIFA World Ranking?"",
  ""sparql_wrong"": ""SELECT DISTINCT ?n WHERE { <http://dbpedia.org/resource/Brazil_national_football_team> <http://dbpedia.org/property/fifaMax> ?n }"",
  ""sparql_gold"": ""SELECT DISTINCT ?n WHERE {{ <http://dbpedia.org/resource/Brazil_national_football_team> <http://dbpedia.org/property/fifaMin> ?n }}"",
  ""error_types"": [""semantic""]
}"
q106,How many films did Leonardo DiCaprio star in?,SELECT (COUNT(DISTINCT ?uri) AS ?c) WHERE { ?uri a <http://dbpedia.org/ontology/Film> ; <http://dbpedia.org/ontology/starring> <http://dbpedia.org/resource/Leonardo_DiCaprio> },semantic,SELECT (COUNT(DISTINCT ?uri) AS ?c) WHERE { { ?uri a <http://dbpedia.org/ontology/Film> ; <http://dbpedia.org/ontology/director> <http://dbpedia.org/resource/Leonardo_DiCaprio> } },['semantic'],"{
  ""id"": ""q106"",
  ""question"": ""How many films did Leonardo DiCaprio star in?"",
  ""sparql_wrong"": ""SELECT (COUNT(DISTINCT ?uri) AS ?c) WHERE { { ?uri a <http://dbpedia.org/ontology/Film> ; <http://dbpedia.org/ontology/director> <http://dbpedia.org/resource/Leonardo_DiCaprio> } }"",
  ""sparql_gold"": ""SELECT (COUNT(DISTINCT ?uri) AS ?c) WHERE {{ ?uri a <http://dbpedia.org/ontology/Film> ; <http://dbpedia.org/ontology/starring> <http://dbpedia.org/resource/Leonardo_DiCaprio> }}"",
  ""error_types"": [""semantic""]
}"
q107,Was Margaret Thatcher a chemist?,ASK WHERE { <http://dbpedia.org/resource/Margaret_Thatcher> <http://dbpedia.org/ontology/profession> <http://dbpedia.org/resource/Chemist> },semantic,ASK WHERE { <http://dbpedia.org/resource/Margaret_Thatcher> <http://dbpedia.org/ontology/occupation> <http://dbpedia.org/resource/Chemist> },['semantic'],"{
  ""id"": ""q107"",
  ""question"": ""Was Margaret Thatcher a chemist?"",
  ""sparql_wrong"": ""ASK WHERE { <http://dbpedia.org/resource/Margaret_Thatcher> <http://dbpedia.org/ontology/occupation> <http://dbpedia.org/resource/Chemist> }"",
  ""sparql_gold"": ""ASK WHERE { <http://dbpedia.org/resource/Margaret_Thatcher> <http://dbpedia.org/ontology/profession> <http://dbpedia.org/resource/Chemist> }"",
  ""error_types"": [""semantic""]
}"
q108,Which U.S. states are in the same time zone as Utah?,SELECT DISTINCT ?uri WHERE { <http://dbpedia.org/resource/Utah> <http://dbpedia.org/property/timezone> ?x . ?uri a <http://dbpedia.org/class/yago/WikicatStatesOfTheUnitedStates> ; <http://dbpedia.org/property/timezone> ?x FILTER ( ?uri != <http://dbpedia.org/resource/Utah> ) },semantic,SELECT DISTINCT ?uri WHERE {{ <http://dbpedia.org/resource/Utah> <http://dbpedia.org/property/timezone> ?x . ?uri a <http://dbpedia.org/class/yago/WikicatStatesOfTheUnitedStates> ; <http://dbpedia.org/property/timeZone> ?x FILTER ( ?uri != <http://dbpedia.org/resource/Utah> ) }},['semantic'],"{
  ""id"": ""q108"",
  ""question"": ""Which U.S. states are in the same time zone as Utah?"",
  ""sparql_wrong"": ""SELECT DISTINCT ?uri WHERE {{ <http://dbpedia.org/resource/Utah> <http://dbpedia.org/property/timezone> ?x . ?uri a <http://dbpedia.org/class/yago/WikicatStatesOfTheUnitedStates> ; <http://dbpedia.org/property/timeZone> ?x FILTER ( ?uri != <http://dbpedia.org/resource/Utah> ) }}"",
  ""sparql_gold"": ""SELECT DISTINCT ?uri WHERE {{ <http://dbpedia.org/resource/Utah> <http://dbpedia.org/property/timezone> ?x . ?uri a <http://dbpedia.org/class/yago/WikicatStatesOfTheUnitedStates> ; <http://dbpedia.org/property/timezone> ?x FILTER ( ?uri != <http://dbpedia.org/resource/Utah> ) }}"",
  ""error_types"": [""semantic""]
}"
q109,Give me all books written by Danielle Steel.,SELECT DISTINCT ?uri WHERE { ?uri a <http://dbpedia.org/ontology/Book> ; <http://dbpedia.org/ontology/author> <http://dbpedia.org/resource/Danielle_Steel> },semantic,SELECT DISTINCT ?uri WHERE { ?uri a <http://dbpedia.org/ontology/Film> ; <http://dbpedia.org/ontology/author> <http://dbpedia.org/resource/Danielle_Steel> },['semantic'],"{
  ""id"": ""q109"",
  ""question"": ""Give me all books written by Danielle Steel."",
  ""sparql_wrong"": ""SELECT DISTINCT ?uri WHERE { ?uri a <http://dbpedia.org/ontology/Film> ; <http://dbpedia.org/ontology/author> <http://dbpedia.org/resource/Danielle_Steel> }"",
  ""sparql_gold"": ""SELECT DISTINCT ?uri WHERE {{ ?uri a <http://dbpedia.org/ontology/Book> ; <http://dbpedia.org/ontology/author> <http://dbpedia.org/resource/Danielle_Steel> }}"",
  ""error_types"": [""semantic""]
}"
q110,Which country has the most official languages?,SELECT DISTINCT ?uri WHERE { ?uri <http://www.w3.org/1999/02/22-rdf-syntax-ns#type> <http://dbpedia.org/ontology/Country> . ?uri <http://dbpedia.org/property/officialLanguages> ?language . } ORDER BY DESC(COUNT(?language)) OFFSET 0 LIMIT 1,semantic,SELECT DISTINCT ?uri WHERE { { ?uri <http://www.w3.org/1999/02/22-rdf-syntax-ns#type> <http://dbpedia.org/ontology/Language> . ?uri <http://dbpedia.org/property/officialLanguages> ?language . } } ORDER BY DESC(COUNT(?language)) OFFSET 0 LIMIT 1,['semantic'],"{
  ""id"": ""q110"",
  ""question"": ""Which country has the most official languages?"",
  ""sparql_wrong"": ""SELECT DISTINCT ?uri WHERE { { ?uri <http://www.w3.org/1999/02/22-rdf-syntax-ns#type> <http://dbpedia.org/ontology/Language> . ?uri <http://dbpedia.org/property/officialLanguages> ?language . } } ORDER BY DESC(COUNT(?language)) OFFSET 0 LIMIT 1"",
  ""sparql_gold"": ""SELECT DISTINCT ?uri WHERE {{ ?uri <http://www.w3.org/1999/02/22-rdf-syntax-ns#type> <http://dbpedia.org/ontology/Country> . ?uri <http://dbpedia.org/property/officialLanguages> ?language . }} ORDER BY DESC(COUNT(?language)) OFFSET 0 LIMIT 1"",
  ""error_types"": [""semantic""]
}"
q111,What is the total amount of men and women serving in the FDNY?,SELECT DISTINCT ?num WHERE { <http://dbpedia.org/resource/New_York_City_Fire_Department> <http://dbpedia.org/property/employees> ?num },semantic,SELECT DISTINCT ?num WHERE { <http://dbpedia.org/resource/New_York_City_Fire_Department> <http://dbpedia.org/property/employee> ?num },['semantic'],"{
  ""id"": ""q111"",
  ""question"": ""What is the total amount of men and women serving in the FDNY?"",
  ""sparql_wrong"": ""SELECT DISTINCT ?num WHERE { <http://dbpedia.org/resource/New_York_City_Fire_Department> <http://dbpedia.org/property/employee> ?num }"",
  ""sparql_gold"": ""SELECT DISTINCT ?num WHERE {{ <http://dbpedia.org/resource/New_York_City_Fire_Department> <http://dbpedia.org/property/employees> ?num }}"",
  ""error_types"": [""semantic""]
}"
q112,Which actor played Chewbacca?,SELECT DISTINCT ?uri WHERE { <http://dbpedia.org/resource/Chewbacca> <http://dbpedia.org/ontology/portrayer> ?uri },semantic,SELECT DISTINCT ?uri WHERE { <http://dbpedia.org/resource/Chewbacca> <http://dbpedia.org/ontology/director> ?uri },['semantic'],"{
  ""id"": ""q112"",
  ""question"": ""Which actor played Chewbacca?"",
  ""sparql_wrong"": ""SELECT DISTINCT ?uri WHERE { <http://dbpedia.org/resource/Chewbacca> <http://dbpedia.org/ontology/director> ?uri }"",
  ""sparql_gold"": ""SELECT DISTINCT ?uri WHERE {{ <http://dbpedia.org/resource/Chewbacca> <http://dbpedia.org/ontology/portrayer> ?uri }}"",
  ""error_types"": [""semantic""]
}"
q113,Give me all libraries established earlier than 1400.,SELECT DISTINCT ?uri WHERE { ?uri a <http://dbpedia.org/ontology/Library> ; <http://dbpedia.org/property/established> ?year FILTER ( ?year < 1400 ) },semantic,SELECT DISTINCT ?uri WHERE { ?uri a <http://dbpedia.org/ontology/Museum> ; <http://dbpedia.org/property/established> ?year FILTER ( ?year < 1400 ) },['semantic'],"{
  ""id"": ""q113"",
  ""question"": ""Give me all libraries established earlier than 1400."",
  ""sparql_wrong"": ""SELECT DISTINCT ?uri WHERE { ?uri a <http://dbpedia.org/ontology/Museum> ; <http://dbpedia.org/property/established> ?year FILTER ( ?year < 1400 ) }"",
  ""sparql_gold"": ""SELECT DISTINCT ?uri WHERE {{ ?uri a <http://dbpedia.org/ontology/Library> ; <http://dbpedia.org/property/established> ?year FILTER ( ?year < 1400 ) }}"",
  ""error_types"": [""semantic""]
}"
q114,Which programming languages were influenced by Perl?,SELECT DISTINCT ?uri WHERE { ?uri a <http://dbpedia.org/ontology/ProgrammingLanguage> { ?uri <http://dbpedia.org/ontology/influencedBy> <http://dbpedia.org/resource/Perl> } UNION { <http://dbpedia.org/resource/Perl> <http://dbpedia.org/ontology/influenced> ?uri } },semantic,,['semantic'],
q115,In which U.S. state is Mount McKinley located?,SELECT DISTINCT ?uri WHERE { <http://dbpedia.org/resource/Mount_McKinley> dbo:wikiPageRedirects ?x . ?x <http://dbpedia.org/ontology/locatedInArea> ?uri. ?uri rdf:type yago:WikicatStatesOfTheUnitedStates },semantic,SELECT DISTINCT ?uri WHERE { <http://dbpedia.org/resource/Mount_McKinley> dbo:wikiPageRedirects ?x . ?x <http://dbpedia.org/ontology/locatedInArea> ?uri. ?uri rdf:type dbo:Country },['semantic'],"{
  ""id"": ""q115"",
  ""question"": ""In which U.S. state is Mount McKinley located?"",
  ""sparql_wrong"": ""SELECT DISTINCT ?uri WHERE { <http://dbpedia.org/resource/Mount_McKinley> dbo:wikiPageRedirects ?x . ?x <http://dbpedia.org/ontology/locatedInArea> ?uri. ?uri rdf:type dbo:Country }"",
  ""sparql_gold"": ""SELECT DISTINCT ?uri WHERE {{ <http://dbpedia.org/resource/Mount_McKinley> dbo:wikiPageRedirects ?x . ?x <http://dbpedia.org/ontology/locatedInArea> ?uri. ?uri rdf:type yago:WikicatStatesOfTheUnitedStates }}"",
  ""error_types"": [""semantic""]
}"
q116,What airlines are part of the SkyTeam alliance?,SELECT DISTINCT ?uri WHERE { ?uri a <http://dbpedia.org/ontology/Airline> { ?uri <http://dbpedia.org/ontology/alliance> <http://dbpedia.org/resource/SkyTeam> } UNION { ?uri <http://dbpedia.org/ontology/Alliance> <http://dbpedia.org/resource/SkyTeam> } },semantic,SELECT DISTINCT ?uri WHERE {{ ?uri a <http://dbpedia.org/ontology/Airport> {{ ?uri <http://dbpedia.org/ontology/alliance> <http://dbpedia.org/resource/SkyTeam> }} UNION {{ ?uri <http://dbpedia.org/ontology/Alliance> <http://dbpedia.org/resource/SkyTeam> }} }},['semantic'],"{
  ""id"": ""q116"",
  ""question"": ""What airlines are part of the SkyTeam alliance?"",
  ""sparql_wrong"": ""SELECT DISTINCT ?uri WHERE {{ ?uri a <http://dbpedia.org/ontology/Airport> {{ ?uri <http://dbpedia.org/ontology/alliance> <http://dbpedia.org/resource/SkyTeam> }} UNION {{ ?uri <http://dbpedia.org/ontology/Alliance> <http://dbpedia.org/resource/SkyTeam> }} }}"",
  ""sparql_gold"": ""SELECT DISTINCT ?uri WHERE {{ ?uri a <http://dbpedia.org/ontology/Airline> {{ ?uri <http://dbpedia.org/ontology/alliance> <http://dbpedia.org/resource/SkyTeam> }} UNION {{ ?uri <http://dbpedia.org/ontology/Alliance> <http://dbpedia.org/resource/SkyTeam> }} }}"",
  ""error_types"": [""semantic""]
}"
q117,Which ships were called after Benjamin Franklin?,SELECT DISTINCT ?uri WHERE { ?uri <http://dbpedia.org/property/shipNamesake> <http://dbpedia.org/resource/Benjamin_Franklin> },structural,SELECT DISTINCT ?uri WHERE {{ <http://dbpedia.org/resource/Benjamin_Franklin> <http://dbpedia.org/property/shipNamesake> ?uri }},['structural'],"{
  ""id"": ""q117"",
  ""question"": ""Which ships were called after Benjamin Franklin?"",
  ""sparql_wrong"": ""SELECT DISTINCT ?uri WHERE {{ <http://dbpedia.org/resource/Benjamin_Franklin> <http://dbpedia.org/property/shipNamesake> ?uri }}"",
  ""sparql_gold"": ""SELECT DISTINCT ?uri WHERE {{ ?uri <http://dbpedia.org/property/shipNamesake> <http://dbpedia.org/resource/Benjamin_Franklin> }}"",
  ""error_types"": [""structural""]
}"
q118,Give me all Methodist politicians.,SELECT DISTINCT ?uri WHERE { ?uri a <http://dbpedia.org/ontology/Politician> ; <http://dbpedia.org/ontology/religion> <http://dbpedia.org/resource/Methodism> },semantic,SELECT DISTINCT ?uri WHERE { ?uri a <http://dbpedia.org/ontology/Politician> ; <http://dbpedia.org/ontology/religion> <http://dbpedia.org/resource/Lutheranism> },['semantic'],"{
  ""id"": ""q118"",
  ""question"": ""Give me all Methodist politicians."",
  ""sparql_wrong"": ""SELECT DISTINCT ?uri WHERE { ?uri a <http://dbpedia.org/ontology/Politician> ; <http://dbpedia.org/ontology/religion> <http://dbpedia.org/resource/Lutheranism> }"",
  ""sparql_gold"": ""SELECT DISTINCT ?uri WHERE {{ ?uri a <http://dbpedia.org/ontology/Politician> ; <http://dbpedia.org/ontology/religion> <http://dbpedia.org/resource/Methodism> }}"",
  ""error_types"": [""semantic""]
}"
q119,What other books have been written by the author of The Fault in Our Stars?,PREFIX dbo: <http://dbpedia.org/ontology/> SELECT ?books WHERE { ?books dbo:author <http://dbpedia.org/resource/John_Green_(author)> },semantic,PREFIX dbo: <http://dbpedia.org/ontology/> SELECT ?books WHERE { ?books dbo:director <http://dbpedia.org/resource/John_Green_(author)> },['semantic'],"{
  ""id"": ""q119"",
  ""question"": ""What other books have been written by the author of The Fault in Our Stars?"",
  ""sparql_wrong"": ""PREFIX dbo: <http://dbpedia.org/ontology/> SELECT ?books WHERE { ?books dbo:director <http://dbpedia.org/resource/John_Green_(author)> }"",
  ""sparql_gold"": ""PREFIX dbo: <http://dbpedia.org/ontology/> SELECT ?books WHERE {{ ?books dbo:author <http://dbpedia.org/resource/John_Green_(author)> }}"",
  ""error_types"": [""semantic""]
}"
q120,What is the highest mountain?,SELECT DISTINCT ?uri WHERE { ?uri a <http://dbpedia.org/ontology/Mountain> ; <http://dbpedia.org/ontology/elevation> ?elevation } ORDER BY DESC(?elevation) OFFSET 0 LIMIT 1,semantic,SELECT DISTINCT ?uri WHERE { { ?uri a <http://dbpedia.org/ontology/River> ; <http://dbpedia.org/ontology/elevation> ?elevation } } ORDER BY DESC(?elevation) OFFSET 0 LIMIT 1,['semantic'],"{
  ""id"": ""q120"",
  ""question"": ""What is the highest mountain?"",
  ""sparql_wrong"": ""SELECT DISTINCT ?uri WHERE { { ?uri a <http://dbpedia.org/ontology/River> ; <http://dbpedia.org/ontology/elevation> ?elevation } } ORDER BY DESC(?elevation) OFFSET 0 LIMIT 1"",
  ""sparql_gold"": ""SELECT DISTINCT ?uri WHERE {{ ?uri a <http://dbpedia.org/ontology/Mountain> ; <http://dbpedia.org/ontology/elevation> ?elevation }} ORDER BY DESC(?elevation) OFFSET 0 LIMIT 1"",
  ""error_types"": [""semantic""]
}"
q121,Which poet wrote the most books?,SELECT DISTINCT ?uri WHERE { ?uri <http://dbpedia.org/ontology/occupation> <http://dbpedia.org/resource/Poet> . ?x <http://dbpedia.org/ontology/author> ?uri . ?x <http://www.w3.org/1999/02/22-rdf-syntax-ns#type> <http://dbpedia.org/ontology/Book> . } ORDER BY DESC(COUNT(?x)) OFFSET 0 LIMIT 1,syntax,SELECT DISTINCT ?uri WHERE { ?uri <http://dbpedia.org/ontology/occupation> <http://dbpedia.org/resource/Poet> . ?x <http://dbpedia.org/ontology/author> ?uri . ?x <http://www.w3.org/1999/02/22-rdf-syntax-ns#type> <http://dbpedia.org/ontology/Book> .  ORDER BY DESC(COUNT(?x)) OFFSET 0 LIMIT 1,['syntax'],"{
  ""id"": ""q121"",
  ""question"": ""Which poet wrote the most books?"",
  ""sparql_wrong"": ""SELECT DISTINCT ?uri WHERE { ?uri <http://dbpedia.org/ontology/occupation> <http://dbpedia.org/resource/Poet> . ?x <http://dbpedia.org/ontology/author> ?uri . ?x <http://www.w3.org/1999/02/22-rdf-syntax-ns#type> <http://dbpedia.org/ontology/Book> .  ORDER BY DESC(COUNT(?x)) OFFSET 0 LIMIT 1"",
  ""sparql_gold"": ""SELECT DISTINCT ?uri WHERE {{ ?uri <http://dbpedia.org/ontology/occupation> <http://dbpedia.org/resource/Poet> . ?x <http://dbpedia.org/ontology/author> ?uri . ?x <http://www.w3.org/1999/02/22-rdf-syntax-ns#type> <http://dbpedia.org/ontology/Book> . }} ORDER BY DESC(COUNT(?x)) OFFSET 0 LIMIT 1"",
  ""error_types"": [""syntax""]
}"
q122,Which programming languages influenced Javascript?,SELECT DISTINCT ?uri WHERE { ?uri a <http://dbpedia.org/ontology/ProgrammingLanguage> ; <http://dbpedia.org/ontology/influenced> <http://dbpedia.org/resource/JavaScript> },semantic,SELECT DISTINCT ?uri WHERE {{ ?uri a <http://dbpedia.org/ontology/Person> ; <http://dbpedia.org/ontology/influenced> <http://dbpedia.org/resource/JavaScript> }},['semantic'],"{
  ""id"": ""q122"",
  ""question"": ""Which programming languages influenced Javascript?"",
  ""sparql_wrong"": ""SELECT DISTINCT ?uri WHERE {{ ?uri a <http://dbpedia.org/ontology/Person> ; <http://dbpedia.org/ontology/influenced> <http://dbpedia.org/resource/JavaScript> }}"",
  ""sparql_gold"": ""SELECT DISTINCT ?uri WHERE {{ ?uri a <http://dbpedia.org/ontology/ProgrammingLanguage> ; <http://dbpedia.org/ontology/influenced> <http://dbpedia.org/resource/JavaScript> }}"",
  ""error_types"": [""semantic""]
}"
q123,Which musician wrote the most books?,SELECT DISTINCT ?uri WHERE { ?uri <http://dbpedia.org/ontology/occupation> <http://dbpedia.org/resource/Musician> . ?x <http://dbpedia.org/ontology/author> ?uri . ?x <http://www.w3.org/1999/02/22-rdf-syntax-ns#type> <http://dbpedia.org/ontology/Book> . } ORDER BY DESC(COUNT(?x)) OFFSET 0 LIMIT 1,semantic,SELECT DISTINCT ?uri WHERE { ?uri <http://dbpedia.org/ontology/occupation> <http://dbpedia.org/resource/Writer> . ?x <http://dbpedia.org/ontology/author> ?uri . ?x <http://www.w3.org/1999/02/22-rdf-syntax-ns#type> <http://dbpedia.org/ontology/Book> . } ORDER BY DESC(COUNT(?x)) OFFSET 0 LIMIT 1,['semantic'],"{
  ""id"": ""q123"",
  ""question"": ""Which musician wrote the most books?"",
  ""sparql_wrong"": ""SELECT DISTINCT ?uri WHERE { ?uri <http://dbpedia.org/ontology/occupation> <http://dbpedia.org/resource/Writer> . ?x <http://dbpedia.org/ontology/author> ?uri . ?x <http://www.w3.org/1999/02/22-rdf-syntax-ns#type> <http://dbpedia.org/ontology/Book> . } ORDER BY DESC(COUNT(?x)) OFFSET 0 LIMIT 1"",
  ""sparql_gold"": ""SELECT DISTINCT ?uri WHERE {{ ?uri <http://dbpedia.org/ontology/occupation> <http://dbpedia.org/resource/Musician> . ?x <http://dbpedia.org/ontology/author> ?uri . ?x <http://www.w3.org/1999/02/22-rdf-syntax-ns#type> <http://dbpedia.org/ontology/Book> . }} ORDER BY DESC(COUNT(?x)) OFFSET 0 LIMIT 1"",
  ""error_types"": [""semantic""]
}"
q124,Which films starring Clint Eastwood did he direct himself?,SELECT DISTINCT ?uri WHERE { ?uri <http://dbpedia.org/ontology/director> <http://dbpedia.org/resource/Clint_Eastwood> ; <http://dbpedia.org/ontology/starring> <http://dbpedia.org/resource/Clint_Eastwood> },semantic,SELECT DISTINCT ?uri WHERE { ?uri <http://dbpedia.org/ontology/director> <http://dbpedia.org/resource/Clint_Eastwood> ; <http://dbpedia.org/ontology/writer> <http://dbpedia.org/resource/Clint_Eastwood> },['semantic'],"{
  ""id"": ""q124"",
  ""question"": ""Which films starring Clint Eastwood did he direct himself?"",
  ""sparql_wrong"": ""SELECT DISTINCT ?uri WHERE { ?uri <http://dbpedia.org/ontology/director> <http://dbpedia.org/resource/Clint_Eastwood> ; <http://dbpedia.org/ontology/writer> <http://dbpedia.org/resource/Clint_Eastwood> }"",
  ""sparql_gold"": ""SELECT DISTINCT ?uri WHERE {{ ?uri <http://dbpedia.org/ontology/director> <http://dbpedia.org/resource/Clint_Eastwood> ; <http://dbpedia.org/ontology/starring> <http://dbpedia.org/resource/Clint_Eastwood> }}"",
  ""error_types"": [""semantic""]
}"
q125,Which software has been developed by organizations founded in California?,SELECT DISTINCT ?uri WHERE { ?uri a <http://dbpedia.org/ontology/Software> . ?company a <http://dbpedia.org/ontology/Company> . ?uri <http://dbpedia.org/ontology/developer> ?company . ?company <http://dbpedia.org/ontology/foundationPlace> <http://dbpedia.org/resource/California> },semantic,SELECT DISTINCT ?uri WHERE { ?uri a <http://dbpedia.org/ontology/Software> . ?company a <http://dbpedia.org/ontology/Place> . ?uri <http://dbpedia.org/ontology/developer> ?company . ?company <http://dbpedia.org/ontology/foundationPlace> <http://dbpedia.org/resource/California> },['semantic'],"{
  ""id"": ""q125"",
  ""question"": ""Which software has been developed by organizations founded in California?"",
  ""sparql_wrong"": ""SELECT DISTINCT ?uri WHERE { ?uri a <http://dbpedia.org/ontology/Software> . ?company a <http://dbpedia.org/ontology/Place> . ?uri <http://dbpedia.org/ontology/developer> ?company . ?company <http://dbpedia.org/ontology/foundationPlace> <http://dbpedia.org/resource/California> }"",
  ""sparql_gold"": ""SELECT DISTINCT ?uri WHERE { ?uri a <http://dbpedia.org/ontology/Software> . ?company a <http://dbpedia.org/ontology/Company> . ?uri <http://dbpedia.org/ontology/developer> ?company . ?company <http://dbpedia.org/ontology/foundationPlace> <http://dbpedia.org/resource/California> }"",
  ""error_types"": [""semantic""]
}"
q126,Which instruments does Cat Stevens play?,SELECT DISTINCT ?uri WHERE { <http://dbpedia.org/resource/Cat_Stevens> <http://dbpedia.org/ontology/instrument> ?uri },semantic,SELECT DISTINCT ?uri WHERE { <http://dbpedia.org/resource/Cat_Stevens> <http://dbpedia.org/ontology/genre> ?uri },['semantic'],"{
  ""id"": ""q126"",
  ""question"": ""Which instruments does Cat Stevens play?"",
  ""sparql_wrong"": ""SELECT DISTINCT ?uri WHERE { <http://dbpedia.org/resource/Cat_Stevens> <http://dbpedia.org/ontology/genre> ?uri }"",
  ""sparql_gold"": ""SELECT DISTINCT ?uri WHERE { <http://dbpedia.org/resource/Cat_Stevens> <http://dbpedia.org/ontology/instrument> ?uri }"",
  ""error_types"": [""semantic""]
}"
q127,How many airlines are members of the Star Alliance?,SELECT (COUNT(DISTINCT ?uri) AS ?c) WHERE { ?uri a <http://dbpedia.org/ontology/Airline> ; <http://dbpedia.org/ontology/alliance> <http://dbpedia.org/resource/Star_Alliance> },semantic,SELECT (COUNT(DISTINCT ?uri) AS ?c) WHERE {{ ?uri a <http://dbpedia.org/ontology/Airport> ; <http://dbpedia.org/ontology/alliance> <http://dbpedia.org/resource/Star_Alliance> }},['semantic'],"{
  ""id"": ""q127"",
  ""question"": ""How many airlines are members of the Star Alliance?"",
  ""sparql_wrong"": ""SELECT (COUNT(DISTINCT ?uri) AS ?c) WHERE {{ ?uri a <http://dbpedia.org/ontology/Airport> ; <http://dbpedia.org/ontology/alliance> <http://dbpedia.org/resource/Star_Alliance> }}"",
  ""sparql_gold"": ""SELECT (COUNT(DISTINCT ?uri) AS ?c) WHERE {{ ?uri a <http://dbpedia.org/ontology/Airline> ; <http://dbpedia.org/ontology/alliance> <http://dbpedia.org/resource/Star_Alliance> }}"",
  ""error_types"": [""semantic""]
}"
q128,Give me all actors called Baldwin.,PREFIX foaf:<http://xmlns.com/foaf/0.1/> SELECT DISTINCT ?uri WHERE { ?uri foaf:surname 'Baldwin'@en . { ?uri <http://dbpedia.org/ontology/occupation> <http://dbpedia.org/resource/Actor> . } UNION { ?uri <http://www.w3.org/1999/02/22-rdf-syntax-ns#type> <http://dbpedia.org/ontology/Actor> . } },semantic,PREFIX foaf:<http://xmlns.com/foaf/0.1/> SELECT DISTINCT ?uri WHERE {{ ?uri foaf:surname 'Baldwin'@en . {{ ?uri <http://dbpedia.org/ontology/occupation> <http://dbpedia.org/resource/Painter> . }} UNION {{ ?uri <http://www.w3.org/1999/02/22-rdf-syntax-ns#type> <http://dbpedia.org/ontology/Actor> . }} }},['semantic'],"{
  ""id"": ""q128"",
  ""question"": ""Give me all actors called Baldwin."",
  ""sparql_wrong"": ""PREFIX foaf:<http://xmlns.com/foaf/0.1/> SELECT DISTINCT ?uri WHERE {{ ?uri foaf:surname 'Baldwin'@en . {{ ?uri <http://dbpedia.org/ontology/occupation> <http://dbpedia.org/resource/Painter> . }} UNION {{ ?uri <http://www.w3.org/1999/02/22-rdf-syntax-ns#type> <http://dbpedia.org/ontology/Actor> . }} }}"",
  ""sparql_gold"": ""PREFIX foaf:<http://xmlns.com/foaf/0.1/> SELECT DISTINCT ?uri WHERE {{ ?uri foaf:surname 'Baldwin'@en . {{ ?uri <http://dbpedia.org/ontology/occupation> <http://dbpedia.org/resource/Actor> . }} UNION {{ ?uri <http://www.w3.org/1999/02/22-rdf-syntax-ns#type> <http://dbpedia.org/ontology/Actor> . }} }}"",
  ""error_types"": [""semantic""]
}"
q129,Who wrote The Hunger Games?,SELECT DISTINCT ?uri WHERE { <http://dbpedia.org/resource/The_Hunger_Games> <http://dbpedia.org/property/author> ?uri },structural,SELECT DISTINCT ?uri WHERE { { ?uri <http://dbpedia.org/property/author> <http://dbpedia.org/resource/The_Hunger_Games> } },['structural'],"{
  ""id"": ""q129"",
  ""question"": ""Who wrote The Hunger Games?"",
  ""sparql_wrong"": ""SELECT DISTINCT ?uri WHERE { { ?uri <http://dbpedia.org/property/author> <http://dbpedia.org/resource/The_Hunger_Games> } }"",
  ""sparql_gold"": ""SELECT DISTINCT ?uri WHERE {{ <http://dbpedia.org/resource/The_Hunger_Games> <http://dbpedia.org/property/author> ?uri }}"",
  ""error_types"": [""structural""]
}"
q130,For which label did Elvis record his first album?,PREFIX dbo: <http://dbpedia.org/ontology/> PREFIX res: <http://dbpedia.org/resource/> PREFIX rdf: <http://www.w3.org/1999/02/22-rdf-syntax-ns#> SELECT DISTINCT ?uri WHERE { ?x rdf:type dbo:Album ; dbo:artist res:Elvis_Presley ; dbo:releaseDate ?y ; dbo:recordLabel ?uri } ORDER BY ASC(?y) OFFSET 0 LIMIT 1,semantic,PREFIX dbo: <http://dbpedia.org/ontology/> PREFIX res: <http://dbpedia.org/resource/> PREFIX rdf: <http://www.w3.org/1999/02/22-rdf-syntax-ns#> SELECT DISTINCT ?uri WHERE {{ ?x rdf:type dbo:Album ; dbo:artist res:Elvis_Presley ; dbo:releaseDate ?y ; dbo:producer ?uri }} ORDER BY ASC(?y) OFFSET 0 LIMIT 1,['semantic'],"{
  ""id"": ""q130"",
  ""question"": ""For which label did Elvis record his first album?"",
  ""sparql_wrong"": ""PREFIX dbo: <http://dbpedia.org/ontology/> PREFIX res: <http://dbpedia.org/resource/> PREFIX rdf: <http://www.w3.org/1999/02/22-rdf-syntax-ns#> SELECT DISTINCT ?uri WHERE {{ ?x rdf:type dbo:Album ; dbo:artist res:Elvis_Presley ; dbo:releaseDate ?y ; dbo:producer ?uri }} ORDER BY ASC(?y) OFFSET 0 LIMIT 1"",
  ""sparql_gold"": ""PREFIX dbo: <http://dbpedia.org/ontology/> PREFIX res: <http://dbpedia.org/resource/> PREFIX rdf: <http://www.w3.org/1999/02/22-rdf-syntax-ns#> SELECT DISTINCT ?uri WHERE {{ ?x rdf:type dbo:Album ; dbo:artist res:Elvis_Presley ; dbo:releaseDate ?y ; dbo:recordLabel ?uri }} ORDER BY ASC(?y) OFFSET 0 LIMIT 1"",
  ""error_types"": [""semantic""]
}"
q131,Is Christian Bale starring in Batman Begins?,PREFIX dbo: <http://dbpedia.org/ontology/> PREFIX res: <http://dbpedia.org/resource/> ASK WHERE { res:Batman_Begins dbo:starring res:Christian_Bale },semantic,PREFIX dbo: <http://dbpedia.org/ontology/> PREFIX res: <http://dbpedia.org/resource/> ASK WHERE { res:Batman_Begins dbo:director res:Christian_Bale },['semantic'],"{
  ""id"": ""q131"",
  ""question"": ""Is Christian Bale starring in Batman Begins?"",
  ""sparql_wrong"": ""PREFIX dbo: <http://dbpedia.org/ontology/> PREFIX res: <http://dbpedia.org/resource/> ASK WHERE { res:Batman_Begins dbo:director res:Christian_Bale }"",
  ""sparql_gold"": ""PREFIX dbo: <http://dbpedia.org/ontology/> PREFIX res: <http://dbpedia.org/resource/> ASK WHERE {{ res:Batman_Begins dbo:starring res:Christian_Bale }}"",
  ""error_types"": [""semantic""]
}"
q132,Where is the residence of the prime minister of Spain?,SELECT DISTINCT ?uri WHERE { <http://dbpedia.org/resource/Prime_Minister_of_Spain> <http://dbpedia.org/property/residence> ?uri },structural,SELECT DISTINCT ?uri WHERE {{ ?uri <http://dbpedia.org/property/residence> <http://dbpedia.org/resource/Prime_Minister_of_Spain> }},['structural'],"{
  ""id"": ""q132"",
  ""question"": ""Where is the residence of the prime minister of Spain?"",
  ""sparql_wrong"": ""SELECT DISTINCT ?uri WHERE {{ ?uri <http://dbpedia.org/property/residence> <http://dbpedia.org/resource/Prime_Minister_of_Spain> }}"",
  ""sparql_gold"": ""SELECT DISTINCT ?uri WHERE {{ <http://dbpedia.org/resource/Prime_Minister_of_Spain> <http://dbpedia.org/property/residence> ?uri }}"",
  ""error_types"": [""structural""]
}"
q133,Which actor was casted in the most movies?,SELECT DISTINCT ?uri WHERE { ?uri <http://www.w3.org/1999/02/22-rdf-syntax-ns#type> <http://dbpedia.org/ontology/Actor> . ?f <http://www.w3.org/1999/02/22-rdf-syntax-ns#type> <http://dbpedia.org/ontology/Film> . ?f <http://dbpedia.org/ontology/starring> ?uri . } ORDER BY DESC(COUNT(DISTINCT(?f))) OFFSET 0 LIMIT 1,structural,SELECT DISTINCT ?uri WHERE { { ?uri <http://www.w3.org/1999/02/22-rdf-syntax-ns#type> <http://dbpedia.org/ontology/Actor> . ?f <http://www.w3.org/1999/02/22-rdf-syntax-ns#type> <http://dbpedia.org/ontology/Film> . ?uri <http://dbpedia.org/ontology/starring> ?f . } } ORDER BY DESC(COUNT(DISTINCT(?f))) OFFSET 0 LIMIT 1,['structural'],"{
  ""id"": ""q133"",
  ""question"": ""Which actor was casted in the most movies?"",
  ""sparql_wrong"": ""SELECT DISTINCT ?uri WHERE { { ?uri <http://www.w3.org/1999/02/22-rdf-syntax-ns#type> <http://dbpedia.org/ontology/Actor> . ?f <http://www.w3.org/1999/02/22-rdf-syntax-ns#type> <http://dbpedia.org/ontology/Film> . ?uri <http://dbpedia.org/ontology/starring> ?f . } } ORDER BY DESC(COUNT(DISTINCT(?f))) OFFSET 0 LIMIT 1"",
  ""sparql_gold"": ""SELECT DISTINCT ?uri WHERE {{ ?uri <http://www.w3.org/1999/02/22-rdf-syntax-ns#type> <http://dbpedia.org/ontology/Actor> . ?f <http://www.w3.org/1999/02/22-rdf-syntax-ns#type> <http://dbpedia.org/ontology/Film> . ?f <http://dbpedia.org/ontology/starring> ?uri . }} ORDER BY DESC(COUNT(DISTINCT(?f))) OFFSET 0 LIMIT 1"",
  ""error_types"": [""structural""]
}"
q134,Which countries have more than two official languages?,SELECT DISTINCT ?uri WHERE { ?uri a <http://dbpedia.org/ontology/Country> ; <http://dbpedia.org/ontology/officialLanguage> ?language } GROUP BY ?uri HAVING ( COUNT(?language) > 2 ),semantic,SELECT DISTINCT ?uri WHERE { ?uri a <http://dbpedia.org/ontology/Country> ; <http://dbpedia.org/ontology/officialResidence> ?language } GROUP BY ?uri HAVING ( COUNT(?language) > 2 ),['semantic'],"{
  ""id"": ""q134"",
  ""question"": ""Which countries have more than two official languages?"",
  ""sparql_wrong"": ""SELECT DISTINCT ?uri WHERE { ?uri a <http://dbpedia.org/ontology/Country> ; <http://dbpedia.org/ontology/officialResidence> ?language } GROUP BY ?uri HAVING ( COUNT(?language) > 2 )"",
  ""sparql_gold"": ""SELECT DISTINCT ?uri WHERE {{ ?uri a <http://dbpedia.org/ontology/Country> ; <http://dbpedia.org/ontology/officialLanguage> ?language }} GROUP BY ?uri HAVING ( COUNT(?language) > 2 )"",
  ""error_types"": [""semantic""]
}"
q135,Which countries have more than ten caves?,SELECT DISTINCT ?uri WHERE { ?uri a <http://dbpedia.org/ontology/Country> . ?cave a <http://dbpedia.org/ontology/Cave> { ?cave <http://dbpedia.org/ontology/location> ?uri } UNION { ?cave <http://dbpedia.org/ontology/location> ?loc . ?loc <http://dbpedia.org/ontology/country> ?uri } } GROUP BY ?uri HAVING ( COUNT(?cave) > 10 ),semantic,SELECT DISTINCT ?uri WHERE {{ ?uri a <http://dbpedia.org/ontology/City> . ?cave a <http://dbpedia.org/ontology/Cave> {{ ?cave <http://dbpedia.org/ontology/location> ?uri }} UNION {{ ?cave <http://dbpedia.org/ontology/location> ?loc . ?loc <http://dbpedia.org/ontology/country> ?uri }} }} GROUP BY ?uri HAVING ( COUNT(?cave) > 10 ),['semantic'],"{
  ""id"": ""q135"",
  ""question"": ""Which countries have more than ten caves?"",
  ""sparql_wrong"": ""SELECT DISTINCT ?uri WHERE {{ ?uri a <http://dbpedia.org/ontology/City> . ?cave a <http://dbpedia.org/ontology/Cave> {{ ?cave <http://dbpedia.org/ontology/location> ?uri }} UNION {{ ?cave <http://dbpedia.org/ontology/location> ?loc . ?loc <http://dbpedia.org/ontology/country> ?uri }} }} GROUP BY ?uri HAVING ( COUNT(?cave) > 10 )"",
  ""sparql_gold"": ""SELECT DISTINCT ?uri WHERE {{ ?uri a <http://dbpedia.org/ontology/Country> . ?cave a <http://dbpedia.org/ontology/Cave> {{ ?cave <http://dbpedia.org/ontology/location> ?uri }} UNION {{ ?cave <http://dbpedia.org/ontology/location> ?loc . ?loc <http://dbpedia.org/ontology/country> ?uri }} }} GROUP BY ?uri HAVING ( COUNT(?cave) > 10 )"",
  ""error_types"": [""semantic""]
}"
q136,Show me all songs from Bruce Springsteen released between 1980 and 1990.,SELECT DISTINCT ?uri WHERE { ?uri <http://www.w3.org/1999/02/22-rdf-syntax-ns#type> <http://dbpedia.org/ontology/Song> . ?uri <http://dbpedia.org/ontology/artist> <http://dbpedia.org/resource/Bruce_Springsteen> . ?uri <http://dbpedia.org/ontology/releaseDate> ?date . FILTER (?date >= '1980-01-01'^^xsd:date && ?date <= '1990-12-31'^^xsd:date) },syntax,SELECT DISTINCT ?uri WHERE { ?uri <http://www.w3.org/1999/02/22-rdf-syntax-ns#type> <http://dbpedia.org/ontology/Song> . ?uri <http://dbpedia.org/ontology/artist> <http://dbpedia.org/resource/Bruce_Springsteen> . ?uri <http://dbpedia.org/ontology/releaseDate> ?date . FILTER (?date >= '1980-01-01'^^xsd:date && ?date <= '1990-12-31'^^xsd:date) ,['syntax'],"{
  ""id"": ""q136"",
  ""question"": ""Show me all songs from Bruce Springsteen released between 1980 and 1990."",
  ""sparql_wrong"": ""SELECT DISTINCT ?uri WHERE { ?uri <http://www.w3.org/1999/02/22-rdf-syntax-ns#type> <http://dbpedia.org/ontology/Song> . ?uri <http://dbpedia.org/ontology/artist> <http://dbpedia.org/resource/Bruce_Springsteen> . ?uri <http://dbpedia.org/ontology/releaseDate> ?date . FILTER (?date >= '1980-01-01'^^xsd:date && ?date <= '1990-12-31'^^xsd:date) "",
  ""sparql_gold"": ""SELECT DISTINCT ?uri WHERE {{ ?uri <http://www.w3.org/1999/02/22-rdf-syntax-ns#type> <http://dbpedia.org/ontology/Song> . ?uri <http://dbpedia.org/ontology/artist> <http://dbpedia.org/resource/Bruce_Springsteen> . ?uri <http://dbpedia.org/ontology/releaseDate> ?date . FILTER (?date >= '1980-01-01'^^xsd:date && ?date <= '1990-12-31'^^xsd:date) }}"",
  ""error_types"": [""syntax""]
}"
q137,Which television shows were created by John Cleese?,SELECT DISTINCT ?uri WHERE { ?uri a <http://dbpedia.org/ontology/TelevisionShow> ; <http://dbpedia.org/ontology/creator> <http://dbpedia.org/resource/John_Cleese> },semantic,SELECT DISTINCT ?uri WHERE { ?uri a <http://dbpedia.org/ontology/TelevisionShow> ; <http://dbpedia.org/ontology/editor> <http://dbpedia.org/resource/John_Cleese> },['semantic'],"{
  ""id"": ""q137"",
  ""question"": ""Which television shows were created by John Cleese?"",
  ""sparql_wrong"": ""SELECT DISTINCT ?uri WHERE { ?uri a <http://dbpedia.org/ontology/TelevisionShow> ; <http://dbpedia.org/ontology/editor> <http://dbpedia.org/resource/John_Cleese> }"",
  ""sparql_gold"": ""SELECT DISTINCT ?uri WHERE {{ ?uri a <http://dbpedia.org/ontology/TelevisionShow> ; <http://dbpedia.org/ontology/creator> <http://dbpedia.org/resource/John_Cleese> }}"",
  ""error_types"": [""semantic""]
}"
q138,When did Latvia join the EU?,SELECT DISTINCT ?date WHERE { <http://dbpedia.org/resource/Latvia> <http://dbpedia.org/property/accessioneudate> ?date },semantic,SELECT DISTINCT ?date WHERE { <http://dbpedia.org/resource/Latvia> <http://dbpedia.org/property/accessiondate> ?date },['semantic'],"{
  ""id"": ""q138"",
  ""question"": ""When did Latvia join the EU?"",
  ""sparql_wrong"": ""SELECT DISTINCT ?date WHERE { <http://dbpedia.org/resource/Latvia> <http://dbpedia.org/property/accessiondate> ?date }"",
  ""sparql_gold"": ""SELECT DISTINCT ?date WHERE {{ <http://dbpedia.org/resource/Latvia> <http://dbpedia.org/property/accessioneudate> ?date }}"",
  ""error_types"": [""semantic""]
}"
q139,Which soccer players were born on Malta?,SELECT DISTINCT ?uri WHERE { ?uri a <http://dbpedia.org/ontology/SoccerPlayer> ; <http://dbpedia.org/ontology/birthPlace> <http://dbpedia.org/resource/Malta> },semantic,SELECT DISTINCT ?uri WHERE { ?uri a <http://dbpedia.org/ontology/TennisPlayer> ; <http://dbpedia.org/ontology/birthPlace> <http://dbpedia.org/resource/Malta> },['semantic'],"{
  ""id"": ""q139"",
  ""question"": ""Which soccer players were born on Malta?"",
  ""sparql_wrong"": ""SELECT DISTINCT ?uri WHERE { ?uri a <http://dbpedia.org/ontology/TennisPlayer> ; <http://dbpedia.org/ontology/birthPlace> <http://dbpedia.org/resource/Malta> }"",
  ""sparql_gold"": ""SELECT DISTINCT ?uri WHERE {{ ?uri a <http://dbpedia.org/ontology/SoccerPlayer> ; <http://dbpedia.org/ontology/birthPlace> <http://dbpedia.org/resource/Malta> }}"",
  ""error_types"": [""semantic""]
}"
q140,How many politicians graduated from Columbia University?,SELECT (COUNT(DISTINCT ?uri) AS ?c) WHERE { ?uri <http://dbpedia.org/ontology/profession> <http://dbpedia.org/resource/Politician> ; <http://dbpedia.org/ontology/almaMater> <http://dbpedia.org/resource/Columbia_University> },semantic,SELECT (COUNT(DISTINCT ?uri) AS ?c) WHERE { { ?uri <http://dbpedia.org/ontology/profession> <http://dbpedia.org/resource/Politician> ; <http://dbpedia.org/ontology/birthPlace> <http://dbpedia.org/resource/Columbia_University> } },['semantic'],"{
  ""id"": ""q140"",
  ""question"": ""How many politicians graduated from Columbia University?"",
  ""sparql_wrong"": ""SELECT (COUNT(DISTINCT ?uri) AS ?c) WHERE { { ?uri <http://dbpedia.org/ontology/profession> <http://dbpedia.org/resource/Politician> ; <http://dbpedia.org/ontology/birthPlace> <http://dbpedia.org/resource/Columbia_University> } }"",
  ""sparql_gold"": ""SELECT (COUNT(DISTINCT ?uri) AS ?c) WHERE {{ ?uri <http://dbpedia.org/ontology/profession> <http://dbpedia.org/resource/Politician> ; <http://dbpedia.org/ontology/almaMater> <http://dbpedia.org/resource/Columbia_University> }}"",
  ""error_types"": [""semantic""]
}"
q141,Give me the birthdays of all actors of the television show Charmed.,SELECT DISTINCT ?date WHERE { <http://dbpedia.org/resource/Charmed> <http://dbpedia.org/ontology/starring> ?actor . ?actor <http://dbpedia.org/ontology/birthDate> ?date },semantic,SELECT DISTINCT ?date WHERE { <http://dbpedia.org/resource/Charmed> <http://dbpedia.org/ontology/starring> ?actor . ?actor <http://dbpedia.org/ontology/deathDate> ?date },['semantic'],"{
  ""id"": ""q141"",
  ""question"": ""Give me the birthdays of all actors of the television show Charmed."",
  ""sparql_wrong"": ""SELECT DISTINCT ?date WHERE { <http://dbpedia.org/resource/Charmed> <http://dbpedia.org/ontology/starring> ?actor . ?actor <http://dbpedia.org/ontology/deathDate> ?date }"",
  ""sparql_gold"": ""SELECT DISTINCT ?date WHERE {{ <http://dbpedia.org/resource/Charmed> <http://dbpedia.org/ontology/starring> ?actor . ?actor <http://dbpedia.org/ontology/birthDate> ?date }}"",
  ""error_types"": [""semantic""]
}"
q142,Which telecommunications organizations are located in Belgium?,"SELECT (COUNT(DISTINCT ?uri) AS ?c) WHERE { ?uri a <http://dbpedia.org/ontology/Organisation> { ?uri <http://dbpedia.org/ontology/industry> <http://dbpedia.org/resource/Telecommunication> } UNION { ?uri <http://dbpedia.org/property/industry> ?industry FILTER regex(?industry, ""Telecommunications"") } { ?uri <http://dbpedia.org/ontology/location> <http://dbpedia.org/resource/Belgium> } UNION { ?uri <http://dbpedia.org/property/locationCountry> ""Belgium""@en } }",semantic,"SELECT (COUNT(DISTINCT ?uri) AS ?c) WHERE {{ ?uri a <http://dbpedia.org/ontology/Person> {{ ?uri <http://dbpedia.org/ontology/industry> <http://dbpedia.org/resource/Telecommunication> }} UNION {{ ?uri <http://dbpedia.org/property/industry> ?industry FILTER regex(?industry, ""Telecommunications"") }} {{ ?uri <http://dbpedia.org/ontology/location> <http://dbpedia.org/resource/Belgium> }} UNION {{ ?uri <http://dbpedia.org/property/locationCountry> ""Belgium""@en }} }}",['semantic'],"{
  ""id"": ""q142"",
  ""question"": ""Which telecommunications organizations are located in Belgium?"",
  ""sparql_wrong"": ""SELECT (COUNT(DISTINCT ?uri) AS ?c) WHERE {{ ?uri a <http://dbpedia.org/ontology/Person> {{ ?uri <http://dbpedia.org/ontology/industry> <http://dbpedia.org/resource/Telecommunication> }} UNION {{ ?uri <http://dbpedia.org/property/industry> ?industry FILTER regex(?industry, \""Telecommunications\"") }} {{ ?uri <http://dbpedia.org/ontology/location> <http://dbpedia.org/resource/Belgium> }} UNION {{ ?uri <http://dbpedia.org/property/locationCountry> \""Belgium\""@en }} }}"",
  ""sparql_gold"": ""SELECT (COUNT(DISTINCT ?uri) AS ?c) WHERE {{ ?uri a <http://dbpedia.org/ontology/Organisation> {{ ?uri <http://dbpedia.org/ontology/industry> <http://dbpedia.org/resource/Telecommunication> }} UNION {{ ?uri <http://dbpedia.org/property/industry> ?industry FILTER regex(?industry, \""Telecommunications\"") }} {{ ?uri <http://dbpedia.org/ontology/location> <http://dbpedia.org/resource/Belgium> }} UNION {{ ?uri <http://dbpedia.org/property/locationCountry> \""Belgium\""@en }} }}"",
  ""error_types"": [""semantic""]
}"
q143,Give me a list of all lakes in Denmark.,SELECT DISTINCT ?uri WHERE { { ?uri a <http://dbpedia.org/ontology/Lake> ; <http://dbpedia.org/ontology/country> <http://dbpedia.org/resource/Denmark> } UNION { ?uri a <http://dbpedia.org/class/yago/LakesOfDenmark> } },structural,SELECT DISTINCT ?uri WHERE { { { <http://dbpedia.org/resource/Denmark> <http://dbpedia.org/ontology/country> ?uri ; a <http://dbpedia.org/ontology/Lake> } UNION { ?uri a <http://dbpedia.org/class/yago/LakesOfDenmark> } } },['structural'],"{
  ""id"": ""q143"",
  ""question"": ""Give me a list of all lakes in Denmark."",
  ""sparql_wrong"": ""SELECT DISTINCT ?uri WHERE { { { <http://dbpedia.org/resource/Denmark> <http://dbpedia.org/ontology/country> ?uri ; a <http://dbpedia.org/ontology/Lake> } UNION { ?uri a <http://dbpedia.org/class/yago/LakesOfDenmark> } } }"",
  ""sparql_gold"": ""SELECT DISTINCT ?uri WHERE {{ {{ ?uri a <http://dbpedia.org/ontology/Lake> ; <http://dbpedia.org/ontology/country> <http://dbpedia.org/resource/Denmark> }} UNION {{ ?uri a <http://dbpedia.org/class/yago/LakesOfDenmark> }} }}"",
  ""error_types"": [""structural""]
}"
q144,How many children does Eddie Murphy have?,SELECT DISTINCT ?n WHERE { <http://dbpedia.org/resource/Eddie_Murphy> <http://dbpedia.org/property/children> ?n },semantic,SELECT DISTINCT ?n WHERE { <http://dbpedia.org/resource/Eddie_Murphy> <http://dbpedia.org/property/parent> ?n },['semantic'],"{
  ""id"": ""q144"",
  ""question"": ""How many children does Eddie Murphy have?"",
  ""sparql_wrong"": ""SELECT DISTINCT ?n WHERE { <http://dbpedia.org/resource/Eddie_Murphy> <http://dbpedia.org/property/parent> ?n }"",
  ""sparql_gold"": ""SELECT DISTINCT ?n WHERE {{ <http://dbpedia.org/resource/Eddie_Murphy> <http://dbpedia.org/property/children> ?n }}"",
  ""error_types"": [""semantic""]
}"
q145,Show me all English Gothic buildings in Kent.,SELECT ?uri WHERE { ?uri a <http://dbpedia.org/ontology/Building> ; <http://dbpedia.org/ontology/architecturalStyle> <http://dbpedia.org/resource/English_Gothic_architecture> ; <http://dbpedia.org/ontology/location> <http://dbpedia.org/resource/Kent> },semantic,SELECT ?uri WHERE {{ ?uri a <http://dbpedia.org/ontology/Person> ; <http://dbpedia.org/ontology/architecturalStyle> <http://dbpedia.org/resource/English_Gothic_architecture> ; <http://dbpedia.org/ontology/location> <http://dbpedia.org/resource/Kent> }},['semantic'],"{
  ""id"": ""q145"",
  ""question"": ""Show me all English Gothic buildings in Kent."",
  ""sparql_wrong"": ""SELECT ?uri WHERE {{ ?uri a <http://dbpedia.org/ontology/Person> ; <http://dbpedia.org/ontology/architecturalStyle> <http://dbpedia.org/resource/English_Gothic_architecture> ; <http://dbpedia.org/ontology/location> <http://dbpedia.org/resource/Kent> }}"",
  ""sparql_gold"": ""SELECT ?uri WHERE {{ ?uri a <http://dbpedia.org/ontology/Building> ; <http://dbpedia.org/ontology/architecturalStyle> <http://dbpedia.org/resource/English_Gothic_architecture> ; <http://dbpedia.org/ontology/location> <http://dbpedia.org/resource/Kent> }}"",
  ""error_types"": [""semantic""]
}"
q146,Who is the manager of Real Madrid?,SELECT DISTINCT ?uri WHERE { <http://dbpedia.org/resource/Real_Madrid_C.F.> <http://dbpedia.org/ontology/manager> ?uri },semantic,SELECT DISTINCT ?uri WHERE { <http://dbpedia.org/resource/Real_Madrid_C.F.> <http://dbpedia.org/ontology/chairman> ?uri },['semantic'],"{
  ""id"": ""q146"",
  ""question"": ""Who is the manager of Real Madrid?"",
  ""sparql_wrong"": ""SELECT DISTINCT ?uri WHERE { <http://dbpedia.org/resource/Real_Madrid_C.F.> <http://dbpedia.org/ontology/chairman> ?uri }"",
  ""sparql_gold"": ""SELECT DISTINCT ?uri WHERE {{ <http://dbpedia.org/resource/Real_Madrid_C.F.> <http://dbpedia.org/ontology/manager> ?uri }}"",
  ""error_types"": [""semantic""]
}"
q147,In which countries can you pay using the West African CFA franc?,SELECT DISTINCT ?uri WHERE { ?uri <http://dbpedia.org/ontology/currency> <http://dbpedia.org/resource/West_African_CFA_franc> },semantic,SELECT DISTINCT ?uri WHERE { ?uri <http://dbpedia.org/ontology/currency> <http://dbpedia.org/resource/Central_African_CFA_franc> },['semantic'],"{
  ""id"": ""q147"",
  ""question"": ""In which countries can you pay using the West African CFA franc?"",
  ""sparql_wrong"": ""SELECT DISTINCT ?uri WHERE { ?uri <http://dbpedia.org/ontology/currency> <http://dbpedia.org/resource/Central_African_CFA_franc> }"",
  ""sparql_gold"": ""SELECT DISTINCT ?uri WHERE { ?uri <http://dbpedia.org/ontology/currency> <http://dbpedia.org/resource/West_African_CFA_franc> }"",
  ""error_types"": [""semantic""]
}"
q148,Which holidays are celebrated around the world?,PREFIX dbo: <http://dbpedia.org/ontology/> PREFIX rdf: <http://www.w3.org/1999/02/22-rdf-syntax-ns#> SELECT DISTINCT ?uri WHERE { ?uri rdf:type dbo:Holiday },syntax,PREFIX dbo: <http://dbpedia.org/ontology/> PREFIX rdf: <http://www.w3.org/1999/02/22-rdf-syntax-ns#> SELECT DISTINCT ?uri WHERE { ?uri rdf:type dbo:Holiday }},['syntax'],"{
  ""id"": ""q148"",
  ""question"": ""Which holidays are celebrated around the world?"",
  ""sparql_wrong"": ""PREFIX dbo: <http://dbpedia.org/ontology/> PREFIX rdf: <http://www.w3.org/1999/02/22-rdf-syntax-ns#> SELECT DISTINCT ?uri WHERE { ?uri rdf:type dbo:Holiday }}"",
  ""sparql_gold"": ""PREFIX dbo: <http://dbpedia.org/ontology/> PREFIX rdf: <http://www.w3.org/1999/02/22-rdf-syntax-ns#> SELECT DISTINCT ?uri WHERE {{ ?uri rdf:type dbo:Holiday }}"",
  ""error_types"": [""syntax""]
}"
q149,What is the longest river?,SELECT DISTINCT ?uri WHERE { ?uri a <http://dbpedia.org/ontology/River> { ?uri <http://dbpedia.org/ontology/length> ?l } UNION { ?uri <http://dbpedia.org/property/length> ?l } } ORDER BY DESC(?l) OFFSET 0 LIMIT 1,semantic,SELECT DISTINCT ?uri WHERE {{ ?uri a <http://dbpedia.org/ontology/Lake> {{ ?uri <http://dbpedia.org/ontology/length> ?l }} UNION {{ ?uri <http://dbpedia.org/property/length> ?l }} }} ORDER BY DESC(?l) OFFSET 0 LIMIT 1,['semantic'],"{
  ""id"": ""q149"",
  ""question"": ""What is the longest river?"",
  ""sparql_wrong"": ""SELECT DISTINCT ?uri WHERE {{ ?uri a <http://dbpedia.org/ontology/Lake> {{ ?uri <http://dbpedia.org/ontology/length> ?l }} UNION {{ ?uri <http://dbpedia.org/property/length> ?l }} }} ORDER BY DESC(?l) OFFSET 0 LIMIT 1"",
  ""sparql_gold"": ""SELECT DISTINCT ?uri WHERE {{ ?uri a <http://dbpedia.org/ontology/River> {{ ?uri <http://dbpedia.org/ontology/length> ?l }} UNION {{ ?uri <http://dbpedia.org/property/length> ?l }} }} ORDER BY DESC(?l) OFFSET 0 LIMIT 1"",
  ""error_types"": [""semantic""]
}"
q150,Which organizations were founded in 1930?,"SELECT DISTINCT ?uri WHERE { ?uri a <http://dbpedia.org/ontology/Organisation> { ?uri <http://dbpedia.org/ontology/formationYear> ?date } UNION { ?uri <http://dbpedia.org/ontology/foundingYear> ?date } FILTER regex(?date, ""^1930"") }",semantic,"SELECT DISTINCT ?uri WHERE { ?uri a <http://dbpedia.org/ontology/Person> { ?uri <http://dbpedia.org/ontology/formationYear> ?date } UNION { ?uri <http://dbpedia.org/ontology/foundingYear> ?date } FILTER regex(?date, ""^1930"") }",['semantic'],"{
  ""id"": ""q150"",
  ""question"": ""Which organizations were founded in 1930?"",
  ""sparql_wrong"": ""SELECT DISTINCT ?uri WHERE { ?uri a <http://dbpedia.org/ontology/Person> { ?uri <http://dbpedia.org/ontology/formationYear> ?date } UNION { ?uri <http://dbpedia.org/ontology/foundingYear> ?date } FILTER regex(?date, \""^1930\"") }"",
  ""sparql_gold"": ""SELECT DISTINCT ?uri WHERE {{ ?uri a <http://dbpedia.org/ontology/Organisation> {{ ?uri <http://dbpedia.org/ontology/formationYear> ?date }} UNION {{ ?uri <http://dbpedia.org/ontology/foundingYear> ?date }} FILTER regex(?date, \""^1930\"") }}"",
  ""error_types"": [""semantic""]
}"
q151,What is the birth name of Angela Merkel?,SELECT DISTINCT ?string WHERE { <http://dbpedia.org/resource/Angela_Merkel> <http://dbpedia.org/property/birthName> ?string },semantic,SELECT DISTINCT ?string WHERE {{ <http://dbpedia.org/resource/Angela_Merkel> <http://dbpedia.org/property/deathName> ?string }},['semantic'],"{
  ""id"": ""q151"",
  ""question"": ""What is the birth name of Angela Merkel?"",
  ""sparql_wrong"": ""SELECT DISTINCT ?string WHERE {{ <http://dbpedia.org/resource/Angela_Merkel> <http://dbpedia.org/property/deathName> ?string }}"",
  ""sparql_gold"": ""SELECT DISTINCT ?string WHERE {{ <http://dbpedia.org/resource/Angela_Merkel> <http://dbpedia.org/property/birthName> ?string }}"",
  ""error_types"": [""semantic""]
}"
q152,Who has Tom Cruise been married to?,SELECT DISTINCT ?uri WHERE { ?uri <http://dbpedia.org/ontology/spouse> <http://dbpedia.org/resource/Tom_Cruise> },syntax,SELECT DISTINCT ?uri WHERE { ?uri <http://dbpedia.org/ontology/spouse> <http://dbpedia.org/resource/Tom_Cruise> },['syntax'],"{
  ""id"": ""q152"",
  ""question"": ""Who has Tom Cruise been married to?"",
  ""sparql_wrong"": ""SELECT DISTINCT ?uri WHERE { ?uri <http://dbpedia.org/ontology/spouse> <http://dbpedia.org/resource/Tom_Cruise> }"",
  ""sparql_gold"": ""SELECT DISTINCT ?uri WHERE {{ ?uri <http://dbpedia.org/ontology/spouse> <http://dbpedia.org/resource/Tom_Cruise> }}"",
  ""error_types"": [""syntax""]
}"
q153,Which weapons did Heckler & Koch develop?,SELECT DISTINCT ?uri WHERE { ?uri a <http://dbpedia.org/ontology/Weapon> ; <http://dbpedia.org/property/designer> <http://dbpedia.org/resource/Heckler_&_Koch> },structural,SELECT DISTINCT ?uri WHERE { <http://dbpedia.org/resource/Heckler_&_Koch> a <http://dbpedia.org/ontology/Weapon> ; <http://dbpedia.org/property/designer> ?uri },['structural'],"{
  ""id"": ""q153"",
  ""question"": ""Which weapons did Heckler & Koch develop?"",
  ""sparql_wrong"": ""SELECT DISTINCT ?uri WHERE { <http://dbpedia.org/resource/Heckler_&_Koch> a <http://dbpedia.org/ontology/Weapon> ; <http://dbpedia.org/property/designer> ?uri }"",
  ""sparql_gold"": ""SELECT DISTINCT ?uri WHERE {{ ?uri a <http://dbpedia.org/ontology/Weapon> ; <http://dbpedia.org/property/designer> <http://dbpedia.org/resource/Heckler_&_Koch> }}"",
  ""error_types"": [""structural""]
}"
q154,What is the smallest city by area in Germany?,PREFIX dbo: <http://dbpedia.org/ontology/> PREFIX skos: <http://www.w3.org/2004/02/skos/core#> PREFIX dbc: <http://dbpedia.org/resource/Category:> PREFIX dct: <http://purl.org/dc/terms/> SELECT ?city WHERE { ?m skos:broader dbc:Cities_in_Germany . ?city dct:subject ?m ; dbo:areaTotal ?area } ORDER BY ?area LIMIT 1,semantic,PREFIX dbo: <http://dbpedia.org/ontology/> PREFIX skos: <http://www.w3.org/2004/02/skos/core#> PREFIX dbc: <http://dbpedia.org/resource/Category:> PREFIX dct: <http://purl.org/dc/terms/> SELECT ?city WHERE { ?m skos:broader dbc:Cities_in_Germany . ?city dct:subject ?m ; dbo:populationTotal ?area } ORDER BY ?area LIMIT 1,['semantic'],"{
  ""id"": ""q154"",
  ""question"": ""What is the smallest city by area in Germany?"",
  ""sparql_wrong"": ""PREFIX dbo: <http://dbpedia.org/ontology/> PREFIX skos: <http://www.w3.org/2004/02/skos/core#> PREFIX dbc: <http://dbpedia.org/resource/Category:> PREFIX dct: <http://purl.org/dc/terms/> SELECT ?city WHERE { ?m skos:broader dbc:Cities_in_Germany . ?city dct:subject ?m ; dbo:populationTotal ?area } ORDER BY ?area LIMIT 1"",
  ""sparql_gold"": ""PREFIX dbo: <http://dbpedia.org/ontology/> PREFIX skos: <http://www.w3.org/2004/02/skos/core#> PREFIX dbc: <http://dbpedia.org/resource/Category:> PREFIX dct: <http://purl.org/dc/terms/> SELECT ?city WHERE {{ ?m skos:broader dbc:Cities_in_Germany . ?city dct:subject ?m ; dbo:areaTotal ?area }} ORDER BY ?area LIMIT 1"",
  ""error_types"": [""semantic""]
}"
q155,What is the ruling party in Lisbon?,SELECT DISTINCT ?uri WHERE { <http://dbpedia.org/resource/Lisbon> <http://dbpedia.org/property/leaderParty> ?uri },semantic,SELECT DISTINCT ?uri WHERE { <http://dbpedia.org/resource/Lisbon> <http://dbpedia.org/property/leaderName> ?uri },['semantic'],"{
  ""id"": ""q155"",
  ""question"": ""What is the ruling party in Lisbon?"",
  ""sparql_wrong"": ""SELECT DISTINCT ?uri WHERE { <http://dbpedia.org/resource/Lisbon> <http://dbpedia.org/property/leaderName> ?uri }"",
  ""sparql_gold"": ""SELECT DISTINCT ?uri WHERE {{ <http://dbpedia.org/resource/Lisbon> <http://dbpedia.org/property/leaderParty> ?uri }}"",
  ""error_types"": [""semantic""]
}"
q156,How heavy is Jupiter's lightest moon?,SELECT DISTINCT ?n WHERE { ?uri <http://dbpedia.org/property/satelliteOf> <http://dbpedia.org/resource/Jupiter> ; <http://dbpedia.org/ontology/mass> ?n } ORDER BY ASC(?n) OFFSET 0 LIMIT 1,semantic,SELECT DISTINCT ?n WHERE {{ ?uri <http://dbpedia.org/property/satelliteOf> <http://dbpedia.org/resource/Jupiter> ; <http://dbpedia.org/ontology/height> ?n }} ORDER BY ASC(?n) OFFSET 0 LIMIT 1,['semantic'],"{
  ""id"": ""q156"",
  ""question"": ""How heavy is Jupiter's lightest moon?"",
  ""sparql_wrong"": ""SELECT DISTINCT ?n WHERE {{ ?uri <http://dbpedia.org/property/satelliteOf> <http://dbpedia.org/resource/Jupiter> ; <http://dbpedia.org/ontology/height> ?n }} ORDER BY ASC(?n) OFFSET 0 LIMIT 1"",
  ""sparql_gold"": ""SELECT DISTINCT ?n WHERE {{ ?uri <http://dbpedia.org/property/satelliteOf> <http://dbpedia.org/resource/Jupiter> ; <http://dbpedia.org/ontology/mass> ?n }} ORDER BY ASC(?n) OFFSET 0 LIMIT 1"",
  ""error_types"": [""semantic""]
}"
q157,How many employees does IBM have?,SELECT DISTINCT ?number WHERE { <http://dbpedia.org/resource/IBM> <http://dbpedia.org/ontology/numberOfEmployees> ?number },semantic,SELECT DISTINCT ?number WHERE { <http://dbpedia.org/resource/IBM> <http://dbpedia.org/ontology/numberOfStudents> ?number },['semantic'],"{
  ""id"": ""q157"",
  ""question"": ""How many employees does IBM have?"",
  ""sparql_wrong"": ""SELECT DISTINCT ?number WHERE { <http://dbpedia.org/resource/IBM> <http://dbpedia.org/ontology/numberOfStudents> ?number }"",
  ""sparql_gold"": ""SELECT DISTINCT ?number WHERE {{ <http://dbpedia.org/resource/IBM> <http://dbpedia.org/ontology/numberOfEmployees> ?number }}"",
  ""error_types"": [""semantic""]
}"
q158,List all episodes of the first season of the HBO television series The Sopranos!,PREFIX dbo: <http://dbpedia.org/ontology/> PREFIX res: <http://dbpedia.org/resource/> SELECT DISTINCT ?uri WHERE { ?uri dbo:series res:The_Sopranos ; dbo:seasonNumber 1 },semantic,PREFIX dbo: <http://dbpedia.org/ontology/> PREFIX res: <http://dbpedia.org/resource/> SELECT DISTINCT ?uri WHERE { ?uri dbo:series res:The_Wire ; dbo:seasonNumber 1 },['semantic'],"{
  ""id"": ""q158"",
  ""question"": ""List all episodes of the first season of the HBO television series The Sopranos!"",
  ""sparql_wrong"": ""PREFIX dbo: <http://dbpedia.org/ontology/> PREFIX res: <http://dbpedia.org/resource/> SELECT DISTINCT ?uri WHERE { ?uri dbo:series res:The_Wire ; dbo:seasonNumber 1 }"",
  ""sparql_gold"": ""PREFIX dbo: <http://dbpedia.org/ontology/> PREFIX res: <http://dbpedia.org/resource/> SELECT DISTINCT ?uri WHERE {{ ?uri dbo:series res:The_Sopranos ; dbo:seasonNumber 1 }}"",
  ""error_types"": [""semantic""]
}"
q159,What does ICRO stand for?,"SELECT DISTINCT ?uri WHERE { ?uri <http://dbpedia.org/ontology/abbreviation> ""ICRO"" }",semantic,"SELECT DISTINCT ?uri WHERE { ?uri <http://dbpedia.org/ontology/acronym> ""ICRO"" }",['semantic'],"{
  ""id"": ""q159"",
  ""question"": ""What does ICRO stand for?"",
  ""sparql_wrong"": ""SELECT DISTINCT ?uri WHERE { ?uri <http://dbpedia.org/ontology/acronym> \""ICRO\"" }"",
  ""sparql_gold"": ""SELECT DISTINCT ?uri WHERE { ?uri <http://dbpedia.org/ontology/abbreviation> \""ICRO\"" }"",
  ""error_types"": [""semantic""]
}"
q160,Does the new Battlestar Galactica series have more episodes than the old one?,PREFIX dbo: <http://dbpedia.org/ontology/> PREFIX res: <http://dbpedia.org/resource/> ASK WHERE { <http://dbpedia.org/resource/Battlestar_Galactica_%281978_TV_series%29> dbo:numberOfEpisodes ?x . <http://dbpedia.org/resource/Battlestar_Galactica_%282004_TV_series%29> dbo:numberOfEpisodes ?y FILTER ( ?y > ?x ) },semantic,PREFIX dbo: <http://dbpedia.org/ontology/> PREFIX res: <http://dbpedia.org/resource/> ASK WHERE { <http://dbpedia.org/resource/Battlestar_Galactica_%281978_TV_series%29> dbo:numberOfSeasons ?x . <http://dbpedia.org/resource/Battlestar_Galactica_%282004_TV_series%29> dbo:numberOfEpisodes ?y FILTER ( ?y > ?x ) },['semantic'],"{
  ""id"": ""q160"",
  ""question"": ""Does the new Battlestar Galactica series have more episodes than the old one?"",
  ""sparql_wrong"": ""PREFIX dbo: <http://dbpedia.org/ontology/> PREFIX res: <http://dbpedia.org/resource/> ASK WHERE { <http://dbpedia.org/resource/Battlestar_Galactica_%281978_TV_series%29> dbo:numberOfSeasons ?x . <http://dbpedia.org/resource/Battlestar_Galactica_%282004_TV_series%29> dbo:numberOfEpisodes ?y FILTER ( ?y > ?x ) }"",
  ""sparql_gold"": ""PREFIX dbo: <http://dbpedia.org/ontology/> PREFIX res: <http://dbpedia.org/resource/> ASK WHERE {{ <http://dbpedia.org/resource/Battlestar_Galactica_%281978_TV_series%29> dbo:numberOfEpisodes ?x . <http://dbpedia.org/resource/Battlestar_Galactica_%282004_TV_series%29> dbo:numberOfEpisodes ?y FILTER ( ?y > ?x ) }}"",
  ""error_types"": [""semantic""]
}"
q161,Give me all films produced by Hal Roach.,SELECT DISTINCT ?uri WHERE { ?uri a <http://dbpedia.org/ontology/Film> ; <http://dbpedia.org/ontology/producer> <http://dbpedia.org/resource/Hal_Roach> },syntax,SELECT DISTINCT ?uri WHERE { ?uri a <http://dbpedia.org/ontology/Film> ; <http://dbpedia.org/ontology/producer> <http://dbpedia.org/resource/Hal_Roach> ,['syntax'],"{
  ""id"": ""q161"",
  ""question"": ""Give me all films produced by Hal Roach."",
  ""sparql_wrong"": ""SELECT DISTINCT ?uri WHERE { ?uri a <http://dbpedia.org/ontology/Film> ; <http://dbpedia.org/ontology/producer> <http://dbpedia.org/resource/Hal_Roach> "",
  ""sparql_gold"": ""SELECT DISTINCT ?uri WHERE {{ ?uri a <http://dbpedia.org/ontology/Film> ; <http://dbpedia.org/ontology/producer> <http://dbpedia.org/resource/Hal_Roach> }}"",
  ""error_types"": [""syntax""]
}"
q162,Who played Agent Smith in Matrix?,PREFIX res: <http://dbpedia.org/resource/> PREFIX dbp: <http://dbpedia.org/property/> SELECT DISTINCT ?uri WHERE { res:Agent_Smith <http://dbpedia.org/ontology/portrayer> ?uri },semantic,PREFIX res: <http://dbpedia.org/resource/> PREFIX dbp: <http://dbpedia.org/property/> SELECT DISTINCT ?uri WHERE { res:Agent_Smith <http://dbpedia.org/ontology/director> ?uri },['semantic'],"{
  ""id"": ""q162"",
  ""question"": ""Who played Agent Smith in Matrix?"",
  ""sparql_wrong"": ""PREFIX res: <http://dbpedia.org/resource/> PREFIX dbp: <http://dbpedia.org/property/> SELECT DISTINCT ?uri WHERE { res:Agent_Smith <http://dbpedia.org/ontology/director> ?uri }"",
  ""sparql_gold"": ""PREFIX res: <http://dbpedia.org/resource/> PREFIX dbp: <http://dbpedia.org/property/> SELECT DISTINCT ?uri WHERE {{ res:Agent_Smith <http://dbpedia.org/ontology/portrayer> ?uri }}"",
  ""error_types"": [""semantic""]
}"
q163,Which Greek parties are pro-European?,SELECT DISTINCT ?uri WHERE { ?uri a <http://dbpedia.org/ontology/PoliticalParty> ; <http://dbpedia.org/ontology/country> <http://dbpedia.org/resource/Greece> ; <http://dbpedia.org/ontology/ideology> <http://dbpedia.org/resource/Pro-Europeanism> },semantic,SELECT DISTINCT ?uri WHERE { ?uri a <http://dbpedia.org/ontology/Person> ; <http://dbpedia.org/ontology/country> <http://dbpedia.org/resource/Greece> ; <http://dbpedia.org/ontology/ideology> <http://dbpedia.org/resource/Pro-Europeanism> },['semantic'],"{
  ""id"": ""q163"",
  ""question"": ""Which Greek parties are pro-European?"",
  ""sparql_wrong"": ""SELECT DISTINCT ?uri WHERE { ?uri a <http://dbpedia.org/ontology/Person> ; <http://dbpedia.org/ontology/country> <http://dbpedia.org/resource/Greece> ; <http://dbpedia.org/ontology/ideology> <http://dbpedia.org/resource/Pro-Europeanism> }"",
  ""sparql_gold"": ""SELECT DISTINCT ?uri WHERE {{ ?uri a <http://dbpedia.org/ontology/PoliticalParty> ; <http://dbpedia.org/ontology/country> <http://dbpedia.org/resource/Greece> ; <http://dbpedia.org/ontology/ideology> <http://dbpedia.org/resource/Pro-Europeanism> }}"",
  ""error_types"": [""semantic""]
}"
q164,Give me a list of all bandleaders that play trumpet.,SELECT DISTINCT ?uri WHERE { ?uri <http://dbpedia.org/ontology/occupation> <http://dbpedia.org/resource/Bandleader> ; <http://dbpedia.org/ontology/instrument> <http://dbpedia.org/resource/Trumpet> },syntax,SELECT DISTINCT ?uri WHERE { ?uri <http://dbpedia.org/ontology/occupation> <http://dbpedia.org/resource/Bandleader> ; <http://dbpedia.org/ontology/instrument> <http://dbpedia.org/resource/Trumpet> ,['syntax'],"{
  ""id"": ""q164"",
  ""question"": ""Give me a list of all bandleaders that play trumpet."",
  ""sparql_wrong"": ""SELECT DISTINCT ?uri WHERE { ?uri <http://dbpedia.org/ontology/occupation> <http://dbpedia.org/resource/Bandleader> ; <http://dbpedia.org/ontology/instrument> <http://dbpedia.org/resource/Trumpet> "",
  ""sparql_gold"": ""SELECT DISTINCT ?uri WHERE {{ ?uri <http://dbpedia.org/ontology/occupation> <http://dbpedia.org/resource/Bandleader> ; <http://dbpedia.org/ontology/instrument> <http://dbpedia.org/resource/Trumpet> }}"",
  ""error_types"": [""syntax""]
}"
q165,What is the second highest mountain on Earth?,SELECT DISTINCT ?uri WHERE { ?uri a <http://dbpedia.org/ontology/Mountain> ; <http://dbpedia.org/ontology/elevation> ?elevation } ORDER BY DESC(?elevation) OFFSET 1 LIMIT 1,structural,SELECT DISTINCT ?uri WHERE { ?elevation a <http://dbpedia.org/ontology/Mountain> ; <http://dbpedia.org/ontology/elevation> ?uri } ORDER BY DESC(?uri) OFFSET 1 LIMIT 1,['structural'],"{
  ""id"": ""q165"",
  ""question"": ""What is the second highest mountain on Earth?"",
  ""sparql_wrong"": ""SELECT DISTINCT ?uri WHERE { ?elevation a <http://dbpedia.org/ontology/Mountain> ; <http://dbpedia.org/ontology/elevation> ?uri } ORDER BY DESC(?uri) OFFSET 1 LIMIT 1"",
  ""sparql_gold"": ""SELECT DISTINCT ?uri WHERE {{ ?uri a <http://dbpedia.org/ontology/Mountain> ; <http://dbpedia.org/ontology/elevation> ?elevation }} ORDER BY DESC(?elevation) OFFSET 1 LIMIT 1"",
  ""error_types"": [""structural""]
}"
q166,Is Egypts largest city also its capital?,ASK WHERE { <http://dbpedia.org/resource/Egypt> <http://dbpedia.org/ontology/largestCity> ?large ; <http://dbpedia.org/ontology/capital> ?capital FILTER ( ?large = ?capital ) },semantic,ASK WHERE { <http://dbpedia.org/resource/Egypt> <http://dbpedia.org/ontology/largestCity> ?large ; <http://dbpedia.org/ontology/capitalCity> ?capital FILTER ( ?large = ?capital ) },['semantic'],"{
  ""id"": ""q166"",
  ""question"": ""Is Egypts largest city also its capital?"",
  ""sparql_wrong"": ""ASK WHERE { <http://dbpedia.org/resource/Egypt> <http://dbpedia.org/ontology/largestCity> ?large ; <http://dbpedia.org/ontology/capitalCity> ?capital FILTER ( ?large = ?capital ) }"",
  ""sparql_gold"": ""ASK WHERE {{ <http://dbpedia.org/resource/Egypt> <http://dbpedia.org/ontology/largestCity> ?large ; <http://dbpedia.org/ontology/capital> ?capital FILTER ( ?large = ?capital ) }}"",
  ""error_types"": [""semantic""]
}"
q167,Which rockets were launched from Baikonur?,SELECT DISTINCT ?uri WHERE { ?uri a <http://dbpedia.org/ontology/Rocket> ; <http://dbpedia.org/ontology/launchSite> <http://dbpedia.org/resource/Baikonur_Cosmodrome> },semantic,SELECT DISTINCT ?uri WHERE { ?uri a <http://dbpedia.org/ontology/Aircraft> ; <http://dbpedia.org/ontology/launchSite> <http://dbpedia.org/resource/Baikonur_Cosmodrome> },['semantic'],"{
  ""id"": ""q167"",
  ""question"": ""Which rockets were launched from Baikonur?"",
  ""sparql_wrong"": ""SELECT DISTINCT ?uri WHERE { ?uri a <http://dbpedia.org/ontology/Aircraft> ; <http://dbpedia.org/ontology/launchSite> <http://dbpedia.org/resource/Baikonur_Cosmodrome> }"",
  ""sparql_gold"": ""SELECT DISTINCT ?uri WHERE {{ ?uri a <http://dbpedia.org/ontology/Rocket> ; <http://dbpedia.org/ontology/launchSite> <http://dbpedia.org/resource/Baikonur_Cosmodrome> }}"",
  ""error_types"": [""semantic""]
}"
q168,How many programming languages are there?,SELECT (COUNT(DISTINCT ?uri) AS ?c) WHERE { ?uri a <http://dbpedia.org/ontology/ProgrammingLanguage> },semantic,SELECT (COUNT(DISTINCT ?uri) AS ?c) WHERE { ?uri a <http://dbpedia.org/ontology/Software> },['semantic'],"{
  ""id"": ""q168"",
  ""question"": ""How many programming languages are there?"",
  ""sparql_wrong"": ""SELECT (COUNT(DISTINCT ?uri) AS ?c) WHERE { ?uri a <http://dbpedia.org/ontology/Software> }"",
  ""sparql_gold"": ""SELECT (COUNT(DISTINCT ?uri) AS ?c) WHERE {{ ?uri a <http://dbpedia.org/ontology/ProgrammingLanguage> }}"",
  ""error_types"": [""semantic""]
}"
q169,Which Chess players died in the same place they were born in?,SELECT DISTINCT ?uri WHERE { ?uri a <http://dbpedia.org/ontology/ChessPlayer> ; <http://dbpedia.org/ontology/birthPlace> ?x ; <http://dbpedia.org/ontology/deathPlace> ?y FILTER ( ?x = ?y ) },semantic,SELECT DISTINCT ?uri WHERE {{ ?uri a <http://dbpedia.org/ontology/ChessPlayer> ; <http://dbpedia.org/ontology/birthPlace> ?x ; <http://dbpedia.org/ontology/deathDate> ?y FILTER ( ?x = ?y ) }},['semantic'],"{
  ""id"": ""q169"",
  ""question"": ""Which Chess players died in the same place they were born in?"",
  ""sparql_wrong"": ""SELECT DISTINCT ?uri WHERE {{ ?uri a <http://dbpedia.org/ontology/ChessPlayer> ; <http://dbpedia.org/ontology/birthPlace> ?x ; <http://dbpedia.org/ontology/deathDate> ?y FILTER ( ?x = ?y ) }}"",
  ""sparql_gold"": ""SELECT DISTINCT ?uri WHERE {{ ?uri a <http://dbpedia.org/ontology/ChessPlayer> ; <http://dbpedia.org/ontology/birthPlace> ?x ; <http://dbpedia.org/ontology/deathPlace> ?y FILTER ( ?x = ?y ) }}"",
  ""error_types"": [""semantic""]
}"
q170,Who is the owner of Facebook?,SELECT DISTINCT ?uri WHERE { <http://dbpedia.org/resource/Facebook> <http://dbpedia.org/ontology/foundedBy> ?uri },semantic,SELECT DISTINCT ?uri WHERE { <http://dbpedia.org/resource/Facebook> <http://dbpedia.org/ontology/owner> ?uri },['semantic'],"{
  ""id"": ""q170"",
  ""question"": ""Who is the owner of Facebook?"",
  ""sparql_wrong"": ""SELECT DISTINCT ?uri WHERE { <http://dbpedia.org/resource/Facebook> <http://dbpedia.org/ontology/owner> ?uri }"",
  ""sparql_gold"": ""SELECT DISTINCT ?uri WHERE {{ <http://dbpedia.org/resource/Facebook> <http://dbpedia.org/ontology/foundedBy> ?uri }}"",
  ""error_types"": [""semantic""]
}"
q171,Give me all movies with Tom Cruise.,SELECT DISTINCT ?uri WHERE { ?uri a <http://dbpedia.org/ontology/Film> ; <http://dbpedia.org/ontology/starring> <http://dbpedia.org/resource/Tom_Cruise> },semantic,SELECT DISTINCT ?uri WHERE { ?uri a <http://dbpedia.org/ontology/Person> ; <http://dbpedia.org/ontology/starring> <http://dbpedia.org/resource/Tom_Cruise> },['semantic'],"{
  ""id"": ""q171"",
  ""question"": ""Give me all movies with Tom Cruise."",
  ""sparql_wrong"": ""SELECT DISTINCT ?uri WHERE { ?uri a <http://dbpedia.org/ontology/Person> ; <http://dbpedia.org/ontology/starring> <http://dbpedia.org/resource/Tom_Cruise> }"",
  ""sparql_gold"": ""SELECT DISTINCT ?uri WHERE {{ ?uri a <http://dbpedia.org/ontology/Film> ; <http://dbpedia.org/ontology/starring> <http://dbpedia.org/resource/Tom_Cruise> }}"",
  ""error_types"": [""semantic""]
}"
q172,In which U.S. state is Fort Knox located?,PREFIX dbo: <http://dbpedia.org/ontology/> PREFIX res: <http://dbpedia.org/resource/> PREFIX dbp: <http://dbpedia.org/property/> SELECT DISTINCT ?uri WHERE { res:Fort_Knox dbo:location ?uri . ?uri dbo:country res:United_States },semantic,PREFIX dbo: <http://dbpedia.org/ontology/> PREFIX res: <http://dbpedia.org/resource/> PREFIX dbp: <http://dbpedia.org/property/> SELECT DISTINCT ?uri WHERE { res:Fort_Knox dbo:location ?uri . ?uri dbo:country res:Canada },['semantic'],"{
  ""id"": ""q172"",
  ""question"": ""In which U.S. state is Fort Knox located?"",
  ""sparql_wrong"": ""PREFIX dbo: <http://dbpedia.org/ontology/> PREFIX res: <http://dbpedia.org/resource/> PREFIX dbp: <http://dbpedia.org/property/> SELECT DISTINCT ?uri WHERE { res:Fort_Knox dbo:location ?uri . ?uri dbo:country res:Canada }"",
  ""sparql_gold"": ""PREFIX dbo: <http://dbpedia.org/ontology/> PREFIX res: <http://dbpedia.org/resource/> PREFIX dbp: <http://dbpedia.org/property/> SELECT DISTINCT ?uri WHERE {{ res:Fort_Knox dbo:location ?uri . ?uri dbo:country res:United_States }}"",
  ""error_types"": [""semantic""]
}"
q173,Give me all cities in New Jersey with more than 100000 inhabitants.,PREFIX dbo: <http://dbpedia.org/ontology/> PREFIX res: <http://dbpedia.org/resource/> PREFIX dbp: <http://dbpedia.org/property/> PREFIX rdf: <http://www.w3.org/1999/02/22-rdf-syntax-ns#> SELECT DISTINCT ?uri WHERE { ?uri rdf:type dbo:City ; dbo:isPartOf res:New_Jersey ; dbo:populationTotal ?inhabitants FILTER ( ?inhabitants > 100000 ) },syntax,PREFIX dbo: <http://dbpedia.org/ontology/> PREFIX res: <http://dbpedia.org/resource/> PREFIX dbp: <http://dbpedia.org/property/> PREFIX rdf: <http://www.w3.org/1999/02/22-rdf-syntax-ns#> SELECT DISTINCT ?uri WHERE { ?uri rdf:type dbo:City ; dbo:isPartOf res:New_Jersey ; dbo:populationTotal ?inhabitants FILTER ( ?inhabitants > 100000 ) },['syntax'],"{
  ""id"": ""q173"",
  ""question"": ""Give me all cities in New Jersey with more than 100000 inhabitants."",
  ""sparql_wrong"": ""PREFIX dbo: <http://dbpedia.org/ontology/> PREFIX res: <http://dbpedia.org/resource/> PREFIX dbp: <http://dbpedia.org/property/> PREFIX rdf: <http://www.w3.org/1999/02/22-rdf-syntax-ns#> SELECT DISTINCT ?uri WHERE { ?uri rdf:type dbo:City ; dbo:isPartOf res:New_Jersey ; dbo:populationTotal ?inhabitants FILTER ( ?inhabitants > 100000 ) }"",
  ""sparql_gold"": ""PREFIX dbo: <http://dbpedia.org/ontology/> PREFIX res: <http://dbpedia.org/resource/> PREFIX dbp: <http://dbpedia.org/property/> PREFIX rdf: <http://www.w3.org/1999/02/22-rdf-syntax-ns#> SELECT DISTINCT ?uri WHERE {{ ?uri rdf:type dbo:City ; dbo:isPartOf res:New_Jersey ; dbo:populationTotal ?inhabitants FILTER ( ?inhabitants > 100000 ) }}"",
  ""error_types"": [""syntax""]
}"
q174,Which mountains are higher than the Nanga Parbat?,SELECT DISTINCT ?uri WHERE { <http://dbpedia.org/resource/Nanga_Parbat> <http://dbpedia.org/ontology/elevation> ?elevation . ?uri a <http://dbpedia.org/ontology/Mountain> { ?uri <http://dbpedia.org/ontology/elevation> ?otherelevation } UNION { ?uri <http://dbpedia.org/property/elevationM> ?otherelevation } FILTER ( ?otherelevation > ?elevation ) },semantic,SELECT DISTINCT ?uri WHERE {{ <http://dbpedia.org/resource/Nanga_Parbat> <http://dbpedia.org/ontology/elevation> ?elevation . ?uri a <http://dbpedia.org/ontology/River> {{ ?uri <http://dbpedia.org/ontology/elevation> ?otherelevation }} UNION {{ ?uri <http://dbpedia.org/property/elevationM> ?otherelevation }} FILTER ( ?otherelevation > ?elevation ) }},['semantic'],"{
  ""id"": ""q174"",
  ""question"": ""Which mountains are higher than the Nanga Parbat?"",
  ""sparql_wrong"": ""SELECT DISTINCT ?uri WHERE {{ <http://dbpedia.org/resource/Nanga_Parbat> <http://dbpedia.org/ontology/elevation> ?elevation . ?uri a <http://dbpedia.org/ontology/River> {{ ?uri <http://dbpedia.org/ontology/elevation> ?otherelevation }} UNION {{ ?uri <http://dbpedia.org/property/elevationM> ?otherelevation }} FILTER ( ?otherelevation > ?elevation ) }}"",
  ""sparql_gold"": ""SELECT DISTINCT ?uri WHERE {{ <http://dbpedia.org/resource/Nanga_Parbat> <http://dbpedia.org/ontology/elevation> ?elevation . ?uri a <http://dbpedia.org/ontology/Mountain> {{ ?uri <http://dbpedia.org/ontology/elevation> ?otherelevation }} UNION {{ ?uri <http://dbpedia.org/property/elevationM> ?otherelevation }} FILTER ( ?otherelevation > ?elevation ) }}"",
  ""error_types"": [""semantic""]
}"
q175,Give me all B-sides of the Ramones.,SELECT DISTINCT ?string WHERE { ?x <http://dbpedia.org/ontology/musicalArtist> <http://dbpedia.org/resource/Ramones> ; <http://dbpedia.org/ontology/bSide> ?string },semantic,SELECT DISTINCT ?string WHERE { ?x <http://dbpedia.org/ontology/musicalArtist> <http://dbpedia.org/resource/Ramones> ; <http://dbpedia.org/ontology/aSide> ?string },['semantic'],"{
  ""id"": ""q175"",
  ""question"": ""Give me all B-sides of the Ramones."",
  ""sparql_wrong"": ""SELECT DISTINCT ?string WHERE { ?x <http://dbpedia.org/ontology/musicalArtist> <http://dbpedia.org/resource/Ramones> ; <http://dbpedia.org/ontology/aSide> ?string }"",
  ""sparql_gold"": ""SELECT DISTINCT ?string WHERE {{ ?x <http://dbpedia.org/ontology/musicalArtist> <http://dbpedia.org/resource/Ramones> ; <http://dbpedia.org/ontology/bSide> ?string }}"",
  ""error_types"": [""semantic""]
}"
q176,What are the specialities of the UNC Health Care?,SELECT DISTINCT ?uri WHERE { <http://dbpedia.org/resource/UNC_Health_Care> <http://dbpedia.org/property/speciality> ?uri },semantic,SELECT DISTINCT ?uri WHERE {{ <http://dbpedia.org/resource/UNC_Health_Care> <http://dbpedia.org/property/specialties> ?uri }},['semantic'],"{
  ""id"": ""q176"",
  ""question"": ""What are the specialities of the UNC Health Care?"",
  ""sparql_wrong"": ""SELECT DISTINCT ?uri WHERE {{ <http://dbpedia.org/resource/UNC_Health_Care> <http://dbpedia.org/property/specialties> ?uri }}"",
  ""sparql_gold"": ""SELECT DISTINCT ?uri WHERE {{ <http://dbpedia.org/resource/UNC_Health_Care> <http://dbpedia.org/property/speciality> ?uri }}"",
  ""error_types"": [""semantic""]
}"
q177,When was Olof Palme shot?,SELECT DISTINCT ?date WHERE { <http://dbpedia.org/resource/Olof_Palme> <http://dbpedia.org/ontology/deathDate> ?date },syntax,SELECT DISTINCT ?date WHERE { <http://dbpedia.org/resource/Olof_Palme> <http://dbpedia.org/ontology/deathDate> ?date },['syntax'],"{
  ""id"": ""q177"",
  ""question"": ""When was Olof Palme shot?"",
  ""sparql_wrong"": ""SELECT DISTINCT ?date WHERE { <http://dbpedia.org/resource/Olof_Palme> <http://dbpedia.org/ontology/deathDate> ?date }"",
  ""sparql_gold"": ""SELECT DISTINCT ?date WHERE {{ <http://dbpedia.org/resource/Olof_Palme> <http://dbpedia.org/ontology/deathDate> ?date }}"",
  ""error_types"": [""syntax""]
}"
q178,List the seven kings of Rome.,SELECT DISTINCT ?uri WHERE { ?uri <http://dbpedia.org/property/title> <http://dbpedia.org/resource/King_of_Rome> },semantic,SELECT DISTINCT ?uri WHERE { ?uri <http://dbpedia.org/property/title> <http://dbpedia.org/resource/King_of_France> },['semantic'],"{
  ""id"": ""q178"",
  ""question"": ""List the seven kings of Rome."",
  ""sparql_wrong"": ""SELECT DISTINCT ?uri WHERE { ?uri <http://dbpedia.org/property/title> <http://dbpedia.org/resource/King_of_France> }"",
  ""sparql_gold"": ""SELECT DISTINCT ?uri WHERE {{ ?uri <http://dbpedia.org/property/title> <http://dbpedia.org/resource/King_of_Rome> }}"",
  ""error_types"": [""semantic""]
}"
q179,Give me all people that were born in Vienna and died in Berlin.,SELECT DISTINCT ?uri WHERE { ?uri <http://dbpedia.org/ontology/birthPlace> <http://dbpedia.org/resource/Vienna> ; <http://dbpedia.org/ontology/deathPlace> <http://dbpedia.org/resource/Berlin> },semantic,SELECT DISTINCT ?uri WHERE { ?uri <http://dbpedia.org/ontology/birthPlace> <http://dbpedia.org/resource/Vienna> ; <http://dbpedia.org/ontology/birthPlace> <http://dbpedia.org/resource/Berlin> },['semantic'],"{
  ""id"": ""q179"",
  ""question"": ""Give me all people that were born in Vienna and died in Berlin."",
  ""sparql_wrong"": ""SELECT DISTINCT ?uri WHERE { ?uri <http://dbpedia.org/ontology/birthPlace> <http://dbpedia.org/resource/Vienna> ; <http://dbpedia.org/ontology/birthPlace> <http://dbpedia.org/resource/Berlin> }"",
  ""sparql_gold"": ""SELECT DISTINCT ?uri WHERE {{ ?uri <http://dbpedia.org/ontology/birthPlace> <http://dbpedia.org/resource/Vienna> ; <http://dbpedia.org/ontology/deathPlace> <http://dbpedia.org/resource/Berlin> }}"",
  ""error_types"": [""semantic""]
}"
q180,Is Darth Vader Luke’s father?,ASK WHERE { <http://dbpedia.org/resource/Darth_Vader> <http://dbpedia.org/ontology/child> <http://dbpedia.org/resource/Luke_Skywalker> },structural,ASK WHERE {{ <http://dbpedia.org/resource/Luke_Skywalker> <http://dbpedia.org/ontology/child> <http://dbpedia.org/resource/Darth_Vader> }},['structural'],"{
  ""id"": ""q180"",
  ""question"": ""Is Darth Vader Luke’s father?"",
  ""sparql_wrong"": ""ASK WHERE {{ <http://dbpedia.org/resource/Luke_Skywalker> <http://dbpedia.org/ontology/child> <http://dbpedia.org/resource/Darth_Vader> }}"",
  ""sparql_gold"": ""ASK WHERE {{ <http://dbpedia.org/resource/Darth_Vader> <http://dbpedia.org/ontology/child> <http://dbpedia.org/resource/Luke_Skywalker> }}"",
  ""error_types"": [""structural""]
}"
q181,Show me all the breweries in Australia.,SELECT DISTINCT ?uri WHERE { ?uri a <http://dbpedia.org/ontology/Brewery> { ?uri <http://dbpedia.org/ontology/location> <http://dbpedia.org/resource/Australia> } UNION { ?uri <http://dbpedia.org/ontology/location> ?x . ?x <http://dbpedia.org/ontology/country> <http://dbpedia.org/resource/Australia> } },semantic,SELECT DISTINCT ?uri WHERE { { ?uri a <http://dbpedia.org/ontology/Restaurant> { ?uri <http://dbpedia.org/ontology/location> <http://dbpedia.org/resource/Australia> } UNION { ?uri <http://dbpedia.org/ontology/location> ?x . ?x <http://dbpedia.org/ontology/country> <http://dbpedia.org/resource/Australia> } } },['semantic'],"{
  ""id"": ""q181"",
  ""question"": ""Show me all the breweries in Australia."",
  ""sparql_wrong"": ""SELECT DISTINCT ?uri WHERE { { ?uri a <http://dbpedia.org/ontology/Restaurant> { ?uri <http://dbpedia.org/ontology/location> <http://dbpedia.org/resource/Australia> } UNION { ?uri <http://dbpedia.org/ontology/location> ?x . ?x <http://dbpedia.org/ontology/country> <http://dbpedia.org/resource/Australia> } } }"",
  ""sparql_gold"": ""SELECT DISTINCT ?uri WHERE {{ ?uri a <http://dbpedia.org/ontology/Brewery> {{ ?uri <http://dbpedia.org/ontology/location> <http://dbpedia.org/resource/Australia> }} UNION {{ ?uri <http://dbpedia.org/ontology/location> ?x . ?x <http://dbpedia.org/ontology/country> <http://dbpedia.org/resource/Australia> }} }}"",
  ""error_types"": [""semantic""]
}"
q182,Give me all films produced by Steven Spielberg with a budget of at least $80 million.,SELECT DISTINCT ?uri WHERE { ?uri <http://www.w3.org/1999/02/22-rdf-syntax-ns#type> <http://dbpedia.org/ontology/Film> . ?uri <http://dbpedia.org/ontology/director> <http://dbpedia.org/resource/Steven_Spielberg> . ?uri <http://dbpedia.org/ontology/budget> ?b . FILTER( xsd:double(?b) >= 8.0E7 ) },structural,SELECT DISTINCT ?uri WHERE { <http://dbpedia.org/resource/Steven_Spielberg> <http://dbpedia.org/ontology/director> ?uri . ?uri <http://www.w3.org/1999/02/22-rdf-syntax-ns#type> <http://dbpedia.org/ontology/Film> . ?uri <http://dbpedia.org/ontology/budget> ?b . FILTER( xsd:double(?b) >= 8.0E7 ) },['structural'],"{
  ""id"": ""q182"",
  ""question"": ""Give me all films produced by Steven Spielberg with a budget of at least $80 million."",
  ""sparql_wrong"": ""SELECT DISTINCT ?uri WHERE { <http://dbpedia.org/resource/Steven_Spielberg> <http://dbpedia.org/ontology/director> ?uri . ?uri <http://www.w3.org/1999/02/22-rdf-syntax-ns#type> <http://dbpedia.org/ontology/Film> . ?uri <http://dbpedia.org/ontology/budget> ?b . FILTER( xsd:double(?b) >= 8.0E7 ) }"",
  ""sparql_gold"": ""SELECT DISTINCT ?uri WHERE {{ ?uri <http://www.w3.org/1999/02/22-rdf-syntax-ns#type> <http://dbpedia.org/ontology/Film> . ?uri <http://dbpedia.org/ontology/director> <http://dbpedia.org/resource/Steven_Spielberg> . ?uri <http://dbpedia.org/ontology/budget> ?b . FILTER( xsd:double(?b) >= 8.0E7 ) }}"",
  ""error_types"": [""structural""]
}"
q183,Give me all soccer clubs in Spain.,"SELECT DISTINCT ?uri WHERE { ?uri a <http://dbpedia.org/ontology/SoccerClub> { ?uri <http://dbpedia.org/ontology/ground> <http://dbpedia.org/resource/Spain> } UNION { ?uri <http://dbpedia.org/property/ground> ?ground FILTER regex(?ground, ""Spain"") } }",syntax,"SELECT DISTINCT ?uri WHERE { ?uri a <http://dbpedia.org/ontology/SoccerClub> {{ ?uri <http://dbpedia.org/ontology/ground> <http://dbpedia.org/resource/Spain> }} UNION {{ ?uri <http://dbpedia.org/property/ground> ?ground FILTER regex(?ground, ""Spain"") }} }}",['syntax'],"{
  ""id"": ""q183"",
  ""question"": ""Give me all soccer clubs in Spain."",
  ""sparql_wrong"": ""SELECT DISTINCT ?uri WHERE { ?uri a <http://dbpedia.org/ontology/SoccerClub> {{ ?uri <http://dbpedia.org/ontology/ground> <http://dbpedia.org/resource/Spain> }} UNION {{ ?uri <http://dbpedia.org/property/ground> ?ground FILTER regex(?ground, \""Spain\"") }} }}"",
  ""sparql_gold"": ""SELECT DISTINCT ?uri WHERE {{ ?uri a <http://dbpedia.org/ontology/SoccerClub> {{ ?uri <http://dbpedia.org/ontology/ground> <http://dbpedia.org/resource/Spain> }} UNION {{ ?uri <http://dbpedia.org/property/ground> ?ground FILTER regex(?ground, \""Spain\"") }} }}"",
  ""error_types"": [""syntax""]
}"
q184,Who produced films starring Natalie Portman?,SELECT DISTINCT ?uri WHERE { ?film a <http://dbpedia.org/ontology/Film> ; <http://dbpedia.org/ontology/starring> <http://dbpedia.org/resource/Natalie_Portman> ; <http://dbpedia.org/ontology/producer> ?uri },semantic,SELECT DISTINCT ?uri WHERE { ?film a <http://dbpedia.org/ontology/Film> ; <http://dbpedia.org/ontology/starring> <http://dbpedia.org/resource/Natalie_Portman> ; <http://dbpedia.org/ontology/director> ?uri },['semantic'],"{
  ""id"": ""q184"",
  ""question"": ""Who produced films starring Natalie Portman?"",
  ""sparql_wrong"": ""SELECT DISTINCT ?uri WHERE { ?film a <http://dbpedia.org/ontology/Film> ; <http://dbpedia.org/ontology/starring> <http://dbpedia.org/resource/Natalie_Portman> ; <http://dbpedia.org/ontology/director> ?uri }"",
  ""sparql_gold"": ""SELECT DISTINCT ?uri WHERE {{ ?film a <http://dbpedia.org/ontology/Film> ; <http://dbpedia.org/ontology/starring> <http://dbpedia.org/resource/Natalie_Portman> ; <http://dbpedia.org/ontology/producer> ?uri }}"",
  ""error_types"": [""semantic""]
}"
q185,Give me all breeds of the German Shepherd dog.,SELECT DISTINCT ?uri WHERE { ?uri <http://dbpedia.org/property/breed> <http://dbpedia.org/resource/German_Shepherd> },semantic,SELECT DISTINCT ?uri WHERE { ?uri <http://dbpedia.org/property/species> <http://dbpedia.org/resource/German_Shepherd> },['semantic'],"{
  ""id"": ""q185"",
  ""question"": ""Give me all breeds of the German Shepherd dog."",
  ""sparql_wrong"": ""SELECT DISTINCT ?uri WHERE { ?uri <http://dbpedia.org/property/species> <http://dbpedia.org/resource/German_Shepherd> }"",
  ""sparql_gold"": ""SELECT DISTINCT ?uri WHERE { ?uri <http://dbpedia.org/property/breed> <http://dbpedia.org/resource/German_Shepherd> }"",
  ""error_types"": [""semantic""]
}"
q186,Who is the heaviest player of the Chicago Bulls?,SELECT DISTINCT ?uri WHERE { ?uri a <http://dbpedia.org/ontology/Person> ; <http://dbpedia.org/ontology/weight> ?num { ?uri <http://dbpedia.org/property/team> <http://dbpedia.org/resource/Chicago_Bulls> } UNION { ?uri <http://dbpedia.org/property/draftTeam> <http://dbpedia.org/resource/Chicago_Bulls> } UNION { ?uri <http://dbpedia.org/ontology/draftTeam> <http://dbpedia.org/resource/Chicago_Bulls> } } ORDER BY DESC(?num) OFFSET 0 LIMIT 1,semantic,,['semantic'],
q187,Which languages are spoken in Estonia?,SELECT DISTINCT ?uri WHERE { ?uri <http://dbpedia.org/ontology/spokenIn> <http://dbpedia.org/resource/Estonia> },semantic,SELECT DISTINCT ?uri WHERE { ?uri <http://dbpedia.org/ontology/country> <http://dbpedia.org/resource/Estonia> },['semantic'],"{
  ""id"": ""q187"",
  ""question"": ""Which languages are spoken in Estonia?"",
  ""sparql_wrong"": ""SELECT DISTINCT ?uri WHERE { ?uri <http://dbpedia.org/ontology/country> <http://dbpedia.org/resource/Estonia> }"",
  ""sparql_gold"": ""SELECT DISTINCT ?uri WHERE {{ ?uri <http://dbpedia.org/ontology/spokenIn> <http://dbpedia.org/resource/Estonia> }}"",
  ""error_types"": [""semantic""]
}"
q188,What is the largest country in the world?,PREFIX dbo: <http://dbpedia.org/ontology/> PREFIX rdf: <http://www.w3.org/1999/02/22-rdf-syntax-ns#> SELECT DISTINCT ?uri WHERE { ?uri rdf:type dbo:Country ; dbo:areaTotal ?n } ORDER BY DESC(?n) OFFSET 0 LIMIT 1,semantic,PREFIX dbo: <http://dbpedia.org/ontology/> PREFIX rdf: <http://www.w3.org/1999/02/22-rdf-syntax-ns#> SELECT DISTINCT ?uri WHERE { ?uri rdf:type dbo:City ; dbo:areaTotal ?n } ORDER BY DESC(?n) OFFSET 0 LIMIT 1,['semantic'],"{
  ""id"": ""q188"",
  ""question"": ""What is the largest country in the world?"",
  ""sparql_wrong"": ""PREFIX dbo: <http://dbpedia.org/ontology/> PREFIX rdf: <http://www.w3.org/1999/02/22-rdf-syntax-ns#> SELECT DISTINCT ?uri WHERE { ?uri rdf:type dbo:City ; dbo:areaTotal ?n } ORDER BY DESC(?n) OFFSET 0 LIMIT 1"",
  ""sparql_gold"": ""PREFIX dbo: <http://dbpedia.org/ontology/> PREFIX rdf: <http://www.w3.org/1999/02/22-rdf-syntax-ns#> SELECT DISTINCT ?uri WHERE {{ ?uri rdf:type dbo:Country ; dbo:areaTotal ?n }} ORDER BY DESC(?n) OFFSET 0 LIMIT 1"",
  ""error_types"": [""semantic""]
}"
q189,What is the largest city in america?,PREFIX dbo: <http://dbpedia.org/ontology/> PREFIX dbr: <http://dbpedia.org/resource/> SELECT ?lcity WHERE { dbr:United_States dbo:largestCity ?lcity },semantic,PREFIX dbo: <http://dbpedia.org/ontology/> PREFIX dbr: <http://dbpedia.org/resource/> SELECT ?lcity WHERE { dbr:United_States dbo:capital ?lcity },['semantic'],"{
  ""id"": ""q189"",
  ""question"": ""What is the largest city in america?"",
  ""sparql_wrong"": ""PREFIX dbo: <http://dbpedia.org/ontology/> PREFIX dbr: <http://dbpedia.org/resource/> SELECT ?lcity WHERE { dbr:United_States dbo:capital ?lcity }"",
  ""sparql_gold"": ""PREFIX dbo: <http://dbpedia.org/ontology/> PREFIX dbr: <http://dbpedia.org/resource/> SELECT ?lcity WHERE {{ dbr:United_States dbo:largestCity ?lcity }}"",
  ""error_types"": [""semantic""]
}"
q190,Who was the pope that founded the Vatican Television?,PREFIX dbo: <http://dbpedia.org/ontology/> PREFIX res: <http://dbpedia.org/resource/> PREFIX rdf: <http://www.w3.org/1999/02/22-rdf-syntax-ns#> SELECT ?uri WHERE { ?uri rdf:type dbo:Pope . res:Vatican_Television_Center dbo:foundedBy ?uri },semantic,PREFIX dbo: <http://dbpedia.org/ontology/> PREFIX res: <http://dbpedia.org/resource/> PREFIX rdf: <http://www.w3.org/1999/02/22-rdf-syntax-ns#> SELECT ?uri WHERE { ?uri rdf:type dbo:Cardinal . res:Vatican_Television_Center dbo:foundedBy ?uri },['semantic'],"{
  ""id"": ""q190"",
  ""question"": ""Who was the pope that founded the Vatican Television?"",
  ""sparql_wrong"": ""PREFIX dbo: <http://dbpedia.org/ontology/> PREFIX res: <http://dbpedia.org/resource/> PREFIX rdf: <http://www.w3.org/1999/02/22-rdf-syntax-ns#> SELECT ?uri WHERE { ?uri rdf:type dbo:Cardinal . res:Vatican_Television_Center dbo:foundedBy ?uri }"",
  ""sparql_gold"": ""PREFIX dbo: <http://dbpedia.org/ontology/> PREFIX res: <http://dbpedia.org/resource/> PREFIX rdf: <http://www.w3.org/1999/02/22-rdf-syntax-ns#> SELECT ?uri WHERE {{ ?uri rdf:type dbo:Pope . res:Vatican_Television_Center dbo:foundedBy ?uri }}"",
  ""error_types"": [""semantic""]
}"
q191,Who discovered Ceres?,PREFIX dbo: <http://dbpedia.org/ontology/> SELECT DISTINCT ?uri WHERE { <http://dbpedia.org/resource/Ceres_(dwarf_planet)> dbo:discoverer ?uri },semantic,PREFIX dbo: <http://dbpedia.org/ontology/> SELECT DISTINCT ?uri WHERE {{ <http://dbpedia.org/resource/Ceres_(dwarf_planet)> dbo:designer ?uri }},['semantic'],"{
  ""id"": ""q191"",
  ""question"": ""Who discovered Ceres?"",
  ""sparql_wrong"": ""PREFIX dbo: <http://dbpedia.org/ontology/> SELECT DISTINCT ?uri WHERE {{ <http://dbpedia.org/resource/Ceres_(dwarf_planet)> dbo:designer ?uri }}"",
  ""sparql_gold"": ""PREFIX dbo: <http://dbpedia.org/ontology/> SELECT DISTINCT ?uri WHERE {{ <http://dbpedia.org/resource/Ceres_(dwarf_planet)> dbo:discoverer ?uri }}"",
  ""error_types"": [""semantic""]
}"
q192,Who is the king of the Netherlands?,PREFIX dbo: <http://dbpedia.org/ontology/> PREFIX res: <http://dbpedia.org/resource/> PREFIX rdf: <http://www.w3.org/1999/02/22-rdf-syntax-ns#> SELECT DISTINCT ?uri WHERE { res:Netherlands dbo:leader ?uri . ?uri rdf:type dbo:Royalty },semantic,PREFIX dbo: <http://dbpedia.org/ontology/> PREFIX res: <http://dbpedia.org/resource/> PREFIX rdf: <http://www.w3.org/1999/02/22-rdf-syntax-ns#> SELECT DISTINCT ?uri WHERE { res:Netherlands dbo:leader ?uri . ?uri rdf:type dbo:President },['semantic'],"{
  ""id"": ""q192"",
  ""question"": ""Who is the king of the Netherlands?"",
  ""sparql_wrong"": ""PREFIX dbo: <http://dbpedia.org/ontology/> PREFIX res: <http://dbpedia.org/resource/> PREFIX rdf: <http://www.w3.org/1999/02/22-rdf-syntax-ns#> SELECT DISTINCT ?uri WHERE { res:Netherlands dbo:leader ?uri . ?uri rdf:type dbo:President }"",
  ""sparql_gold"": ""PREFIX dbo: <http://dbpedia.org/ontology/> PREFIX res: <http://dbpedia.org/resource/> PREFIX rdf: <http://www.w3.org/1999/02/22-rdf-syntax-ns#> SELECT DISTINCT ?uri WHERE {{ res:Netherlands dbo:leader ?uri . ?uri rdf:type dbo:Royalty }}"",
  ""error_types"": [""semantic""]
}"
q193,Is Cola a beverage?,PREFIX dbo: <http://dbpedia.org/ontology/> PREFIX res: <http://dbpedia.org/resource/> PREFIX rdf: <http://www.w3.org/1999/02/22-rdf-syntax-ns#> ASK WHERE { res:Cola rdf:type dbo:Beverage },semantic,PREFIX dbo: <http://dbpedia.org/ontology/> PREFIX res: <http://dbpedia.org/resource/> PREFIX rdf: <http://www.w3.org/1999/02/22-rdf-syntax-ns#> ASK WHERE { res:Cola rdf:type dbo:Person },['semantic'],"{
  ""id"": ""q193"",
  ""question"": ""Is Cola a beverage?"",
  ""sparql_wrong"": ""PREFIX dbo: <http://dbpedia.org/ontology/> PREFIX res: <http://dbpedia.org/resource/> PREFIX rdf: <http://www.w3.org/1999/02/22-rdf-syntax-ns#> ASK WHERE { res:Cola rdf:type dbo:Person }"",
  ""sparql_gold"": ""PREFIX dbo: <http://dbpedia.org/ontology/> PREFIX res: <http://dbpedia.org/resource/> PREFIX rdf: <http://www.w3.org/1999/02/22-rdf-syntax-ns#> ASK WHERE {{ res:Cola rdf:type dbo:Beverage }}"",
  ""error_types"": [""semantic""]
}"
q194,What is the alma mater of the chancellor of Germany Angela Merkel?,PREFIX dbo: <http://dbpedia.org/ontology/> PREFIX dbr: <http://dbpedia.org/resource/> SELECT ?Almamater WHERE { dbr:Angela_Merkel dbo:almaMater ?Almamater },semantic,PREFIX dbo: <http://dbpedia.org/ontology/> PREFIX dbr: <http://dbpedia.org/resource/> SELECT ?Almamater WHERE { dbr:Angela_Merkel dbo:birthPlace ?Almamater },['semantic'],"{
  ""id"": ""q194"",
  ""question"": ""What is the alma mater of the chancellor of Germany Angela Merkel?"",
  ""sparql_wrong"": ""PREFIX dbo: <http://dbpedia.org/ontology/> PREFIX dbr: <http://dbpedia.org/resource/> SELECT ?Almamater WHERE { dbr:Angela_Merkel dbo:birthPlace ?Almamater }"",
  ""sparql_gold"": ""PREFIX dbo: <http://dbpedia.org/ontology/> PREFIX dbr: <http://dbpedia.org/resource/> SELECT ?Almamater WHERE {{ dbr:Angela_Merkel dbo:almaMater ?Almamater }}"",
  ""error_types"": [""semantic""]
}"
q195,Who wrote the book Les Piliers de la terre?,PREFIX dbo: <http://dbpedia.org/ontology/> PREFIX res: <http://dbpedia.org/resource/> SELECT DISTINCT ?uri WHERE { res:The_Pillars_of_the_Earth dbo:author ?uri },syntax,PREFIX dbo: <http://dbpedia.org/ontology/> PREFIX res: <http://dbpedia.org/resource/> SELECT DISTINCT ?uri WHERE { res:The_Pillars_of_the_Earth dbo:author ?uri },['syntax'],"{
  ""id"": ""q195"",
  ""question"": ""Who wrote the book Les Piliers de la terre?"",
  ""sparql_wrong"": ""PREFIX dbo: <http://dbpedia.org/ontology/> PREFIX res: <http://dbpedia.org/resource/> SELECT DISTINCT ?uri WHERE { res:The_Pillars_of_the_Earth dbo:author ?uri }"",
  ""sparql_gold"": ""PREFIX dbo: <http://dbpedia.org/ontology/> PREFIX res: <http://dbpedia.org/resource/> SELECT DISTINCT ?uri WHERE {{ res:The_Pillars_of_the_Earth dbo:author ?uri }}"",
  ""error_types"": [""syntax""]
}"
q196,Which airports does Yeti Airlines serve?,PREFIX dbo: <http://dbpedia.org/ontology/> PREFIX res: <http://dbpedia.org/resource/> SELECT DISTINCT ?uri WHERE { res:Yeti_Airlines dbo:targetAirport ?uri },semantic,PREFIX dbo: <http://dbpedia.org/ontology/> PREFIX res: <http://dbpedia.org/resource/> SELECT DISTINCT ?uri WHERE { res:Yeti_Airlines dbo:manufacturer ?uri },['semantic'],"{
  ""id"": ""q196"",
  ""question"": ""Which airports does Yeti Airlines serve?"",
  ""sparql_wrong"": ""PREFIX dbo: <http://dbpedia.org/ontology/> PREFIX res: <http://dbpedia.org/resource/> SELECT DISTINCT ?uri WHERE { res:Yeti_Airlines dbo:manufacturer ?uri }"",
  ""sparql_gold"": ""PREFIX dbo: <http://dbpedia.org/ontology/> PREFIX res: <http://dbpedia.org/resource/> SELECT DISTINCT ?uri WHERE {{ res:Yeti_Airlines dbo:targetAirport ?uri }}"",
  ""error_types"": [""semantic""]
}"
q197,Where is the birthplace of Goethe?,PREFIX dbo: <http://dbpedia.org/ontology/> PREFIX dbr: <http://dbpedia.org/resource/> SELECT ?Goethe WHERE { dbr:Johann_Wolfgang_von_Goethe dbo:birthPlace ?Goethe },semantic,PREFIX dbo: <http://dbpedia.org/ontology/> PREFIX dbr: <http://dbpedia.org/resource/> SELECT ?Goethe WHERE { dbr:Johann_Wolfgang_von_Goethe dbo:deathPlace ?Goethe },['semantic'],"{
  ""id"": ""q197"",
  ""question"": ""Where is the birthplace of Goethe?"",
  ""sparql_wrong"": ""PREFIX dbo: <http://dbpedia.org/ontology/> PREFIX dbr: <http://dbpedia.org/resource/> SELECT ?Goethe WHERE { dbr:Johann_Wolfgang_von_Goethe dbo:deathPlace ?Goethe }"",
  ""sparql_gold"": ""PREFIX dbo: <http://dbpedia.org/ontology/> PREFIX dbr: <http://dbpedia.org/resource/> SELECT ?Goethe WHERE {{ dbr:Johann_Wolfgang_von_Goethe dbo:birthPlace ?Goethe }}"",
  ""error_types"": [""semantic""]
}"
q198,Was the Cuban Missile Crisis earlier than the Bay of Pigs Invasion?,PREFIX dbo: <http://dbpedia.org/ontology/> PREFIX res: <http://dbpedia.org/resource/> ASK WHERE { res:Cuban_Missile_Crisis dbo:date ?x . res:Bay_of_Pigs_Invasion dbo:date ?y FILTER ( ?x < ?y ) },semantic,PREFIX dbo: <http://dbpedia.org/ontology/> PREFIX res: <http://dbpedia.org/resource/> ASK WHERE { res:Cuban_Missile_Crisis dbo:birthDate ?x . res:Bay_of_Pigs_Invasion dbo:date ?y FILTER ( ?x < ?y ) },['semantic'],"{
  ""id"": ""q198"",
  ""question"": ""Was the Cuban Missile Crisis earlier than the Bay of Pigs Invasion?"",
  ""sparql_wrong"": ""PREFIX dbo: <http://dbpedia.org/ontology/> PREFIX res: <http://dbpedia.org/resource/> ASK WHERE { res:Cuban_Missile_Crisis dbo:birthDate ?x . res:Bay_of_Pigs_Invasion dbo:date ?y FILTER ( ?x < ?y ) }"",
  ""sparql_gold"": ""PREFIX dbo: <http://dbpedia.org/ontology/> PREFIX res: <http://dbpedia.org/resource/> ASK WHERE {{ res:Cuban_Missile_Crisis dbo:date ?x . res:Bay_of_Pigs_Invasion dbo:date ?y FILTER ( ?x < ?y ) }}"",
  ""error_types"": [""semantic""]
}"
q199,Which ingredients do I need for carrot cake?,PREFIX dbo: <http://dbpedia.org/ontology/> PREFIX res: <http://dbpedia.org/resource/> SELECT DISTINCT ?uri WHERE { res:Carrot_cake dbo:ingredient ?uri },semantic,PREFIX dbo: <http://dbpedia.org/ontology/> PREFIX res: <http://dbpedia.org/resource/> SELECT DISTINCT ?uri WHERE { res:Carrot_cake dbo:author ?uri },['semantic'],"{
  ""id"": ""q199"",
  ""question"": ""Which ingredients do I need for carrot cake?"",
  ""sparql_wrong"": ""PREFIX dbo: <http://dbpedia.org/ontology/> PREFIX res: <http://dbpedia.org/resource/> SELECT DISTINCT ?uri WHERE { res:Carrot_cake dbo:author ?uri }"",
  ""sparql_gold"": ""PREFIX dbo: <http://dbpedia.org/ontology/> PREFIX res: <http://dbpedia.org/resource/> SELECT DISTINCT ?uri WHERE {{ res:Carrot_cake dbo:ingredient ?uri }}"",
  ""error_types"": [""semantic""]
}"
q200,Who created Wikipedia?,PREFIX dbo: <http://dbpedia.org/ontology/> PREFIX res: <http://dbpedia.org/resource/> SELECT DISTINCT ?uri WHERE { res:Wikipedia dbo:author ?uri },semantic,PREFIX dbo: <http://dbpedia.org/ontology/> PREFIX res: <http://dbpedia.org/resource/> SELECT DISTINCT ?uri WHERE { res:Wikipedia dbo:foundationPlace ?uri },['semantic'],"{
  ""id"": ""q200"",
  ""question"": ""Who created Wikipedia?"",
  ""sparql_wrong"": ""PREFIX dbo: <http://dbpedia.org/ontology/> PREFIX res: <http://dbpedia.org/resource/> SELECT DISTINCT ?uri WHERE { res:Wikipedia dbo:foundationPlace ?uri }"",
  ""sparql_gold"": ""PREFIX dbo: <http://dbpedia.org/ontology/> PREFIX res: <http://dbpedia.org/resource/> SELECT DISTINCT ?uri WHERE {{ res:Wikipedia dbo:author ?uri }}"",
  ""error_types"": [""semantic""]
}"
q201,What is the highest mountain in Saxony Germany?,PREFIX dbo: <http://dbpedia.org/ontology/> PREFIX dbr: <http://dbpedia.org/resource/> SELECT ?m WHERE { ?m dbo:mountainRange dbr:Ore_Mountains ; dbo:elevation ?height } ORDER BY DESC(?height) LIMIT 1,semantic,PREFIX dbo: <http://dbpedia.org/ontology/> PREFIX dbr: <http://dbpedia.org/resource/> SELECT ?m WHERE { ?m dbo:river dbr:Ore_Mountains ; dbo:elevation ?height } ORDER BY DESC(?height) LIMIT 1,['semantic'],"{
  ""id"": ""q201"",
  ""question"": ""What is the highest mountain in Saxony Germany?"",
  ""sparql_wrong"": ""PREFIX dbo: <http://dbpedia.org/ontology/> PREFIX dbr: <http://dbpedia.org/resource/> SELECT ?m WHERE { ?m dbo:river dbr:Ore_Mountains ; dbo:elevation ?height } ORDER BY DESC(?height) LIMIT 1"",
  ""sparql_gold"": ""PREFIX dbo: <http://dbpedia.org/ontology/> PREFIX dbr: <http://dbpedia.org/resource/> SELECT ?m WHERE {{ ?m dbo:mountainRange dbr:Ore_Mountains ; dbo:elevation ?height }} ORDER BY DESC(?height) LIMIT 1"",
  ""error_types"": [""semantic""]
}"
q202,Who is the current federal minister of finance in Germany?,PREFIX dbo: <http://dbpedia.org/ontology/> SELECT ?leader WHERE { <http://dbpedia.org/resource/Federal_Ministry_of_Finance_(Germany)> dbo:leader ?leader },semantic,PREFIX dbo: <http://dbpedia.org/ontology/> SELECT ?leader WHERE { <http://dbpedia.org/resource/Federal_Ministry_of_Finance_(Germany)> dbo:location ?leader },['semantic'],"{
  ""id"": ""q202"",
  ""question"": ""Who is the current federal minister of finance in Germany?"",
  ""sparql_wrong"": ""PREFIX dbo: <http://dbpedia.org/ontology/> SELECT ?leader WHERE { <http://dbpedia.org/resource/Federal_Ministry_of_Finance_(Germany)> dbo:location ?leader }"",
  ""sparql_gold"": ""PREFIX dbo: <http://dbpedia.org/ontology/> SELECT ?leader WHERE {{ <http://dbpedia.org/resource/Federal_Ministry_of_Finance_(Germany)> dbo:leader ?leader }}"",
  ""error_types"": [""semantic""]
}"
q203,In which country is Mecca located?,PREFIX dbo: <http://dbpedia.org/ontology/> PREFIX res: <http://dbpedia.org/resource/> SELECT DISTINCT ?uri WHERE { res:Mecca dbo:country ?uri },structural,PREFIX dbo: <http://dbpedia.org/ontology/> PREFIX res: <http://dbpedia.org/resource/> SELECT DISTINCT ?uri WHERE { ?uri dbo:country res:Mecca },['structural'],"{
  ""id"": ""q203"",
  ""question"": ""In which country is Mecca located?"",
  ""sparql_wrong"": ""PREFIX dbo: <http://dbpedia.org/ontology/> PREFIX res: <http://dbpedia.org/resource/> SELECT DISTINCT ?uri WHERE { ?uri dbo:country res:Mecca }"",
  ""sparql_gold"": ""PREFIX dbo: <http://dbpedia.org/ontology/> PREFIX res: <http://dbpedia.org/resource/> SELECT DISTINCT ?uri WHERE {{ res:Mecca dbo:country ?uri }}"",
  ""error_types"": [""structural""]
}"
q204,Who played Gus Fring in Breaking Bad?,PREFIX dbo: <http://dbpedia.org/ontology/> PREFIX res: <http://dbpedia.org/resource/> SELECT DISTINCT ?uri WHERE { res:Gus_Fring dbo:portrayer ?uri },semantic,PREFIX dbo: <http://dbpedia.org/ontology/> PREFIX res: <http://dbpedia.org/resource/> SELECT DISTINCT ?uri WHERE { res:Gus_Fring dbo:director ?uri },['semantic'],"{
  ""id"": ""q204"",
  ""question"": ""Who played Gus Fring in Breaking Bad?"",
  ""sparql_wrong"": ""PREFIX dbo: <http://dbpedia.org/ontology/> PREFIX res: <http://dbpedia.org/resource/> SELECT DISTINCT ?uri WHERE { res:Gus_Fring dbo:director ?uri }"",
  ""sparql_gold"": ""PREFIX dbo: <http://dbpedia.org/ontology/> PREFIX res: <http://dbpedia.org/resource/> SELECT DISTINCT ?uri WHERE {{ res:Gus_Fring dbo:portrayer ?uri }}"",
  ""error_types"": [""semantic""]
}"
q205,In which country does the Nile start?,PREFIX dbo: <http://dbpedia.org/ontology/> PREFIX res: <http://dbpedia.org/resource/> SELECT DISTINCT ?uri WHERE { res:Nile dbo:sourceCountry ?uri },semantic,PREFIX dbo: <http://dbpedia.org/ontology/> PREFIX res: <http://dbpedia.org/resource/> SELECT DISTINCT ?uri WHERE { res:Nile dbo:mouthCountry ?uri },['semantic'],"{
  ""id"": ""q205"",
  ""question"": ""In which country does the Nile start?"",
  ""sparql_wrong"": ""PREFIX dbo: <http://dbpedia.org/ontology/> PREFIX res: <http://dbpedia.org/resource/> SELECT DISTINCT ?uri WHERE { res:Nile dbo:mouthCountry ?uri }"",
  ""sparql_gold"": ""PREFIX dbo: <http://dbpedia.org/ontology/> PREFIX res: <http://dbpedia.org/resource/> SELECT DISTINCT ?uri WHERE {{ res:Nile dbo:sourceCountry ?uri }}"",
  ""error_types"": [""semantic""]
}"
q206,In which state Penn State University is located?,PREFIX dbo: <http://dbpedia.org/ontology/> PREFIX dbr: <http://dbpedia.org/resource/> SELECT ?s WHERE { dbr:Pennsylvania_State_University dbo:state ?s },semantic,PREFIX dbo: <http://dbpedia.org/ontology/> PREFIX dbr: <http://dbpedia.org/resource/> SELECT ?s WHERE { dbr:Pennsylvania_State_University dbo:country ?s },['semantic'],"{
  ""id"": ""q206"",
  ""question"": ""In which state Penn State University is located?"",
  ""sparql_wrong"": ""PREFIX dbo: <http://dbpedia.org/ontology/> PREFIX dbr: <http://dbpedia.org/resource/> SELECT ?s WHERE { dbr:Pennsylvania_State_University dbo:country ?s }"",
  ""sparql_gold"": ""PREFIX dbo: <http://dbpedia.org/ontology/> PREFIX dbr: <http://dbpedia.org/resource/> SELECT ?s WHERE {{ dbr:Pennsylvania_State_University dbo:state ?s }}"",
  ""error_types"": [""semantic""]
}"
q207,What is the biggest stadium in Spain?,PREFIX dbo: <http://dbpedia.org/ontology/> PREFIX res: <http://dbpedia.org/resource/> PREFIX rdf: <http://www.w3.org/1999/02/22-rdf-syntax-ns#> SELECT DISTINCT ?uri WHERE { ?uri rdf:type dbo:Stadium ; dbo:location res:Spain ; dbo:seatingCapacity ?n } ORDER BY DESC(?n) OFFSET 0 LIMIT 1,semantic,PREFIX dbo: <http://dbpedia.org/ontology/> PREFIX res: <http://dbpedia.org/resource/> PREFIX rdf: <http://www.w3.org/1999/02/22-rdf-syntax-ns#> SELECT DISTINCT ?uri WHERE { ?uri rdf:type dbo:Stadium ; dbo:country res:Spain ; dbo:seatingCapacity ?n } ORDER BY DESC(?n) OFFSET 0 LIMIT 1,['semantic'],"{
  ""id"": ""q207"",
  ""question"": ""What is the biggest stadium in Spain?"",
  ""sparql_wrong"": ""PREFIX dbo: <http://dbpedia.org/ontology/> PREFIX res: <http://dbpedia.org/resource/> PREFIX rdf: <http://www.w3.org/1999/02/22-rdf-syntax-ns#> SELECT DISTINCT ?uri WHERE { ?uri rdf:type dbo:Stadium ; dbo:country res:Spain ; dbo:seatingCapacity ?n } ORDER BY DESC(?n) OFFSET 0 LIMIT 1"",
  ""sparql_gold"": ""PREFIX dbo: <http://dbpedia.org/ontology/> PREFIX res: <http://dbpedia.org/resource/> PREFIX rdf: <http://www.w3.org/1999/02/22-rdf-syntax-ns#> SELECT DISTINCT ?uri WHERE {{ ?uri rdf:type dbo:Stadium ; dbo:location res:Spain ; dbo:seatingCapacity ?n }} ORDER BY DESC(?n) OFFSET 0 LIMIT 1"",
  ""error_types"": [""semantic""]
}"
q208,Who is the coach of Ankara's ice hockey team?,PREFIX dbo: <http://dbpedia.org/ontology/> PREFIX res: <http://dbpedia.org/resource/> SELECT DISTINCT ?uri WHERE { ?x dbo:city res:Ankara ; dbo:league res:Turkish_Ice_Hockey_First_League ; dbo:coach ?uri },semantic,PREFIX dbo: <http://dbpedia.org/ontology/> PREFIX res: <http://dbpedia.org/resource/> SELECT DISTINCT ?uri WHERE { ?x dbo:city res:Istanbul ; dbo:league res:Turkish_Ice_Hockey_First_League ; dbo:coach ?uri },['semantic'],"{
  ""id"": ""q208"",
  ""question"": ""Who is the coach of Ankara's ice hockey team?"",
  ""sparql_wrong"": ""PREFIX dbo: <http://dbpedia.org/ontology/> PREFIX res: <http://dbpedia.org/resource/> SELECT DISTINCT ?uri WHERE { ?x dbo:city res:Istanbul ; dbo:league res:Turkish_Ice_Hockey_First_League ; dbo:coach ?uri }"",
  ""sparql_gold"": ""PREFIX dbo: <http://dbpedia.org/ontology/> PREFIX res: <http://dbpedia.org/resource/> SELECT DISTINCT ?uri WHERE {{ ?x dbo:city res:Ankara ; dbo:league res:Turkish_Ice_Hockey_First_League ; dbo:coach ?uri }}"",
  ""error_types"": [""semantic""]
}"
q209,How large is the area of UK?,PREFIX dbo: <http://dbpedia.org/ontology/> PREFIX dbr: <http://dbpedia.org/resource/> SELECT ?area WHERE { dbr:United_Kingdom dbo:areaTotal ?area },semantic,PREFIX dbo: <http://dbpedia.org/ontology/> PREFIX dbr: <http://dbpedia.org/resource/> SELECT ?area WHERE { dbr:United_Kingdom dbo:populationTotal ?area },['semantic'],"{
  ""id"": ""q209"",
  ""question"": ""How large is the area of UK?"",
  ""sparql_wrong"": ""PREFIX dbo: <http://dbpedia.org/ontology/> PREFIX dbr: <http://dbpedia.org/resource/> SELECT ?area WHERE { dbr:United_Kingdom dbo:populationTotal ?area }"",
  ""sparql_gold"": ""PREFIX dbo: <http://dbpedia.org/ontology/> PREFIX dbr: <http://dbpedia.org/resource/> SELECT ?area WHERE {{ dbr:United_Kingdom dbo:areaTotal ?area }}"",
  ""error_types"": [""semantic""]
}"
q210,Who created Batman?,PREFIX dbo: <http://dbpedia.org/ontology/> PREFIX res: <http://dbpedia.org/resource/> SELECT DISTINCT ?uri WHERE { res:Batman dbo:creator ?uri },structural,PREFIX dbo: <http://dbpedia.org/ontology/> PREFIX res: <http://dbpedia.org/resource/> SELECT DISTINCT ?uri WHERE { ?uri dbo:creator res:Batman },['structural'],"{
  ""id"": ""q210"",
  ""question"": ""Who created Batman?"",
  ""sparql_wrong"": ""PREFIX dbo: <http://dbpedia.org/ontology/> PREFIX res: <http://dbpedia.org/resource/> SELECT DISTINCT ?uri WHERE { ?uri dbo:creator res:Batman }"",
  ""sparql_gold"": ""PREFIX dbo: <http://dbpedia.org/ontology/> PREFIX res: <http://dbpedia.org/resource/> SELECT DISTINCT ?uri WHERE {{ res:Batman dbo:creator ?uri }}"",
  ""error_types"": [""structural""]
}"
q211,Was Sigmund Freud married?,PREFIX dbo: <http://dbpedia.org/ontology/> PREFIX dbr: <http://dbpedia.org/resource/> ASK WHERE { dbr:Sigmund_Freud dbo:spouse ?uri },structural,PREFIX dbo: <http://dbpedia.org/ontology/> PREFIX dbr: <http://dbpedia.org/resource/> ASK WHERE { { ?uri dbo:spouse dbr:Sigmund_Freud } },['structural'],"{
  ""id"": ""q211"",
  ""question"": ""Was Sigmund Freud married?"",
  ""sparql_wrong"": ""PREFIX dbo: <http://dbpedia.org/ontology/> PREFIX dbr: <http://dbpedia.org/resource/> ASK WHERE { { ?uri dbo:spouse dbr:Sigmund_Freud } }"",
  ""sparql_gold"": ""PREFIX dbo: <http://dbpedia.org/ontology/> PREFIX dbr: <http://dbpedia.org/resource/> ASK WHERE {{ dbr:Sigmund_Freud dbo:spouse ?uri }}"",
  ""error_types"": [""structural""]
}"
q212,Who are the developers of DBpedia?,PREFIX dbo: <http://dbpedia.org/ontology/> PREFIX res: <http://dbpedia.org/resource/> SELECT DISTINCT ?uri WHERE { res:DBpedia dbo:developer ?uri },semantic,PREFIX dbo: <http://dbpedia.org/ontology/> PREFIX res: <http://dbpedia.org/resource/> SELECT DISTINCT ?uri WHERE { res:DBpedia dbo:author ?uri },['semantic'],"{
  ""id"": ""q212"",
  ""question"": ""Who are the developers of DBpedia?"",
  ""sparql_wrong"": ""PREFIX dbo: <http://dbpedia.org/ontology/> PREFIX res: <http://dbpedia.org/resource/> SELECT DISTINCT ?uri WHERE { res:DBpedia dbo:author ?uri }"",
  ""sparql_gold"": ""PREFIX dbo: <http://dbpedia.org/ontology/> PREFIX res: <http://dbpedia.org/resource/> SELECT DISTINCT ?uri WHERE {{ res:DBpedia dbo:developer ?uri }}"",
  ""error_types"": [""semantic""]
}"
q213,Give me all movies directed by Francis Ford Coppola.,PREFIX dbo: <http://dbpedia.org/ontology/> PREFIX res: <http://dbpedia.org/resource/> PREFIX rdf: <http://www.w3.org/1999/02/22-rdf-syntax-ns#> SELECT DISTINCT ?uri WHERE { ?uri rdf:type dbo:Film ; dbo:director res:Francis_Ford_Coppola },semantic,PREFIX dbo: <http://dbpedia.org/ontology/> PREFIX res: <http://dbpedia.org/resource/> PREFIX rdf: <http://www.w3.org/1999/02/22-rdf-syntax-ns#> SELECT DISTINCT ?uri WHERE { ?uri rdf:type dbo:Film ; dbo:starring res:Francis_Ford_Coppola },['semantic'],"{
  ""id"": ""q213"",
  ""question"": ""Give me all movies directed by Francis Ford Coppola."",
  ""sparql_wrong"": ""PREFIX dbo: <http://dbpedia.org/ontology/> PREFIX res: <http://dbpedia.org/resource/> PREFIX rdf: <http://www.w3.org/1999/02/22-rdf-syntax-ns#> SELECT DISTINCT ?uri WHERE { ?uri rdf:type dbo:Film ; dbo:starring res:Francis_Ford_Coppola }"",
  ""sparql_gold"": ""PREFIX dbo: <http://dbpedia.org/ontology/> PREFIX res: <http://dbpedia.org/resource/> PREFIX rdf: <http://www.w3.org/1999/02/22-rdf-syntax-ns#> SELECT DISTINCT ?uri WHERE {{ ?uri rdf:type dbo:Film ; dbo:director res:Francis_Ford_Coppola }}"",
  ""error_types"": [""semantic""]
}"
q214,Are tree frogs a type of amphibian?,PREFIX dbo: <http://dbpedia.org/ontology/> PREFIX res: <http://dbpedia.org/resource/> ASK WHERE { res:Hylidae dbo:class res:Amphibian },syntax,PREFIX dbo: <http://dbpedia.org/ontology/> PREFIX res: <http://dbpedia.org/resource/> ASK WHERE { res:Hylidae dbo:class res:Amphibian },['syntax'],"{
  ""id"": ""q214"",
  ""question"": ""Are tree frogs a type of amphibian?"",
  ""sparql_wrong"": ""PREFIX dbo: <http://dbpedia.org/ontology/> PREFIX res: <http://dbpedia.org/resource/> ASK WHERE { res:Hylidae dbo:class res:Amphibian }"",
  ""sparql_gold"": ""PREFIX dbo: <http://dbpedia.org/ontology/> PREFIX res: <http://dbpedia.org/resource/> ASK WHERE {{ res:Hylidae dbo:class res:Amphibian }}"",
  ""error_types"": [""syntax""]
}"
q215,What is the location of the Houses of Parliament?,PREFIX dbo: <http://dbpedia.org/ontology/> PREFIX res: <http://dbpedia.org/resource/> SELECT ?uri WHERE { res:Palace_of_Westminster dbo:location ?uri },syntax,PREFIX dbo: <http://dbpedia.org/ontology/> PREFIX res: <http://dbpedia.org/resource/> SELECT ?uri WHERE { res:Palace_of_Westminster dbo:location ?uri ),['syntax'],"{
  ""id"": ""q215"",
  ""question"": ""What is the location of the Houses of Parliament?"",
  ""sparql_wrong"": ""PREFIX dbo: <http://dbpedia.org/ontology/> PREFIX res: <http://dbpedia.org/resource/> SELECT ?uri WHERE { res:Palace_of_Westminster dbo:location ?uri )"",
  ""sparql_gold"": ""PREFIX dbo: <http://dbpedia.org/ontology/> PREFIX res: <http://dbpedia.org/resource/> SELECT ?uri WHERE {{ res:Palace_of_Westminster dbo:location ?uri }}"",
  ""error_types"": [""syntax""]
}"
q216,how much is the elevation of Düsseldorf Airport ?,PREFIX dbo: <http://dbpedia.org/ontology/> PREFIX dbr: <http://dbpedia.org/resource/> SELECT ?ele WHERE { dbr:Düsseldorf_Airport dbo:elevation ?ele } LIMIT 1,structural,PREFIX dbo: <http://dbpedia.org/ontology/> PREFIX dbr: <http://dbpedia.org/resource/> SELECT ?ele WHERE { ?ele dbo:elevation dbr:Düsseldorf_Airport } LIMIT 1,['structural'],"{
  ""id"": ""q216"",
  ""question"": ""how much is the elevation of Düsseldorf Airport ?"",
  ""sparql_wrong"": ""PREFIX dbo: <http://dbpedia.org/ontology/> PREFIX dbr: <http://dbpedia.org/resource/> SELECT ?ele WHERE { ?ele dbo:elevation dbr:Düsseldorf_Airport } LIMIT 1"",
  ""sparql_gold"": ""PREFIX dbo: <http://dbpedia.org/ontology/> PREFIX dbr: <http://dbpedia.org/resource/> SELECT ?ele WHERE { dbr:Düsseldorf_Airport dbo:elevation ?ele } LIMIT 1"",
  ""error_types"": [""structural""]
}"
q217,How much is the population of mexico city ?,PREFIX dbo: <http://dbpedia.org/ontology/> PREFIX dbr: <http://dbpedia.org/resource/> SELECT ?Mexico_City WHERE { dbr:Mexico_City dbo:populationTotal ?Mexico_City },semantic,PREFIX dbo: <http://dbpedia.org/ontology/> PREFIX dbr: <http://dbpedia.org/resource/> SELECT ?Mexico_City WHERE { dbr:Mexico_City dbo:areaTotal ?Mexico_City },['semantic'],"{
  ""id"": ""q217"",
  ""question"": ""How much is the population of mexico city ?"",
  ""sparql_wrong"": ""PREFIX dbo: <http://dbpedia.org/ontology/> PREFIX dbr: <http://dbpedia.org/resource/> SELECT ?Mexico_City WHERE { dbr:Mexico_City dbo:areaTotal ?Mexico_City }"",
  ""sparql_gold"": ""PREFIX dbo: <http://dbpedia.org/ontology/> PREFIX dbr: <http://dbpedia.org/resource/> SELECT ?Mexico_City WHERE {{ dbr:Mexico_City dbo:populationTotal ?Mexico_City }}"",
  ""error_types"": [""semantic""]
}"
q218,when was the founding date of french fifth republic?,PREFIX dbo: <http://dbpedia.org/ontology/> PREFIX dbr: <http://dbpedia.org/resource/> SELECT ?ff WHERE { dbr:French_Fifth_Republic dbo:foundingDate ?ff },semantic,PREFIX dbo: <http://dbpedia.org/ontology/> PREFIX dbr: <http://dbpedia.org/resource/> SELECT ?ff WHERE { dbr:French_Fifth_Republic dbo:deathDate ?ff },['semantic'],"{
  ""id"": ""q218"",
  ""question"": ""when was the founding date of french fifth republic?"",
  ""sparql_wrong"": ""PREFIX dbo: <http://dbpedia.org/ontology/> PREFIX dbr: <http://dbpedia.org/resource/> SELECT ?ff WHERE { dbr:French_Fifth_Republic dbo:deathDate ?ff }"",
  ""sparql_gold"": ""PREFIX dbo: <http://dbpedia.org/ontology/> PREFIX dbr: <http://dbpedia.org/resource/> SELECT ?ff WHERE {{ dbr:French_Fifth_Republic dbo:foundingDate ?ff }}"",
  ""error_types"": [""semantic""]
}"
q219,Who was the first King of England?,PREFIX dbo: <http://dbpedia.org/ontology/> PREFIX yago: <http://dbpedia.org/class/yago/> PREFIX rdf: <http://www.w3.org/1999/02/22-rdf-syntax-ns#> SELECT DISTINCT ?uri WHERE { ?uri rdf:type dbo:Royalty ; rdf:type yago:WikicatEnglishMonarchs ; dbo:activeYearsStartYear ?date } ORDER BY ASC(?date) OFFSET 0 LIMIT 1,semantic,PREFIX dbo: <http://dbpedia.org/ontology/> PREFIX yago: <http://dbpedia.org/class/yago/> PREFIX rdf: <http://www.w3.org/1999/02/22-rdf-syntax-ns#> SELECT DISTINCT ?uri WHERE { ?uri rdf:type dbo:Royalty ; rdf:type yago:WikicatEnglishMonarchs ; dbo:birthDate ?date } ORDER BY ASC(?date) OFFSET 0 LIMIT 1,['semantic'],"{
  ""id"": ""q219"",
  ""question"": ""Who was the first King of England?"",
  ""sparql_wrong"": ""PREFIX dbo: <http://dbpedia.org/ontology/> PREFIX yago: <http://dbpedia.org/class/yago/> PREFIX rdf: <http://www.w3.org/1999/02/22-rdf-syntax-ns#> SELECT DISTINCT ?uri WHERE { ?uri rdf:type dbo:Royalty ; rdf:type yago:WikicatEnglishMonarchs ; dbo:birthDate ?date } ORDER BY ASC(?date) OFFSET 0 LIMIT 1"",
  ""sparql_gold"": ""PREFIX dbo: <http://dbpedia.org/ontology/> PREFIX yago: <http://dbpedia.org/class/yago/> PREFIX rdf: <http://www.w3.org/1999/02/22-rdf-syntax-ns#> SELECT DISTINCT ?uri WHERE {{ ?uri rdf:type dbo:Royalty ; rdf:type yago:WikicatEnglishMonarchs ; dbo:activeYearsStartYear ?date }} ORDER BY ASC(?date) OFFSET 0 LIMIT 1"",
  ""error_types"": [""semantic""]
}"
q220,Who is the editor of Forbes?,PREFIX dbo: <http://dbpedia.org/ontology/> PREFIX res: <http://dbpedia.org/resource/> SELECT DISTINCT ?uri WHERE { res:Forbes dbo:editor ?uri },semantic,PREFIX dbo: <http://dbpedia.org/ontology/> PREFIX res: <http://dbpedia.org/resource/> SELECT DISTINCT ?uri WHERE { res:Forbes dbo:author ?uri },['semantic'],"{
  ""id"": ""q220"",
  ""question"": ""Who is the editor of Forbes?"",
  ""sparql_wrong"": ""PREFIX dbo: <http://dbpedia.org/ontology/> PREFIX res: <http://dbpedia.org/resource/> SELECT DISTINCT ?uri WHERE { res:Forbes dbo:author ?uri }"",
  ""sparql_gold"": ""PREFIX dbo: <http://dbpedia.org/ontology/> PREFIX res: <http://dbpedia.org/resource/> SELECT DISTINCT ?uri WHERE {{ res:Forbes dbo:editor ?uri }}"",
  ""error_types"": [""semantic""]
}"
q221,Which awards did Douglas Hofstadter win?,PREFIX dbo: <http://dbpedia.org/ontology/> PREFIX res: <http://dbpedia.org/resource/> SELECT DISTINCT ?uri WHERE { res:Douglas_Hofstadter dbo:award ?uri },semantic,PREFIX dbo: <http://dbpedia.org/ontology/> PREFIX res: <http://dbpedia.org/resource/> SELECT DISTINCT ?uri WHERE { res:Douglas_Hofstadter dbo:birthPlace ?uri },['semantic'],"{
  ""id"": ""q221"",
  ""question"": ""Which awards did Douglas Hofstadter win?"",
  ""sparql_wrong"": ""PREFIX dbo: <http://dbpedia.org/ontology/> PREFIX res: <http://dbpedia.org/resource/> SELECT DISTINCT ?uri WHERE { res:Douglas_Hofstadter dbo:birthPlace ?uri }"",
  ""sparql_gold"": ""PREFIX dbo: <http://dbpedia.org/ontology/> PREFIX res: <http://dbpedia.org/resource/> SELECT DISTINCT ?uri WHERE {{ res:Douglas_Hofstadter dbo:award ?uri }}"",
  ""error_types"": [""semantic""]
}"
q222,Who is the youngest Darts player?,PREFIX dbo: <http://dbpedia.org/ontology/> PREFIX rdf: <http://www.w3.org/1999/02/22-rdf-syntax-ns#> SELECT DISTINCT ?uri WHERE { ?uri rdf:type dbo:DartsPlayer ; dbo:birthDate ?date } ORDER BY DESC(?date) OFFSET 0 LIMIT 1,semantic,PREFIX dbo: <http://dbpedia.org/ontology/> PREFIX rdf: <http://www.w3.org/1999/02/22-rdf-syntax-ns#> SELECT DISTINCT ?uri WHERE { ?uri rdf:type dbo:ChessPlayer ; dbo:birthDate ?date } ORDER BY DESC(?date) OFFSET 0 LIMIT 1,['semantic'],"{
  ""id"": ""q222"",
  ""question"": ""Who is the youngest Darts player?"",
  ""sparql_wrong"": ""PREFIX dbo: <http://dbpedia.org/ontology/> PREFIX rdf: <http://www.w3.org/1999/02/22-rdf-syntax-ns#> SELECT DISTINCT ?uri WHERE { ?uri rdf:type dbo:ChessPlayer ; dbo:birthDate ?date } ORDER BY DESC(?date) OFFSET 0 LIMIT 1"",
  ""sparql_gold"": ""PREFIX dbo: <http://dbpedia.org/ontology/> PREFIX rdf: <http://www.w3.org/1999/02/22-rdf-syntax-ns#> SELECT DISTINCT ?uri WHERE {{ ?uri rdf:type dbo:DartsPlayer ; dbo:birthDate ?date }} ORDER BY DESC(?date) OFFSET 0 LIMIT 1"",
  ""error_types"": [""semantic""]
}"
q223,Is horse racing a sport?,PREFIX dbo: <http://dbpedia.org/ontology/> PREFIX dbr: <http://dbpedia.org/resource/> PREFIX rdf: <http://www.w3.org/1999/02/22-rdf-syntax-ns#> ASK WHERE { dbr:Horse_racing rdf:type dbo:Sport },semantic,,['semantic'],
q224,Which river does the Brooklyn Bridge cross?,PREFIX dbo: <http://dbpedia.org/ontology/> PREFIX res: <http://dbpedia.org/resource/> SELECT DISTINCT ?uri WHERE { res:Brooklyn_Bridge dbo:crosses ?uri },syntax,PREFIX dbo: <http://dbpedia.org/ontology/> PREFIX res: <http://dbpedia.org/resource/> SELECT DISTINCT ?uri WHERE { res:Brooklyn_Bridge dbo:crosses ?uri }},['syntax'],"{
  ""id"": ""q224"",
  ""question"": ""Which river does the Brooklyn Bridge cross?"",
  ""sparql_wrong"": ""PREFIX dbo: <http://dbpedia.org/ontology/> PREFIX res: <http://dbpedia.org/resource/> SELECT DISTINCT ?uri WHERE { res:Brooklyn_Bridge dbo:crosses ?uri }}"",
  ""sparql_gold"": ""PREFIX dbo: <http://dbpedia.org/ontology/> PREFIX res: <http://dbpedia.org/resource/> SELECT DISTINCT ?uri WHERE {{ res:Brooklyn_Bridge dbo:crosses ?uri }}"",
  ""error_types"": [""syntax""]
}"
q225,How many people live in Poland?,PREFIX dbo: <http://dbpedia.org/ontology/> PREFIX res: <http://dbpedia.org/resource/> SELECT DISTINCT ?uri WHERE { res:Poland dbo:populationTotal ?uri },semantic,PREFIX dbo: <http://dbpedia.org/ontology/> PREFIX res: <http://dbpedia.org/resource/> SELECT DISTINCT ?uri WHERE { res:Poland dbo:areaTotal ?uri },['semantic'],"{
  ""id"": ""q225"",
  ""question"": ""How many people live in Poland?"",
  ""sparql_wrong"": ""PREFIX dbo: <http://dbpedia.org/ontology/> PREFIX res: <http://dbpedia.org/resource/> SELECT DISTINCT ?uri WHERE { res:Poland dbo:areaTotal ?uri }"",
  ""sparql_gold"": ""PREFIX dbo: <http://dbpedia.org/ontology/> PREFIX res: <http://dbpedia.org/resource/> SELECT DISTINCT ?uri WHERE {{ res:Poland dbo:populationTotal ?uri }}"",
  ""error_types"": [""semantic""]
}"
q226,When was the last episode of the TV series Friends aired?,PREFIX dbo: <http://dbpedia.org/ontology/> PREFIX dbr: <http://dbpedia.org/resource/> SELECT ?date WHERE { dbr:Friends dbo:completionDate ?date },semantic,PREFIX dbo: <http://dbpedia.org/ontology/> PREFIX dbr: <http://dbpedia.org/resource/> SELECT ?date WHERE { dbr:Friends dbo:releaseDate ?date },['semantic'],"{
  ""id"": ""q226"",
  ""question"": ""When was the last episode of the TV series Friends aired?"",
  ""sparql_wrong"": ""PREFIX dbo: <http://dbpedia.org/ontology/> PREFIX dbr: <http://dbpedia.org/resource/> SELECT ?date WHERE { dbr:Friends dbo:releaseDate ?date }"",
  ""sparql_gold"": ""PREFIX dbo: <http://dbpedia.org/ontology/> PREFIX dbr: <http://dbpedia.org/resource/> SELECT ?date WHERE {{ dbr:Friends dbo:completionDate ?date }}"",
  ""error_types"": [""semantic""]
}"
q227,Is the wife of president Obama called Michelle?,"PREFIX dbo: <http://dbpedia.org/ontology/> PREFIX res: <http://dbpedia.org/resource/> PREFIX rdfs: <http://www.w3.org/2000/01/rdf-schema#> ASK WHERE { res:Barack_Obama dbo:spouse ?spouse . ?spouse rdfs:label ?name FILTER regex(?name, ""Michelle"") }",semantic,"PREFIX dbo: <http://dbpedia.org/ontology/> PREFIX res: <http://dbpedia.org/resource/> PREFIX rdfs: <http://www.w3.org/2000/01/rdf-schema#> ASK WHERE { res:Barack_Obama dbo:parent ?spouse . ?spouse rdfs:label ?name FILTER regex(?name, ""Michelle"") }",['semantic'],"{
  ""id"": ""q227"",
  ""question"": ""Is the wife of president Obama called Michelle?"",
  ""sparql_wrong"": ""PREFIX dbo: <http://dbpedia.org/ontology/> PREFIX res: <http://dbpedia.org/resource/> PREFIX rdfs: <http://www.w3.org/2000/01/rdf-schema#> ASK WHERE { res:Barack_Obama dbo:parent ?spouse . ?spouse rdfs:label ?name FILTER regex(?name, \""Michelle\"") }"",
  ""sparql_gold"": ""PREFIX dbo: <http://dbpedia.org/ontology/> PREFIX res: <http://dbpedia.org/resource/> PREFIX rdfs: <http://www.w3.org/2000/01/rdf-schema#> ASK WHERE {{ res:Barack_Obama dbo:spouse ?spouse . ?spouse rdfs:label ?name FILTER regex(?name, \""Michelle\"") }}"",
  ""error_types"": [""semantic""]
}"
q229,Who is 8th president of US?,PREFIX dbo: <http://dbpedia.org/ontology/> PREFIX dbp: <http://dbpedia.org/property/> PREFIX dbr: <http://dbpedia.org/resource/> SELECT ?name WHERE { dbr:8th_President_of_the_United_States dbo:wikiPageRedirects ?link . ?link dbp:name ?name },syntax,PREFIX dbo: <http://dbpedia.org/ontology/> PREFIX dbp: <http://dbpedia.org/property/> PREFIX dbr: <http://dbpedia.org/resource/> SELECT ?name WHERE { dbr:8th_President_of_the_United_States dbo:wikiPageRedirects ?link . ?link dbp:name ?name },['syntax'],"{
  ""id"": ""q229"",
  ""question"": ""Who is 8th president of US?"",
  ""sparql_wrong"": ""PREFIX dbo: <http://dbpedia.org/ontology/> PREFIX dbp: <http://dbpedia.org/property/> PREFIX dbr: <http://dbpedia.org/resource/> SELECT ?name WHERE { dbr:8th_President_of_the_United_States dbo:wikiPageRedirects ?link . ?link dbp:name ?name }"",
  ""sparql_gold"": ""PREFIX dbo: <http://dbpedia.org/ontology/> PREFIX dbp: <http://dbpedia.org/property/> PREFIX dbr: <http://dbpedia.org/resource/> SELECT ?name WHERE {{ dbr:8th_President_of_the_United_States dbo:wikiPageRedirects ?link . ?link dbp:name ?name }}"",
  ""error_types"": [""syntax""]
}"
q230,how much is the total population of european union?,PREFIX dbo: <http://dbpedia.org/ontology/> PREFIX dbr: <http://dbpedia.org/resource/> SELECT ?europop WHERE { dbr:European_Union dbo:populationTotal ?europop },syntax,PREFIX dbo: <http://dbpedia.org/ontology/> PREFIX dbr: <http://dbpedia.org/resource/> SELECT ?europop WHERE { dbr:European_Union dbo:populationTotal ?europop },['syntax'],"{
  ""id"": ""q230"",
  ""question"": ""how much is the total population of european union?"",
  ""sparql_wrong"": ""PREFIX dbo: <http://dbpedia.org/ontology/> PREFIX dbr: <http://dbpedia.org/resource/> SELECT ?europop WHERE { dbr:European_Union dbo:populationTotal ?europop }"",
  ""sparql_gold"": ""PREFIX dbo: <http://dbpedia.org/ontology/> PREFIX dbr: <http://dbpedia.org/resource/> SELECT ?europop WHERE {{ dbr:European_Union dbo:populationTotal ?europop }}"",
  ""error_types"": [""syntax""]
}"
q231,Give me all launch pads operated by NASA.,PREFIX dbo: <http://dbpedia.org/ontology/> PREFIX res: <http://dbpedia.org/resource/> PREFIX rdf: <http://www.w3.org/1999/02/22-rdf-syntax-ns#> SELECT DISTINCT ?uri WHERE { ?uri rdf:type dbo:LaunchPad ; dbo:operator res:NASA },semantic,PREFIX dbo: <http://dbpedia.org/ontology/> PREFIX res: <http://dbpedia.org/resource/> PREFIX rdf: <http://www.w3.org/1999/02/22-rdf-syntax-ns#> SELECT DISTINCT ?uri WHERE { ?uri rdf:type dbo:LaunchPad ; dbo:manufacturer res:NASA },['semantic'],"{
  ""id"": ""q231"",
  ""question"": ""Give me all launch pads operated by NASA."",
  ""sparql_wrong"": ""PREFIX dbo: <http://dbpedia.org/ontology/> PREFIX res: <http://dbpedia.org/resource/> PREFIX rdf: <http://www.w3.org/1999/02/22-rdf-syntax-ns#> SELECT DISTINCT ?uri WHERE { ?uri rdf:type dbo:LaunchPad ; dbo:manufacturer res:NASA }"",
  ""sparql_gold"": ""PREFIX dbo: <http://dbpedia.org/ontology/> PREFIX res: <http://dbpedia.org/resource/> PREFIX rdf: <http://www.w3.org/1999/02/22-rdf-syntax-ns#> SELECT DISTINCT ?uri WHERE {{ ?uri rdf:type dbo:LaunchPad ; dbo:operator res:NASA }}"",
  ""error_types"": [""semantic""]
}"
q232,Who developed the video game World of Warcraft?,PREFIX dbo: <http://dbpedia.org/ontology/> PREFIX res: <http://dbpedia.org/resource/> SELECT DISTINCT ?uri WHERE { res:World_of_Warcraft dbo:developer ?uri },semantic,PREFIX dbo: <http://dbpedia.org/ontology/> PREFIX res: <http://dbpedia.org/resource/> SELECT DISTINCT ?uri WHERE { res:World_of_Warcraft dbo:publisher ?uri },['semantic'],"{
  ""id"": ""q232"",
  ""question"": ""Who developed the video game World of Warcraft?"",
  ""sparql_wrong"": ""PREFIX dbo: <http://dbpedia.org/ontology/> PREFIX res: <http://dbpedia.org/resource/> SELECT DISTINCT ?uri WHERE { res:World_of_Warcraft dbo:publisher ?uri }"",
  ""sparql_gold"": ""PREFIX dbo: <http://dbpedia.org/ontology/> PREFIX res: <http://dbpedia.org/resource/> SELECT DISTINCT ?uri WHERE {{ res:World_of_Warcraft dbo:developer ?uri }}"",
  ""error_types"": [""semantic""]
}"
q233,What is the birth name of Adele?,PREFIX dbo: <http://dbpedia.org/ontology/> PREFIX dbr: <http://dbpedia.org/resource/> SELECT ?bn WHERE { dbr:Adele dbo:birthName ?bn },semantic,PREFIX dbo: <http://dbpedia.org/ontology/> PREFIX dbr: <http://dbpedia.org/resource/> SELECT ?bn WHERE { dbr:Adele dbo:deathName ?bn },['semantic'],"{
  ""id"": ""q233"",
  ""question"": ""What is the birth name of Adele?"",
  ""sparql_wrong"": ""PREFIX dbo: <http://dbpedia.org/ontology/> PREFIX dbr: <http://dbpedia.org/resource/> SELECT ?bn WHERE { dbr:Adele dbo:deathName ?bn }"",
  ""sparql_gold"": ""PREFIX dbo: <http://dbpedia.org/ontology/> PREFIX dbr: <http://dbpedia.org/resource/> SELECT ?bn WHERE {{ dbr:Adele dbo:birthName ?bn }}"",
  ""error_types"": [""semantic""]
}"
q234,What is the population of Cairo?,PREFIX dbo: <http://dbpedia.org/ontology/> PREFIX dbr: <http://dbpedia.org/resource/> SELECT ?pop WHERE { dbr:Cairo dbo:populationTotal ?pop },syntax,PREFIX dbo: <http://dbpedia.org/ontology/> PREFIX dbr: <http://dbpedia.org/resource/> SELECT ?pop WHERE { dbr:Cairo dbo:populationTotal ?pop },['syntax'],"{
  ""id"": ""q234"",
  ""question"": ""What is the population of Cairo?"",
  ""sparql_wrong"": ""PREFIX dbo: <http://dbpedia.org/ontology/> PREFIX dbr: <http://dbpedia.org/resource/> SELECT ?pop WHERE { dbr:Cairo dbo:populationTotal ?pop }"",
  ""sparql_gold"": ""PREFIX dbo: <http://dbpedia.org/ontology/> PREFIX dbr: <http://dbpedia.org/resource/> SELECT ?pop WHERE {{ dbr:Cairo dbo:populationTotal ?pop }}"",
  ""error_types"": [""syntax""]
}"
q235,Is Frank Herbert still alive?,PREFIX dbo: <http://dbpedia.org/ontology/> PREFIX res: <http://dbpedia.org/resource/> ASK WHERE { OPTIONAL { res:Frank_Herbert dbo:deathDate ?date } FILTER ( ! bound(?date) ) },syntax,PREFIX dbo: <http://dbpedia.org/ontology/> PREFIX res: <http://dbpedia.org/resource/> ASK WHERE { OPTIONAL {{ res:Frank_Herbert dbo:deathDate ?date }} FILTER ( ! bound(?date) ) }},['syntax'],"{
  ""id"": ""q235"",
  ""question"": ""Is Frank Herbert still alive?"",
  ""sparql_wrong"": ""PREFIX dbo: <http://dbpedia.org/ontology/> PREFIX res: <http://dbpedia.org/resource/> ASK WHERE { OPTIONAL {{ res:Frank_Herbert dbo:deathDate ?date }} FILTER ( ! bound(?date) ) }}"",
  ""sparql_gold"": ""PREFIX dbo: <http://dbpedia.org/ontology/> PREFIX res: <http://dbpedia.org/resource/> ASK WHERE {{ OPTIONAL {{ res:Frank_Herbert dbo:deathDate ?date }} FILTER ( ! bound(?date) ) }}"",
  ""error_types"": [""syntax""]
}"
q236,What is the last work of Dan Brown?,PREFIX dbo: <http://dbpedia.org/ontology/> PREFIX dbp: <http://dbpedia.org/property/> PREFIX dbr: <http://dbpedia.org/resource/> SELECT ?book WHERE { { ?book dbo:author dbr:Dan_Brown . ?book dbp:releaseDate ?date } UNION { ?book dbo:author dbr:Dan_Brown . ?book dbo:publicationDate ?date} } ORDER BY DESC(xsd:date(?date)) LIMIT 1,structural,PREFIX dbo: <http://dbpedia.org/ontology/> PREFIX dbp: <http://dbpedia.org/property/> PREFIX dbr: <http://dbpedia.org/resource/> SELECT ?book WHERE {{ {{ dbr:Dan_Brown dbo:author ?book . ?book dbp:releaseDate ?date }} UNION {{ dbr:Dan_Brown dbo:author ?book . ?book dbo:publicationDate ?date}} }} ORDER BY DESC(xsd:date(?date)) LIMIT 1,['structural'],"{
  ""id"": ""q236"",
  ""question"": ""What is the last work of Dan Brown?"",
  ""sparql_wrong"": ""PREFIX dbo: <http://dbpedia.org/ontology/> PREFIX dbp: <http://dbpedia.org/property/> PREFIX dbr: <http://dbpedia.org/resource/> SELECT ?book WHERE {{ {{ dbr:Dan_Brown dbo:author ?book . ?book dbp:releaseDate ?date }} UNION {{ dbr:Dan_Brown dbo:author ?book . ?book dbo:publicationDate ?date}} }} ORDER BY DESC(xsd:date(?date)) LIMIT 1"",
  ""sparql_gold"": ""PREFIX dbo: <http://dbpedia.org/ontology/> PREFIX dbp: <http://dbpedia.org/property/> PREFIX dbr: <http://dbpedia.org/resource/> SELECT ?book WHERE {{ {{ ?book dbo:author dbr:Dan_Brown . ?book dbp:releaseDate ?date }} UNION {{ ?book dbo:author dbr:Dan_Brown . ?book dbo:publicationDate ?date}} }} ORDER BY DESC(xsd:date(?date)) LIMIT 1"",
  ""error_types"": [""structural""]
}"
q237,Where is Sungkyunkwan University?,PREFIX dbo: <http://dbpedia.org/ontology/> PREFIX dbr: <http://dbpedia.org/resource/> SELECT DISTINCT ?country WHERE { dbr:Sungkyunkwan_University dbo:city ?city ; dbo:country ?country },semantic,PREFIX dbo: <http://dbpedia.org/ontology/> PREFIX dbr: <http://dbpedia.org/resource/> SELECT DISTINCT ?country WHERE { dbr:Sungkyunkwan_University dbo:river ?country },['semantic'],"{
  ""id"": ""q237"",
  ""question"": ""Where is Sungkyunkwan University?"",
  ""sparql_wrong"": ""PREFIX dbo: <http://dbpedia.org/ontology/> PREFIX dbr: <http://dbpedia.org/resource/> SELECT DISTINCT ?country WHERE { dbr:Sungkyunkwan_University dbo:river ?country }"",
  ""sparql_gold"": ""PREFIX dbo: <http://dbpedia.org/ontology/> PREFIX dbr: <http://dbpedia.org/resource/> SELECT DISTINCT ?country WHERE { dbr:Sungkyunkwan_University dbo:city ?city ; dbo:country ?country }"",
  ""error_types"": [""semantic""]
}"
q238,Who is the author of the interpretation of dreams?,PREFIX dbo: <http://dbpedia.org/ontology/> PREFIX dbr: <http://dbpedia.org/resource/> SELECT ?Author WHERE { dbr:The_Interpretation_of_Dreams dbo:author ?Author },semantic,PREFIX dbo: <http://dbpedia.org/ontology/> PREFIX dbr: <http://dbpedia.org/resource/> SELECT ?Author WHERE { dbr:The_Interpretation_of_Dreams dbo:artist ?Author },['semantic'],"{
  ""id"": ""q238"",
  ""question"": ""Who is the author of the interpretation of dreams?"",
  ""sparql_wrong"": ""PREFIX dbo: <http://dbpedia.org/ontology/> PREFIX dbr: <http://dbpedia.org/resource/> SELECT ?Author WHERE { dbr:The_Interpretation_of_Dreams dbo:artist ?Author }"",
  ""sparql_gold"": ""PREFIX dbo: <http://dbpedia.org/ontology/> PREFIX dbr: <http://dbpedia.org/resource/> SELECT ?Author WHERE { dbr:The_Interpretation_of_Dreams dbo:author ?Author }"",
  ""error_types"": [""semantic""]
}"
q239,When was the death of Shakespeare?,PREFIX dbo: <http://dbpedia.org/ontology/> PREFIX dbr: <http://dbpedia.org/resource/> SELECT ?x WHERE { dbr:William_Shakespeare dbo:deathDate ?x } LIMIT 1,semantic,PREFIX dbo: <http://dbpedia.org/ontology/> PREFIX dbr: <http://dbpedia.org/resource/> SELECT ?x WHERE { dbr:William_Shakespeare dbo:birthDate ?x } LIMIT 1,['semantic'],"{
  ""id"": ""q239"",
  ""question"": ""When was the death of Shakespeare?"",
  ""sparql_wrong"": ""PREFIX dbo: <http://dbpedia.org/ontology/> PREFIX dbr: <http://dbpedia.org/resource/> SELECT ?x WHERE { dbr:William_Shakespeare dbo:birthDate ?x } LIMIT 1"",
  ""sparql_gold"": ""PREFIX dbo: <http://dbpedia.org/ontology/> PREFIX dbr: <http://dbpedia.org/resource/> SELECT ?x WHERE {{ dbr:William_Shakespeare dbo:deathDate ?x }} LIMIT 1"",
  ""error_types"": [""semantic""]
}"
q241,Who developed Slack?,PREFIX dbo: <http://dbpedia.org/ontology/> SELECT DISTINCT ?uri WHERE { ?uri dbo:product <http://dbpedia.org/resource/Slack_(software)> },semantic,PREFIX dbo: <http://dbpedia.org/ontology/> SELECT DISTINCT ?uri WHERE { ?uri dbo:developer <http://dbpedia.org/resource/Slack_(software)> },['semantic'],"{
  ""id"": ""q241"",
  ""question"": ""Who developed Slack?"",
  ""sparql_wrong"": ""PREFIX dbo: <http://dbpedia.org/ontology/> SELECT DISTINCT ?uri WHERE { ?uri dbo:developer <http://dbpedia.org/resource/Slack_(software)> }"",
  ""sparql_gold"": ""PREFIX dbo: <http://dbpedia.org/ontology/> SELECT DISTINCT ?uri WHERE {{ ?uri dbo:product <http://dbpedia.org/resource/Slack_(software)> }}"",
  ""error_types"": [""semantic""]
}"
q242,Where is the origin of Carolina reaper?,PREFIX dbo: <http://dbpedia.org/ontology/>PREFIX dbr: <http://dbpedia.org/resource/> SELECT ?uri WHERE { dbr:Carolina_Reaper dbo:origin ?uri},semantic,PREFIX dbo: <http://dbpedia.org/ontology/>PREFIX dbr: <http://dbpedia.org/resource/> SELECT ?uri WHERE { dbr:Carolina_Reaper dbo:birthPlace ?uri },['semantic'],"{
  ""id"": ""q242"",
  ""question"": ""Where is the origin of Carolina reaper?"",
  ""sparql_wrong"": ""PREFIX dbo: <http://dbpedia.org/ontology/>PREFIX dbr: <http://dbpedia.org/resource/> SELECT ?uri WHERE { dbr:Carolina_Reaper dbo:birthPlace ?uri }"",
  ""sparql_gold"": ""PREFIX dbo: <http://dbpedia.org/ontology/>PREFIX dbr: <http://dbpedia.org/resource/> SELECT ?uri WHERE {{ dbr:Carolina_Reaper dbo:origin ?uri}}"",
  ""error_types"": [""semantic""]
}"
q243,In which year was Rachel Stevens born?,PREFIX dbo: <http://dbpedia.org/ontology/> PREFIX res: <http://dbpedia.org/resource/> SELECT DISTINCT ?uri WHERE { res:Rachel_Stevens dbo:birthYear ?uri },semantic,PREFIX dbo: <http://dbpedia.org/ontology/> PREFIX res: <http://dbpedia.org/resource/> SELECT DISTINCT ?uri WHERE { res:Rachel_Stevens dbo:deathYear ?uri },['semantic'],"{
  ""id"": ""q243"",
  ""question"": ""In which year was Rachel Stevens born?"",
  ""sparql_wrong"": ""PREFIX dbo: <http://dbpedia.org/ontology/> PREFIX res: <http://dbpedia.org/resource/> SELECT DISTINCT ?uri WHERE { res:Rachel_Stevens dbo:deathYear ?uri }"",
  ""sparql_gold"": ""PREFIX dbo: <http://dbpedia.org/ontology/> PREFIX res: <http://dbpedia.org/resource/> SELECT DISTINCT ?uri WHERE {{ res:Rachel_Stevens dbo:birthYear ?uri }}"",
  ""error_types"": [""semantic""]
}"
q244,How often did Jane Fonda marry?,PREFIX dbo: <http://dbpedia.org/ontology/> PREFIX res: <http://dbpedia.org/resource/> SELECT (COUNT(DISTINCT ?uri) AS ?c) WHERE { res:Jane_Fonda dbo:spouse ?uri },syntax,PREFIX dbo: <http://dbpedia.org/ontology/> PREFIX res: <http://dbpedia.org/resource/> SELECT (COUNT(DISTINCT ?uri) AS ?c WHERE {{ res:Jane_Fonda dbo:spouse ?uri }},['syntax'],"{
  ""id"": ""q244"",
  ""question"": ""How often did Jane Fonda marry?"",
  ""sparql_wrong"": ""PREFIX dbo: <http://dbpedia.org/ontology/> PREFIX res: <http://dbpedia.org/resource/> SELECT (COUNT(DISTINCT ?uri) AS ?c WHERE {{ res:Jane_Fonda dbo:spouse ?uri }}"",
  ""sparql_gold"": ""PREFIX dbo: <http://dbpedia.org/ontology/> PREFIX res: <http://dbpedia.org/resource/> SELECT (COUNT(DISTINCT ?uri) AS ?c) WHERE {{ res:Jane_Fonda dbo:spouse ?uri }}"",
  ""error_types"": [""syntax""]
}"
q245,Was the wife of president Lincoln called Mary?,"PREFIX dbo: <http://dbpedia.org/ontology/> PREFIX res: <http://dbpedia.org/resource/> PREFIX rdfs: <http://www.w3.org/2000/01/rdf-schema#> ASK WHERE { res:Abraham_Lincoln dbo:spouse ?spouse . ?spouse rdfs:label ?name FILTER regex(?name, ""Mary"") }",semantic,"PREFIX dbo: <http://dbpedia.org/ontology/> PREFIX res: <http://dbpedia.org/resource/> PREFIX rdfs: <http://www.w3.org/2000/01/rdf-schema#> ASK WHERE { res:Abraham_Lincoln dbo:child ?spouse . ?spouse rdfs:label ?name FILTER regex(?name, ""Mary"") }",['semantic'],"{
  ""id"": ""q245"",
  ""question"": ""Was the wife of president Lincoln called Mary?"",
  ""sparql_wrong"": ""PREFIX dbo: <http://dbpedia.org/ontology/> PREFIX res: <http://dbpedia.org/resource/> PREFIX rdfs: <http://www.w3.org/2000/01/rdf-schema#> ASK WHERE { res:Abraham_Lincoln dbo:child ?spouse . ?spouse rdfs:label ?name FILTER regex(?name, \""Mary\"") }"",
  ""sparql_gold"": ""PREFIX dbo: <http://dbpedia.org/ontology/> PREFIX res: <http://dbpedia.org/resource/> PREFIX rdfs: <http://www.w3.org/2000/01/rdf-schema#> ASK WHERE {{ res:Abraham_Lincoln dbo:spouse ?spouse . ?spouse rdfs:label ?name FILTER regex(?name, \""Mary\"") }}"",
  ""error_types"": [""semantic""]
}"
q246,Which cities does the Weser flow through?,PREFIX dbo: <http://dbpedia.org/ontology/> PREFIX res: <http://dbpedia.org/resource/> SELECT DISTINCT ?uri WHERE { res:Weser dbo:city ?uri },semantic,PREFIX dbo: <http://dbpedia.org/ontology/> PREFIX res: <http://dbpedia.org/resource/> SELECT DISTINCT ?uri WHERE { res:Weser dbo:country ?uri },['semantic'],"{
  ""id"": ""q246"",
  ""question"": ""Which cities does the Weser flow through?"",
  ""sparql_wrong"": ""PREFIX dbo: <http://dbpedia.org/ontology/> PREFIX res: <http://dbpedia.org/resource/> SELECT DISTINCT ?uri WHERE { res:Weser dbo:country ?uri }"",
  ""sparql_gold"": ""PREFIX dbo: <http://dbpedia.org/ontology/> PREFIX res: <http://dbpedia.org/resource/> SELECT DISTINCT ?uri WHERE {{ res:Weser dbo:city ?uri }}"",
  ""error_types"": [""semantic""]
}"
q247,In which programming language is GIMP written?,PREFIX dbo: <http://dbpedia.org/ontology/> PREFIX res: <http://dbpedia.org/resource/> SELECT DISTINCT ?uri WHERE { res:GIMP dbo:programmingLanguage ?uri },semantic,PREFIX dbo: <http://dbpedia.org/ontology/> PREFIX res: <http://dbpedia.org/resource/> SELECT DISTINCT ?uri WHERE { res:GIMP dbo:developer ?uri },['semantic'],"{
  ""id"": ""q247"",
  ""question"": ""In which programming language is GIMP written?"",
  ""sparql_wrong"": ""PREFIX dbo: <http://dbpedia.org/ontology/> PREFIX res: <http://dbpedia.org/resource/> SELECT DISTINCT ?uri WHERE { res:GIMP dbo:developer ?uri }"",
  ""sparql_gold"": ""PREFIX dbo: <http://dbpedia.org/ontology/> PREFIX res: <http://dbpedia.org/resource/> SELECT DISTINCT ?uri WHERE {{ res:GIMP dbo:programmingLanguage ?uri }}"",
  ""error_types"": [""semantic""]
}"
q248,Which university did Angela Merkel attend?,PREFIX dbo: <http://dbpedia.org/ontology/> PREFIX res: <http://dbpedia.org/resource/> SELECT DISTINCT ?university WHERE { res:Angela_Merkel dbo:almaMater ?university },syntax,PREFIX dbo: <http://dbpedia.org/ontology/> PREFIX res: <http://dbpedia.org/resource/> SELECT DISTINCT ?university WHERE { res:Angela_Merkel dbo:almaMater ?university },['syntax'],"{
  ""id"": ""q248"",
  ""question"": ""Which university did Angela Merkel attend?"",
  ""sparql_wrong"": ""PREFIX dbo: <http://dbpedia.org/ontology/> PREFIX res: <http://dbpedia.org/resource/> SELECT DISTINCT ?university WHERE { res:Angela_Merkel dbo:almaMater ?university }"",
  ""sparql_gold"": ""PREFIX dbo: <http://dbpedia.org/ontology/> PREFIX res: <http://dbpedia.org/resource/> SELECT DISTINCT ?university WHERE {{ res:Angela_Merkel dbo:almaMater ?university }}"",
  ""error_types"": [""syntax""]
}"
q249,List all the musicals with music by Elton John.,PREFIX dbo: <http://dbpedia.org/ontology/> PREFIX res: <http://dbpedia.org/resource/> PREFIX rdf: <http://www.w3.org/1999/02/22-rdf-syntax-ns#> SELECT DISTINCT ?uri WHERE { ?uri rdf:type dbo:Musical ; dbo:musicBy res:Elton_John },semantic,PREFIX dbo: <http://dbpedia.org/ontology/> PREFIX res: <http://dbpedia.org/resource/> PREFIX rdf: <http://www.w3.org/1999/02/22-rdf-syntax-ns#> SELECT DISTINCT ?uri WHERE { ?uri rdf:type dbo:Musical ; dbo:author res:Elton_John },['semantic'],"{
  ""id"": ""q249"",
  ""question"": ""List all the musicals with music by Elton John."",
  ""sparql_wrong"": ""PREFIX dbo: <http://dbpedia.org/ontology/> PREFIX res: <http://dbpedia.org/resource/> PREFIX rdf: <http://www.w3.org/1999/02/22-rdf-syntax-ns#> SELECT DISTINCT ?uri WHERE { ?uri rdf:type dbo:Musical ; dbo:author res:Elton_John }"",
  ""sparql_gold"": ""PREFIX dbo: <http://dbpedia.org/ontology/> PREFIX res: <http://dbpedia.org/resource/> PREFIX rdf: <http://www.w3.org/1999/02/22-rdf-syntax-ns#> SELECT DISTINCT ?uri WHERE {{ ?uri rdf:type dbo:Musical ; dbo:musicBy res:Elton_John }}"",
  ""error_types"": [""semantic""]
}"
q250,How many Aldi stores are there?,PREFIX dbo: <http://dbpedia.org/ontology/> PREFIX res: <http://dbpedia.org/resource/> SELECT DISTINCT ?number WHERE { res:Aldi dbo:numberOfLocations ?number },semantic,PREFIX dbo: <http://dbpedia.org/ontology/> PREFIX res: <http://dbpedia.org/resource/> SELECT DISTINCT ?number WHERE { res:Aldi dbo:numberOfEmployees ?number },['semantic'],"{
  ""id"": ""q250"",
  ""question"": ""How many Aldi stores are there?"",
  ""sparql_wrong"": ""PREFIX dbo: <http://dbpedia.org/ontology/> PREFIX res: <http://dbpedia.org/resource/> SELECT DISTINCT ?number WHERE { res:Aldi dbo:numberOfEmployees ?number }"",
  ""sparql_gold"": ""PREFIX dbo: <http://dbpedia.org/ontology/> PREFIX res: <http://dbpedia.org/resource/> SELECT DISTINCT ?number WHERE {{ res:Aldi dbo:numberOfLocations ?number }}"",
  ""error_types"": [""semantic""]
}"
q251,What is the longest river in the world?,PREFIX dbo: <http://dbpedia.org/ontology/> PREFIX rdf: <http://www.w3.org/1999/02/22-rdf-syntax-ns#> SELECT ?uri WHERE { ?uri rdf:type dbo:BodyOfWater ; dbo:length ?length } ORDER BY DESC(?length) LIMIT 1,semantic,PREFIX dbo: <http://dbpedia.org/ontology/> PREFIX rdf: <http://www.w3.org/1999/02/22-rdf-syntax-ns#> SELECT ?uri WHERE { ?uri rdf:type dbo:Mountain ; dbo:length ?length } ORDER BY DESC(?length) LIMIT 1,['semantic'],"{
  ""id"": ""q251"",
  ""question"": ""What is the longest river in the world?"",
  ""sparql_wrong"": ""PREFIX dbo: <http://dbpedia.org/ontology/> PREFIX rdf: <http://www.w3.org/1999/02/22-rdf-syntax-ns#> SELECT ?uri WHERE { ?uri rdf:type dbo:Mountain ; dbo:length ?length } ORDER BY DESC(?length) LIMIT 1"",
  ""sparql_gold"": ""PREFIX dbo: <http://dbpedia.org/ontology/> PREFIX rdf: <http://www.w3.org/1999/02/22-rdf-syntax-ns#> SELECT ?uri WHERE {{ ?uri rdf:type dbo:BodyOfWater ; dbo:length ?length }} ORDER BY DESC(?length) LIMIT 1"",
  ""error_types"": [""semantic""]
}"
q252,When was John Adams born?,PREFIX dbo: <http://dbpedia.org/ontology/> PREFIX res: <http://dbpedia.org/resource/> SELECT DISTINCT ?date WHERE { res:John_Adams dbo:birthDate ?date },semantic,PREFIX dbo: <http://dbpedia.org/ontology/> PREFIX res: <http://dbpedia.org/resource/> SELECT DISTINCT ?date WHERE { res:John_Adams dbo:deathDate ?date },['semantic'],"{
  ""id"": ""q252"",
  ""question"": ""When was John Adams born?"",
  ""sparql_wrong"": ""PREFIX dbo: <http://dbpedia.org/ontology/> PREFIX res: <http://dbpedia.org/resource/> SELECT DISTINCT ?date WHERE { res:John_Adams dbo:deathDate ?date }"",
  ""sparql_gold"": ""PREFIX dbo: <http://dbpedia.org/ontology/> PREFIX res: <http://dbpedia.org/resource/> SELECT DISTINCT ?date WHERE {{ res:John_Adams dbo:birthDate ?date }}"",
  ""error_types"": [""semantic""]
}"
q253,Which companies produce hovercrafts?,PREFIX dbo: <http://dbpedia.org/ontology/> PREFIX res: <http://dbpedia.org/resource/> PREFIX rdf: <http://www.w3.org/1999/02/22-rdf-syntax-ns#> SELECT DISTINCT ?uri WHERE { ?uri rdf:type dbo:Company ; dbo:product res:Hovercraft },semantic,PREFIX dbo: <http://dbpedia.org/ontology/> PREFIX res: <http://dbpedia.org/resource/> PREFIX rdf: <http://www.w3.org/1999/02/22-rdf-syntax-ns#> SELECT DISTINCT ?uri WHERE { ?uri rdf:type dbo:Company ; dbo:product res:Helicopter },['semantic'],"{
  ""id"": ""q253"",
  ""question"": ""Which companies produce hovercrafts?"",
  ""sparql_wrong"": ""PREFIX dbo: <http://dbpedia.org/ontology/> PREFIX res: <http://dbpedia.org/resource/> PREFIX rdf: <http://www.w3.org/1999/02/22-rdf-syntax-ns#> SELECT DISTINCT ?uri WHERE { ?uri rdf:type dbo:Company ; dbo:product res:Helicopter }"",
  ""sparql_gold"": ""PREFIX dbo: <http://dbpedia.org/ontology/> PREFIX res: <http://dbpedia.org/resource/> PREFIX rdf: <http://www.w3.org/1999/02/22-rdf-syntax-ns#> SELECT DISTINCT ?uri WHERE {{ ?uri rdf:type dbo:Company ; dbo:product res:Hovercraft }}"",
  ""error_types"": [""semantic""]
}"
q254,Who was the wife of U.S. president Lincoln?,PREFIX dbo: <http://dbpedia.org/ontology/> PREFIX res: <http://dbpedia.org/resource/> SELECT DISTINCT ?uri WHERE { res:Abraham_Lincoln dbo:spouse ?uri },structural,PREFIX dbo: <http://dbpedia.org/ontology/> PREFIX res: <http://dbpedia.org/resource/> SELECT DISTINCT ?uri WHERE { ?uri dbo:spouse res:Abraham_Lincoln },['structural'],"{
  ""id"": ""q254"",
  ""question"": ""Who was the wife of U.S. president Lincoln?"",
  ""sparql_wrong"": ""PREFIX dbo: <http://dbpedia.org/ontology/> PREFIX res: <http://dbpedia.org/resource/> SELECT DISTINCT ?uri WHERE { ?uri dbo:spouse res:Abraham_Lincoln }"",
  ""sparql_gold"": ""PREFIX dbo: <http://dbpedia.org/ontology/> PREFIX res: <http://dbpedia.org/resource/> SELECT DISTINCT ?uri WHERE {{ res:Abraham_Lincoln dbo:spouse ?uri }}"",
  ""error_types"": [""structural""]
}"
q255,Which species does an elephant belong?,PREFIX dbr: <http://dbpedia.org/resource/> PREFIX dbp: <http://dbpedia.org/property/> SELECT ?species WHERE { dbr:Elephant dbp:species ?species },syntax,PREFIX dbr: <http://dbpedia.org/resource/> PREFIX dbp: <http://dbpedia.org/property/> SELECT ?species WHERE { dbr:Elephant dbp:species ?species },['syntax'],"{
  ""id"": ""q255"",
  ""question"": ""Which species does an elephant belong?"",
  ""sparql_wrong"": ""PREFIX dbr: <http://dbpedia.org/resource/> PREFIX dbp: <http://dbpedia.org/property/> SELECT ?species WHERE { dbr:Elephant dbp:species ?species }"",
  ""sparql_gold"": ""PREFIX dbr: <http://dbpedia.org/resource/> PREFIX dbp: <http://dbpedia.org/property/> SELECT ?species WHERE {{ dbr:Elephant dbp:species ?species }}"",
  ""error_types"": [""syntax""]
}"
q256,How many people live in the capital of Australia?,PREFIX dbo: <http://dbpedia.org/ontology/> PREFIX res: <http://dbpedia.org/resource/> SELECT DISTINCT ?num WHERE { res:Australia dbo:capital ?x . ?x dbo:populationTotal ?num },semantic,PREFIX dbo: <http://dbpedia.org/ontology/> PREFIX res: <http://dbpedia.org/resource/> SELECT DISTINCT ?num WHERE { res:Australia dbo:capital ?x . ?x dbo:areaTotal ?num },['semantic'],"{
  ""id"": ""q256"",
  ""question"": ""How many people live in the capital of Australia?"",
  ""sparql_wrong"": ""PREFIX dbo: <http://dbpedia.org/ontology/> PREFIX res: <http://dbpedia.org/resource/> SELECT DISTINCT ?num WHERE { res:Australia dbo:capital ?x . ?x dbo:areaTotal ?num }"",
  ""sparql_gold"": ""PREFIX dbo: <http://dbpedia.org/ontology/> PREFIX res: <http://dbpedia.org/resource/> SELECT DISTINCT ?num WHERE {{ res:Australia dbo:capital ?x . ?x dbo:populationTotal ?num }}"",
  ""error_types"": [""semantic""]
}"
q257,In which ancient empire could you pay with cocoa beans?,PREFIX dbo: <http://dbpedia.org/ontology/> PREFIX res: <http://dbpedia.org/resource/> SELECT DISTINCT ?uri WHERE { ?uri dbo:currency res:Cocoa_bean },semantic,PREFIX dbo: <http://dbpedia.org/ontology/> PREFIX res: <http://dbpedia.org/resource/> SELECT DISTINCT ?uri WHERE { ?uri dbo:currency res:Coffee_bean },['semantic'],"{
  ""id"": ""q257"",
  ""question"": ""In which ancient empire could you pay with cocoa beans?"",
  ""sparql_wrong"": ""PREFIX dbo: <http://dbpedia.org/ontology/> PREFIX res: <http://dbpedia.org/resource/> SELECT DISTINCT ?uri WHERE { ?uri dbo:currency res:Coffee_bean }"",
  ""sparql_gold"": ""PREFIX dbo: <http://dbpedia.org/ontology/> PREFIX res: <http://dbpedia.org/resource/> SELECT DISTINCT ?uri WHERE {{ ?uri dbo:currency res:Cocoa_bean }}"",
  ""error_types"": [""semantic""]
}"
q258,How many theories did Albert Einstein come up with?,PREFIX dbo: <http://dbpedia.org/ontology/> PREFIX dbr: <http://dbpedia.org/resource/> SELECT (COUNT(?uri) AS ?count) WHERE { dbr:Albert_Einstein dbo:knownFor ?uri },semantic,PREFIX dbo: <http://dbpedia.org/ontology/> PREFIX dbr: <http://dbpedia.org/resource/> SELECT (COUNT(?uri) AS ?count) WHERE { dbr:Albert_Einstein dbo:birthPlace ?uri },['semantic'],"{
  ""id"": ""q258"",
  ""question"": ""How many theories did Albert Einstein come up with?"",
  ""sparql_wrong"": ""PREFIX dbo: <http://dbpedia.org/ontology/> PREFIX dbr: <http://dbpedia.org/resource/> SELECT (COUNT(?uri) AS ?count) WHERE { dbr:Albert_Einstein dbo:birthPlace ?uri }"",
  ""sparql_gold"": ""PREFIX dbo: <http://dbpedia.org/ontology/> PREFIX dbr: <http://dbpedia.org/resource/> SELECT (COUNT(?uri) AS ?count) WHERE {{ dbr:Albert_Einstein dbo:knownFor ?uri }}"",
  ""error_types"": [""semantic""]
}"
q259,Who composed the soundtrack for Cameron's Titanic?,PREFIX dbo: <http://dbpedia.org/ontology/> SELECT DISTINCT ?uri WHERE { <http://dbpedia.org/resource/Titanic_(1997_film)> dbo:musicComposer ?uri },structural,PREFIX dbo: <http://dbpedia.org/ontology/> SELECT DISTINCT ?uri WHERE {{ ?uri dbo:musicComposer <http://dbpedia.org/resource/Titanic_(1997_film)> }},['structural'],"{
  ""id"": ""q259"",
  ""question"": ""Who composed the soundtrack for Cameron's Titanic?"",
  ""sparql_wrong"": ""PREFIX dbo: <http://dbpedia.org/ontology/> SELECT DISTINCT ?uri WHERE {{ ?uri dbo:musicComposer <http://dbpedia.org/resource/Titanic_(1997_film)> }}"",
  ""sparql_gold"": ""PREFIX dbo: <http://dbpedia.org/ontology/> SELECT DISTINCT ?uri WHERE {{ <http://dbpedia.org/resource/Titanic_(1997_film)> dbo:musicComposer ?uri }}"",
  ""error_types"": [""structural""]
}"
q260,Give me the runtime of Toy Story.,PREFIX dbo: <http://dbpedia.org/ontology/> PREFIX res: <http://dbpedia.org/resource/> SELECT DISTINCT ?runtime WHERE { res:Toy_Story dbo:runtime ?runtime },semantic,PREFIX dbo: <http://dbpedia.org/ontology/> PREFIX res: <http://dbpedia.org/resource/> SELECT DISTINCT ?runtime WHERE { res:Toy_Story dbo:releaseDate ?runtime },['semantic'],"{
  ""id"": ""q260"",
  ""question"": ""Give me the runtime of Toy Story."",
  ""sparql_wrong"": ""PREFIX dbo: <http://dbpedia.org/ontology/> PREFIX res: <http://dbpedia.org/resource/> SELECT DISTINCT ?runtime WHERE { res:Toy_Story dbo:releaseDate ?runtime }"",
  ""sparql_gold"": ""PREFIX dbo: <http://dbpedia.org/ontology/> PREFIX res: <http://dbpedia.org/resource/> SELECT DISTINCT ?runtime WHERE {{ res:Toy_Story dbo:runtime ?runtime }}"",
  ""error_types"": [""semantic""]
}"
q262,With how many countries Iran has borders?,PREFIX dbr: <http://dbpedia.org/resource/> PREFIX dbp: <http://dbpedia.org/property/> SELECT ?border WHERE { dbr:Geography_of_Iran dbp:borders ?border } LIMIT 8,syntax,PREFIX dbr: <http://dbpedia.org/resource/> PREFIX dbp: <http://dbpedia.org/property/> SELECT ?border WHERE { dbr:Geography_of_Iran dbp:borders ?border LIMIT 8 },['syntax'],"{
  ""id"": ""q262"",
  ""question"": ""With how many countries Iran has borders?"",
  ""sparql_wrong"": ""PREFIX dbr: <http://dbpedia.org/resource/> PREFIX dbp: <http://dbpedia.org/property/> SELECT ?border WHERE { dbr:Geography_of_Iran dbp:borders ?border LIMIT 8 }"",
  ""sparql_gold"": ""PREFIX dbr: <http://dbpedia.org/resource/> PREFIX dbp: <http://dbpedia.org/property/> SELECT ?border WHERE {{ dbr:Geography_of_Iran dbp:borders ?border }} LIMIT 8"",
  ""error_types"": [""syntax""]
}"
q263,Which electronics companies were founded in Beijing?,PREFIX dbo: <http://dbpedia.org/ontology/> PREFIX res: <http://dbpedia.org/resource/> PREFIX rdf: <http://www.w3.org/1999/02/22-rdf-syntax-ns#> SELECT DISTINCT ?uri WHERE { ?uri rdf:type dbo:Company ; dbo:industry res:Electronics ; dbo:foundationPlace res:Beijing },semantic,PREFIX dbo: <http://dbpedia.org/ontology/> PREFIX res: <http://dbpedia.org/resource/> PREFIX rdf: <http://www.w3.org/1999/02/22-rdf-syntax-ns#> SELECT DISTINCT ?uri WHERE { ?uri rdf:type dbo:Company ; dbo:industry res:Electronics ; dbo:foundationPlace dbo:Beijing },['semantic'],"{
  ""id"": ""q263"",
  ""question"": ""Which electronics companies were founded in Beijing?"",
  ""sparql_wrong"": ""PREFIX dbo: <http://dbpedia.org/ontology/> PREFIX res: <http://dbpedia.org/resource/> PREFIX rdf: <http://www.w3.org/1999/02/22-rdf-syntax-ns#> SELECT DISTINCT ?uri WHERE { ?uri rdf:type dbo:Company ; dbo:industry res:Electronics ; dbo:foundationPlace dbo:Beijing }"",
  ""sparql_gold"": ""PREFIX dbo: <http://dbpedia.org/ontology/> PREFIX res: <http://dbpedia.org/resource/> PREFIX rdf: <http://www.w3.org/1999/02/22-rdf-syntax-ns#> SELECT DISTINCT ?uri WHERE {{ ?uri rdf:type dbo:Company ; dbo:industry res:Electronics ; dbo:foundationPlace res:Beijing }}"",
  ""error_types"": [""semantic""]
}"
q264,Who was the successor of John F. Kennedy?,PREFIX dbo: <http://dbpedia.org/ontology/> PREFIX res: <http://dbpedia.org/resource/> SELECT DISTINCT ?uri WHERE { res:John_F._Kennedy dbo:successor ?uri },semantic,PREFIX dbo: <http://dbpedia.org/ontology/> PREFIX res: <http://dbpedia.org/resource/> SELECT DISTINCT ?uri WHERE { res:John_F._Kennedy dbo:predecessor ?uri },['semantic'],"{
  ""id"": ""q264"",
  ""question"": ""Who was the successor of John F. Kennedy?"",
  ""sparql_wrong"": ""PREFIX dbo: <http://dbpedia.org/ontology/> PREFIX res: <http://dbpedia.org/resource/> SELECT DISTINCT ?uri WHERE { res:John_F._Kennedy dbo:predecessor ?uri }"",
  ""sparql_gold"": ""PREFIX dbo: <http://dbpedia.org/ontology/> PREFIX res: <http://dbpedia.org/resource/> SELECT DISTINCT ?uri WHERE {{ res:John_F._Kennedy dbo:successor ?uri }}"",
  ""error_types"": [""semantic""]
}"
q265,Who is the mayor of Paris?,PREFIX dbo: <http://dbpedia.org/ontology/> PREFIX res: <http://dbpedia.org/resource/> SELECT DISTINCT ?uri WHERE { res:Paris dbo:mayor ?uri },semantic,PREFIX dbo: <http://dbpedia.org/ontology/> PREFIX res: <http://dbpedia.org/resource/> SELECT DISTINCT ?uri WHERE { res:Paris dbo:leader ?uri },['semantic'],"{
  ""id"": ""q265"",
  ""question"": ""Who is the mayor of Paris?"",
  ""sparql_wrong"": ""PREFIX dbo: <http://dbpedia.org/ontology/> PREFIX res: <http://dbpedia.org/resource/> SELECT DISTINCT ?uri WHERE { res:Paris dbo:leader ?uri }"",
  ""sparql_gold"": ""PREFIX dbo: <http://dbpedia.org/ontology/> PREFIX res: <http://dbpedia.org/resource/> SELECT DISTINCT ?uri WHERE {{ res:Paris dbo:mayor ?uri }}"",
  ""error_types"": [""semantic""]
}"
q266,Did Arnold Schwarzenegger attend a university?,PREFIX dbo: <http://dbpedia.org/ontology/> PREFIX res: <http://dbpedia.org/resource/> PREFIX rdf: <http://www.w3.org/1999/02/22-rdf-syntax-ns#> ASK WHERE { res:Arnold_Schwarzenegger dbo:almaMater ?x . ?x rdf:type dbo:University },semantic,PREFIX dbo: <http://dbpedia.org/ontology/> PREFIX res: <http://dbpedia.org/resource/> PREFIX rdf: <http://www.w3.org/1999/02/22-rdf-syntax-ns#> ASK WHERE { res:Arnold_Schwarzenegger dbo:almaMater ?x . ?x rdf:type dbo:City },['semantic'],"{
  ""id"": ""q266"",
  ""question"": ""Did Arnold Schwarzenegger attend a university?"",
  ""sparql_wrong"": ""PREFIX dbo: <http://dbpedia.org/ontology/> PREFIX res: <http://dbpedia.org/resource/> PREFIX rdf: <http://www.w3.org/1999/02/22-rdf-syntax-ns#> ASK WHERE { res:Arnold_Schwarzenegger dbo:almaMater ?x . ?x rdf:type dbo:City }"",
  ""sparql_gold"": ""PREFIX dbo: <http://dbpedia.org/ontology/> PREFIX res: <http://dbpedia.org/resource/> PREFIX rdf: <http://www.w3.org/1999/02/22-rdf-syntax-ns#> ASK WHERE {{ res:Arnold_Schwarzenegger dbo:almaMater ?x . ?x rdf:type dbo:University }}"",
  ""error_types"": [""semantic""]
}"
q267,Is James Bond married?,PREFIX dbo: <http://dbpedia.org/ontology/> PREFIX res: <http://dbpedia.org/resource/> ASK WHERE { res:James_Bond dbo:spouse ?uri },syntax,PREFIX dbo: <http://dbpedia.org/ontology/> PREFIX res: <http://dbpedia.org/resource/> ASK WHERE { res:James_Bond dbo:spouse ?uri ,['syntax'],"{
  ""id"": ""q267"",
  ""question"": ""Is James Bond married?"",
  ""sparql_wrong"": ""PREFIX dbo: <http://dbpedia.org/ontology/> PREFIX res: <http://dbpedia.org/resource/> ASK WHERE { res:James_Bond dbo:spouse ?uri "",
  ""sparql_gold"": ""PREFIX dbo: <http://dbpedia.org/ontology/> PREFIX res: <http://dbpedia.org/resource/> ASK WHERE {{ res:James_Bond dbo:spouse ?uri }}"",
  ""error_types"": [""syntax""]
}"
q268,Does the Isar flow into a lake?,PREFIX dbo: <http://dbpedia.org/ontology/> PREFIX res: <http://dbpedia.org/resource/> PREFIX rdf: <http://www.w3.org/1999/02/22-rdf-syntax-ns#> ASK WHERE { ?x dbo:inflow res:Isar ; rdf:type dbo:Lake },structural,PREFIX dbo: <http://dbpedia.org/ontology/> PREFIX res: <http://dbpedia.org/resource/> PREFIX rdf: <http://www.w3.org/1999/02/22-rdf-syntax-ns#> ASK WHERE { { res:Isar dbo:inflow ?x . ?x rdf:type dbo:Lake } },['structural'],"{
  ""id"": ""q268"",
  ""question"": ""Does the Isar flow into a lake?"",
  ""sparql_wrong"": ""PREFIX dbo: <http://dbpedia.org/ontology/> PREFIX res: <http://dbpedia.org/resource/> PREFIX rdf: <http://www.w3.org/1999/02/22-rdf-syntax-ns#> ASK WHERE { { res:Isar dbo:inflow ?x . ?x rdf:type dbo:Lake } }"",
  ""sparql_gold"": ""PREFIX dbo: <http://dbpedia.org/ontology/> PREFIX res: <http://dbpedia.org/resource/> PREFIX rdf: <http://www.w3.org/1999/02/22-rdf-syntax-ns#> ASK WHERE {{ ?x dbo:inflow res:Isar ; rdf:type dbo:Lake }}"",
  ""error_types"": [""structural""]
}"
q269,Which Indian company has the most employees?,PREFIX dbo: <http://dbpedia.org/ontology/> PREFIX res: <http://dbpedia.org/resource/> PREFIX rdf: <http://www.w3.org/1999/02/22-rdf-syntax-ns#> SELECT DISTINCT ?uri WHERE { ?uri rdf:type dbo:Company ; dbo:location res:India ; dbo:numberOfEmployees ?n } ORDER BY DESC(?n) OFFSET 0 LIMIT 1,syntax,PREFIX dbo: <http://dbpedia.org/ontology/> PREFIX res: <http://dbpedia.org/resource/> PREFIX rdf: <http://www.w3.org/1999/02/22-rdf-syntax-ns#> SELECT DISTINCT ?uri WHERE { ?uri rdf:type dbo:Company ; dbo:location res:India ; dbo:numberOfEmployees ?n } ORDER BY DESC(?n) OFFSET 0 LIMIT 1,['syntax'],"{
  ""id"": ""q269"",
  ""question"": ""Which Indian company has the most employees?"",
  ""sparql_wrong"": ""PREFIX dbo: <http://dbpedia.org/ontology/> PREFIX res: <http://dbpedia.org/resource/> PREFIX rdf: <http://www.w3.org/1999/02/22-rdf-syntax-ns#> SELECT DISTINCT ?uri WHERE { ?uri rdf:type dbo:Company ; dbo:location res:India ; dbo:numberOfEmployees ?n } ORDER BY DESC(?n) OFFSET 0 LIMIT 1"",
  ""sparql_gold"": ""PREFIX dbo: <http://dbpedia.org/ontology/> PREFIX res: <http://dbpedia.org/resource/> PREFIX rdf: <http://www.w3.org/1999/02/22-rdf-syntax-ns#> SELECT DISTINCT ?uri WHERE {{ ?uri rdf:type dbo:Company ; dbo:location res:India ; dbo:numberOfEmployees ?n }} ORDER BY DESC(?n) OFFSET 0 LIMIT 1"",
  ""error_types"": [""syntax""]
}"
q270,Who was John F. Kennedy's vice president?,PREFIX dbo: <http://dbpedia.org/ontology/> PREFIX res: <http://dbpedia.org/resource/> SELECT DISTINCT ?uri WHERE { res:John_F._Kennedy dbo:vicePresident ?uri },semantic,PREFIX dbo: <http://dbpedia.org/ontology/> PREFIX res: <http://dbpedia.org/resource/> SELECT DISTINCT ?uri WHERE { res:John_F._Kennedy dbo:primeMinister ?uri },['semantic'],"{
  ""id"": ""q270"",
  ""question"": ""Who was John F. Kennedy's vice president?"",
  ""sparql_wrong"": ""PREFIX dbo: <http://dbpedia.org/ontology/> PREFIX res: <http://dbpedia.org/resource/> SELECT DISTINCT ?uri WHERE { res:John_F._Kennedy dbo:primeMinister ?uri }"",
  ""sparql_gold"": ""PREFIX dbo: <http://dbpedia.org/ontology/> PREFIX res: <http://dbpedia.org/resource/> SELECT DISTINCT ?uri WHERE {{ res:John_F._Kennedy dbo:vicePresident ?uri }}"",
  ""error_types"": [""semantic""]
}"
q271,Which country does the creator of Miffy come from?,PREFIX dbo: <http://dbpedia.org/ontology/> PREFIX res: <http://dbpedia.org/resource/> SELECT DISTINCT ?uri WHERE { res:Miffy dbo:creator ?x . ?x dbo:nationality ?uri },semantic,PREFIX dbo: <http://dbpedia.org/ontology/> PREFIX res: <http://dbpedia.org/resource/> SELECT DISTINCT ?uri WHERE { res:Miffy dbo:creator ?x . ?x dbo:birthPlace ?uri },['semantic'],"{
  ""id"": ""q271"",
  ""question"": ""Which country does the creator of Miffy come from?"",
  ""sparql_wrong"": ""PREFIX dbo: <http://dbpedia.org/ontology/> PREFIX res: <http://dbpedia.org/resource/> SELECT DISTINCT ?uri WHERE { res:Miffy dbo:creator ?x . ?x dbo:birthPlace ?uri }"",
  ""sparql_gold"": ""PREFIX dbo: <http://dbpedia.org/ontology/> PREFIX res: <http://dbpedia.org/resource/> SELECT DISTINCT ?uri WHERE {{ res:Miffy dbo:creator ?x . ?x dbo:nationality ?uri }}"",
  ""error_types"": [""semantic""]
}"
q273,In what city is the Heineken brewery?,PREFIX dbo: <http://dbpedia.org/ontology/> PREFIX res: <http://dbpedia.org/resource/> SELECT DISTINCT ?uri WHERE { res:Heineken dbo:manufacturer ?x . ?x dbo:locationCity ?uri },structural,PREFIX dbo: <http://dbpedia.org/ontology/> PREFIX res: <http://dbpedia.org/resource/> SELECT DISTINCT ?uri WHERE { res:Heineken dbo:manufacturer ?x . ?uri dbo:locationCity ?x },['structural'],"{
  ""id"": ""q273"",
  ""question"": ""In what city is the Heineken brewery?"",
  ""sparql_wrong"": ""PREFIX dbo: <http://dbpedia.org/ontology/> PREFIX res: <http://dbpedia.org/resource/> SELECT DISTINCT ?uri WHERE { res:Heineken dbo:manufacturer ?x . ?uri dbo:locationCity ?x }"",
  ""sparql_gold"": ""PREFIX dbo: <http://dbpedia.org/ontology/> PREFIX res: <http://dbpedia.org/resource/> SELECT DISTINCT ?uri WHERE {{ res:Heineken dbo:manufacturer ?x . ?x dbo:locationCity ?uri }}"",
  ""error_types"": [""structural""]
}"
q274,Is Barack Obama a democrat?,PREFIX dbo: <http://dbpedia.org/ontology/> PREFIX res: <http://dbpedia.org/resource/> ASK WHERE { res:Barack_Obama dbo:party <http://dbpedia.org/resource/Democratic_Party_(United_States)> },structural,PREFIX dbo: <http://dbpedia.org/ontology/> PREFIX res: <http://dbpedia.org/resource/> ASK WHERE { <http://dbpedia.org/resource/Democratic_Party_(United_States)> dbo:party res:Barack_Obama },['structural'],"{
  ""id"": ""q274"",
  ""question"": ""Is Barack Obama a democrat?"",
  ""sparql_wrong"": ""PREFIX dbo: <http://dbpedia.org/ontology/> PREFIX res: <http://dbpedia.org/resource/> ASK WHERE { <http://dbpedia.org/resource/Democratic_Party_(United_States)> dbo:party res:Barack_Obama }"",
  ""sparql_gold"": ""PREFIX dbo: <http://dbpedia.org/ontology/> PREFIX res: <http://dbpedia.org/resource/> ASK WHERE {{ res:Barack_Obama dbo:party <http://dbpedia.org/resource/Democratic_Party_(United_States)> }}"",
  ""error_types"": [""structural""]
}"
q275,List the children of Margaret Thatcher.,PREFIX dbo: <http://dbpedia.org/ontology/> PREFIX res: <http://dbpedia.org/resource/> SELECT DISTINCT ?uri WHERE { res:Margaret_Thatcher dbo:child ?uri },semantic,PREFIX dbo: <http://dbpedia.org/ontology/> PREFIX res: <http://dbpedia.org/resource/> SELECT DISTINCT ?uri WHERE { res:Margaret_Thatcher dbo:parent ?uri },['semantic'],"{
  ""id"": ""q275"",
  ""question"": ""List the children of Margaret Thatcher."",
  ""sparql_wrong"": ""PREFIX dbo: <http://dbpedia.org/ontology/> PREFIX res: <http://dbpedia.org/resource/> SELECT DISTINCT ?uri WHERE { res:Margaret_Thatcher dbo:parent ?uri }"",
  ""sparql_gold"": ""PREFIX dbo: <http://dbpedia.org/ontology/> PREFIX res: <http://dbpedia.org/resource/> SELECT DISTINCT ?uri WHERE {{ res:Margaret_Thatcher dbo:child ?uri }}"",
  ""error_types"": [""semantic""]
}"
q276,From which region is the Melon de Bourgogne?,PREFIX dbo: <http://dbpedia.org/ontology/> PREFIX res: <http://dbpedia.org/resource/> SELECT DISTINCT ?uri WHERE { res:Melon_de_Bourgogne dbo:wineRegion ?uri },syntax,PREFIX dbo <http://dbpedia.org/ontology/> PREFIX res: <http://dbpedia.org/resource/> SELECT DISTINCT ?uri WHERE {{ res:Melon_de_Bourgogne dbo:wineRegion ?uri }},['syntax'],"{
  ""id"": ""q276"",
  ""question"": ""From which region is the Melon de Bourgogne?"",
  ""sparql_wrong"": ""PREFIX dbo <http://dbpedia.org/ontology/> PREFIX res: <http://dbpedia.org/resource/> SELECT DISTINCT ?uri WHERE {{ res:Melon_de_Bourgogne dbo:wineRegion ?uri }}"",
  ""sparql_gold"": ""PREFIX dbo: <http://dbpedia.org/ontology/> PREFIX res: <http://dbpedia.org/resource/> SELECT DISTINCT ?uri WHERE {{ res:Melon_de_Bourgogne dbo:wineRegion ?uri }}"",
  ""error_types"": [""syntax""]
}"
q278,how big is the total area of North Rhine- Westphalia?,PREFIX dbo: <http://dbpedia.org/ontology/> PREFIX dbr: <http://dbpedia.org/resource/> SELECT ?tarea WHERE { dbr:North_Rhine-Westphalia dbo:areaTotal ?tarea },syntax,PREFIX dbo: <http://dbpedia.org/ontology/> PREFIX dbr: <http://dbpedia.org/resource/> SELECT ?tarea WHERE { dbr:North_Rhine-Westphalia dbo:areaTotal ?tarea },['syntax'],"{
  ""id"": ""q278"",
  ""question"": ""how big is the total area of North Rhine- Westphalia?"",
  ""sparql_wrong"": ""PREFIX dbo: <http://dbpedia.org/ontology/> PREFIX dbr: <http://dbpedia.org/resource/> SELECT ?tarea WHERE { dbr:North_Rhine-Westphalia dbo:areaTotal ?tarea }"",
  ""sparql_gold"": ""PREFIX dbo: <http://dbpedia.org/ontology/> PREFIX dbr: <http://dbpedia.org/resource/> SELECT ?tarea WHERE {{ dbr:North_Rhine-Westphalia dbo:areaTotal ?tarea }}"",
  ""error_types"": [""syntax""]
}"
q279,Which city has the most inhabitants?,PREFIX dbo: <http://dbpedia.org/ontology/> PREFIX res: <http://dbpedia.org/resource/> PREFIX rdf: <http://www.w3.org/1999/02/22-rdf-syntax-ns#> SELECT DISTINCT ?uri WHERE { ?uri rdf:type dbo:City ; dbo:populationTotal ?pop } ORDER BY DESC(?pop) OFFSET 0 LIMIT 1,semantic,PREFIX dbo: <http://dbpedia.org/ontology/> PREFIX res: <http://dbpedia.org/resource/> PREFIX rdf: <http://www.w3.org/1999/02/22-rdf-syntax-ns#> SELECT DISTINCT ?uri WHERE { ?uri rdf:type dbo:Country ; dbo:populationTotal ?pop } ORDER BY DESC(?pop) OFFSET 0 LIMIT 1,['semantic'],"{
  ""id"": ""q279"",
  ""question"": ""Which city has the most inhabitants?"",
  ""sparql_wrong"": ""PREFIX dbo: <http://dbpedia.org/ontology/> PREFIX res: <http://dbpedia.org/resource/> PREFIX rdf: <http://www.w3.org/1999/02/22-rdf-syntax-ns#> SELECT DISTINCT ?uri WHERE { ?uri rdf:type dbo:Country ; dbo:populationTotal ?pop } ORDER BY DESC(?pop) OFFSET 0 LIMIT 1"",
  ""sparql_gold"": ""PREFIX dbo: <http://dbpedia.org/ontology/> PREFIX res: <http://dbpedia.org/resource/> PREFIX rdf: <http://www.w3.org/1999/02/22-rdf-syntax-ns#> SELECT DISTINCT ?uri WHERE {{ ?uri rdf:type dbo:City ; dbo:populationTotal ?pop }} ORDER BY DESC(?pop) OFFSET 0 LIMIT 1"",
  ""error_types"": [""semantic""]
}"
q280,What is Donald Trump's main business?,PREFIX dbo: <http://dbpedia.org/ontology/> PREFIX dbr: <http://dbpedia.org/resource/> SELECT ?owner WHERE { ?owner dbo:owner dbr:Donald_Trump },semantic,PREFIX dbo: <http://dbpedia.org/ontology/> PREFIX dbr: <http://dbpedia.org/resource/> SELECT ?owner WHERE { ?owner dbo:owner foaf:Donald_Trump },['semantic'],"{
  ""id"": ""q280"",
  ""question"": ""What is Donald Trump's main business?"",
  ""sparql_wrong"": ""PREFIX dbo: <http://dbpedia.org/ontology/> PREFIX dbr: <http://dbpedia.org/resource/> SELECT ?owner WHERE { ?owner dbo:owner foaf:Donald_Trump }"",
  ""sparql_gold"": ""PREFIX dbo: <http://dbpedia.org/ontology/> PREFIX dbr: <http://dbpedia.org/resource/> SELECT ?owner WHERE {{ ?owner dbo:owner dbr:Donald_Trump }}"",
  ""error_types"": [""semantic""]
}"
q281,When will start the final match of the football world cup 2018?,PREFIX dbr: <http://dbpedia.org/resource/> PREFIX dbp: <http://dbpedia.org/property/> SELECT ?Date WHERE { dbr:2018_FIFA_World_Cup dbp:date ?Date } ORDER BY DESC(?Date) LIMIT 1,semantic,PREFIX dbr: <http://dbpedia.org/resource/> PREFIX dbp: <http://dbpedia.org/property/> SELECT ?Date WHERE { dbr:2018_FIFA_World_Cup dbp:startDate ?Date } ORDER BY DESC(?Date) LIMIT 1,['semantic'],"{
  ""id"": ""q281"",
  ""question"": ""When will start the final match of the football world cup 2018?"",
  ""sparql_wrong"": ""PREFIX dbr: <http://dbpedia.org/resource/> PREFIX dbp: <http://dbpedia.org/property/> SELECT ?Date WHERE { dbr:2018_FIFA_World_Cup dbp:startDate ?Date } ORDER BY DESC(?Date) LIMIT 1"",
  ""sparql_gold"": ""PREFIX dbr: <http://dbpedia.org/resource/> PREFIX dbp: <http://dbpedia.org/property/> SELECT ?Date WHERE {{ dbr:2018_FIFA_World_Cup dbp:date ?Date }} ORDER BY DESC(?Date) LIMIT 1"",
  ""error_types"": [""semantic""]
}"
q282,Which films did Stanley Kubrick direct?,PREFIX dbo: <http://dbpedia.org/ontology/> PREFIX res: <http://dbpedia.org/resource/> SELECT DISTINCT ?uri WHERE { ?uri dbo:director res:Stanley_Kubrick },semantic,PREFIX dbo: <http://dbpedia.org/ontology/> PREFIX res: <http://dbpedia.org/resource/> SELECT DISTINCT ?uri WHERE { ?uri dbo:producer res:Stanley_Kubrick },['semantic'],"{
  ""id"": ""q282"",
  ""question"": ""Which films did Stanley Kubrick direct?"",
  ""sparql_wrong"": ""PREFIX dbo: <http://dbpedia.org/ontology/> PREFIX res: <http://dbpedia.org/resource/> SELECT DISTINCT ?uri WHERE { ?uri dbo:producer res:Stanley_Kubrick }"",
  ""sparql_gold"": ""PREFIX dbo: <http://dbpedia.org/ontology/> PREFIX res: <http://dbpedia.org/resource/> SELECT DISTINCT ?uri WHERE {{ ?uri dbo:director res:Stanley_Kubrick }}"",
  ""error_types"": [""semantic""]
}"
q283,how much is the population Iraq?,PREFIX dbo: <http://dbpedia.org/ontology/> PREFIX dbr: <http://dbpedia.org/resource/> SELECT ?pIraq WHERE { dbr:Iraq dbo:populationTotal ?pIraq },semantic,PREFIX dbo: <http://dbpedia.org/ontology/> PREFIX dbr: <http://dbpedia.org/resource/> SELECT ?pIraq WHERE { dbr:Iraq dbo:areaTotal ?pIraq },['semantic'],"{
  ""id"": ""q283"",
  ""question"": ""how much is the population Iraq?"",
  ""sparql_wrong"": ""PREFIX dbo: <http://dbpedia.org/ontology/> PREFIX dbr: <http://dbpedia.org/resource/> SELECT ?pIraq WHERE { dbr:Iraq dbo:areaTotal ?pIraq }"",
  ""sparql_gold"": ""PREFIX dbo: <http://dbpedia.org/ontology/> PREFIX dbr: <http://dbpedia.org/resource/> SELECT ?pIraq WHERE {{ dbr:Iraq dbo:populationTotal ?pIraq }}"",
  ""error_types"": [""semantic""]
}"
q284,How many inhabitants does the largest city in Canada have?,PREFIX dbo: <http://dbpedia.org/ontology/> PREFIX res: <http://dbpedia.org/resource/> SELECT DISTINCT ?num WHERE { res:Canada dbo:largestCity ?city . ?city dbo:populationTotal ?num },syntax,PREFIX dbo: <http://dbpedia.org/ontology/> PREFIX res: <http://dbpedia.org/resource/> SELECT DISTINCT ?num WHERE { res:Canada dbo:largestCity ?city . ?city dbo:populationTotal ?num },['syntax'],"{
  ""id"": ""q284"",
  ""question"": ""How many inhabitants does the largest city in Canada have?"",
  ""sparql_wrong"": ""PREFIX dbo: <http://dbpedia.org/ontology/> PREFIX res: <http://dbpedia.org/resource/> SELECT DISTINCT ?num WHERE { res:Canada dbo:largestCity ?city . ?city dbo:populationTotal ?num }"",
  ""sparql_gold"": ""PREFIX dbo: <http://dbpedia.org/ontology/> PREFIX res: <http://dbpedia.org/resource/> SELECT DISTINCT ?num WHERE {{ res:Canada dbo:largestCity ?city . ?city dbo:populationTotal ?num }}"",
  ""error_types"": [""syntax""]
}"
q285,Who is the mayor of the capital of French Polynesia?,PREFIX dbo: <http://dbpedia.org/ontology/> PREFIX res: <http://dbpedia.org/resource/> SELECT DISTINCT ?uri WHERE { res:French_Polynesia dbo:capital ?x . ?x dbo:mayor ?uri },structural,PREFIX dbo: <http://dbpedia.org/ontology/> PREFIX res: <http://dbpedia.org/resource/> SELECT DISTINCT ?uri WHERE { res:French_Polynesia dbo:capital ?x . ?uri dbo:mayor ?x },['structural'],"{
  ""id"": ""q285"",
  ""question"": ""Who is the mayor of the capital of French Polynesia?"",
  ""sparql_wrong"": ""PREFIX dbo: <http://dbpedia.org/ontology/> PREFIX res: <http://dbpedia.org/resource/> SELECT DISTINCT ?uri WHERE { res:French_Polynesia dbo:capital ?x . ?uri dbo:mayor ?x }"",
  ""sparql_gold"": ""PREFIX dbo: <http://dbpedia.org/ontology/> PREFIX res: <http://dbpedia.org/resource/> SELECT DISTINCT ?uri WHERE {{ res:French_Polynesia dbo:capital ?x . ?x dbo:mayor ?uri }}"",
  ""error_types"": [""structural""]
}"
q286,Give me all actors starring in movies directed by William Shatner.,PREFIX dbo: <http://dbpedia.org/ontology/> PREFIX res: <http://dbpedia.org/resource/> SELECT DISTINCT ?uri WHERE { ?x dbo:director res:William_Shatner ; dbo:starring ?uri },structural,PREFIX dbo: <http://dbpedia.org/ontology/> PREFIX res: <http://dbpedia.org/resource/> SELECT DISTINCT ?uri WHERE { ?x dbo:starring res:William_Shatner ; dbo:director ?uri },['structural'],"{
  ""id"": ""q286"",
  ""question"": ""Give me all actors starring in movies directed by William Shatner."",
  ""sparql_wrong"": ""PREFIX dbo: <http://dbpedia.org/ontology/> PREFIX res: <http://dbpedia.org/resource/> SELECT DISTINCT ?uri WHERE { ?x dbo:starring res:William_Shatner ; dbo:director ?uri }"",
  ""sparql_gold"": ""PREFIX dbo: <http://dbpedia.org/ontology/> PREFIX res: <http://dbpedia.org/resource/> SELECT DISTINCT ?uri WHERE {{ ?x dbo:director res:William_Shatner ; dbo:starring ?uri }}"",
  ""error_types"": [""structural""]
}"
q287,How tall is Claudia Schiffer?,PREFIX dbo: <http://dbpedia.org/ontology/> PREFIX res: <http://dbpedia.org/resource/> SELECT DISTINCT ?height WHERE { res:Claudia_Schiffer dbo:height ?height },syntax,PREFIX dbo: <http://dbpedia.org/ontology/> PREFIX res: <http://dbpedia.org/resource/> SELECT DISTINCT ?height WHERE { res:Claudia_Schiffer dbo:height ?height },['syntax'],"{
  ""id"": ""q287"",
  ""question"": ""How tall is Claudia Schiffer?"",
  ""sparql_wrong"": ""PREFIX dbo: <http://dbpedia.org/ontology/> PREFIX res: <http://dbpedia.org/resource/> SELECT DISTINCT ?height WHERE { res:Claudia_Schiffer dbo:height ?height }"", 
  ""sparql_gold"": ""PREFIX dbo: <http://dbpedia.org/ontology/> PREFIX res: <http://dbpedia.org/resource/> SELECT DISTINCT ?height WHERE {{ res:Claudia_Schiffer dbo:height ?height }}"",
  ""error_types"": [""syntax""]
}"
q288,how much is the population densty rank of germany?,PREFIX dbr: <http://dbpedia.org/resource/> PREFIX dbp: <http://dbpedia.org/property/> SELECT ?rank WHERE { dbr:Germany dbp:populationDensityRank ?rank },syntax,PREFIX dbr: <http://dbpedia.org/resource/> PREFIX dbp: <http://dbpedia.org/property/> SELECT ?rank WHERE { dbr:Germany dbp:populationDensityRank ?rank ,['syntax'],"{
  ""id"": ""q288"",
  ""question"": ""how much is the population densty rank of germany?"",
  ""sparql_wrong"": ""PREFIX dbr: <http://dbpedia.org/resource/> PREFIX dbp: <http://dbpedia.org/property/> SELECT ?rank WHERE { dbr:Germany dbp:populationDensityRank ?rank "", 
  ""sparql_gold"": ""PREFIX dbr: <http://dbpedia.org/resource/> PREFIX dbp: <http://dbpedia.org/property/> SELECT ?rank WHERE {{ dbr:Germany dbp:populationDensityRank ?rank }}"",
  ""error_types"": [""syntax""]
}"
q289,What is the highest mountain in Italy?,PREFIX dbo: <http://dbpedia.org/ontology/> PREFIX res: <http://dbpedia.org/resource/> PREFIX rdf: <http://www.w3.org/1999/02/22-rdf-syntax-ns#> SELECT DISTINCT ?uri WHERE { ?uri rdf:type dbo:Mountain ; dbo:locatedInArea res:Italy ; dbo:elevation ?num } ORDER BY DESC(?num) OFFSET 0 LIMIT 1,syntax,PREFIX dbo: <http://dbpedia.org/ontology/> PREFIX res: <http://dbpedia.org/resource/> PREFIX rdf: <http://www.w3.org/1999/02/22-rdf-syntax-ns#> SELECT DISTINCT ?uri WHERE { ?uri rdf:type dbo:Mountain ; dbo:locatedInArea res:Italy ; dbo:elevation ?num }} ORDER BY DESC(?num) OFFSET 0 LIMIT 1,['syntax'],"{
  ""id"": ""q289"",
  ""question"": ""What is the highest mountain in Italy?"",
  ""sparql_wrong"": ""PREFIX dbo: <http://dbpedia.org/ontology/> PREFIX res: <http://dbpedia.org/resource/> PREFIX rdf: <http://www.w3.org/1999/02/22-rdf-syntax-ns#> SELECT DISTINCT ?uri WHERE { ?uri rdf:type dbo:Mountain ; dbo:locatedInArea res:Italy ; dbo:elevation ?num }} ORDER BY DESC(?num) OFFSET 0 LIMIT 1"",
  ""sparql_gold"": ""PREFIX dbo: <http://dbpedia.org/ontology/> PREFIX res: <http://dbpedia.org/resource/> PREFIX rdf: <http://www.w3.org/1999/02/22-rdf-syntax-ns#> SELECT DISTINCT ?uri WHERE {{ ?uri rdf:type dbo:Mountain ; dbo:locatedInArea res:Italy ; dbo:elevation ?num }} ORDER BY DESC(?num) OFFSET 0 LIMIT 1"",
  ""error_types"": [""syntax""]
}"
q290,List all games by GMT.,PREFIX dbo: <http://dbpedia.org/ontology/> PREFIX res: <http://dbpedia.org/resource/> SELECT DISTINCT ?uri WHERE { ?uri dbo:publisher res:GMT_Games },syntax,PREFIX dbo: <http://dbpedia.org/ontology/> PREFIX res: <http://dbpedia.org/resource/> SELECT DISTINCT ?uri WHERE { ?uri dbo:publisher res:GMT_Games },['syntax'],"{
  ""id"": ""q290"",
  ""question"": ""List all games by GMT."",
  ""sparql_wrong"": ""PREFIX dbo: <http://dbpedia.org/ontology/> PREFIX res: <http://dbpedia.org/resource/> SELECT DISTINCT ?uri WHERE { ?uri dbo:publisher res:GMT_Games }"", 
  ""sparql_gold"": ""PREFIX dbo: <http://dbpedia.org/ontology/> PREFIX res: <http://dbpedia.org/resource/> SELECT DISTINCT ?uri WHERE {{ ?uri dbo:publisher res:GMT_Games }}"",
  ""error_types"": [""syntax""]
}"
q291,What is the official language of Suriname?,PREFIX dbo: <http://dbpedia.org/ontology/> PREFIX res: <http://dbpedia.org/resource/> SELECT DISTINCT ?uri WHERE { res:Suriname dbo:officialLanguage ?uri },semantic,PREFIX dbo: <http://dbpedia.org/ontology/> PREFIX res: <http://dbpedia.org/resource/> SELECT DISTINCT ?uri WHERE { res:Suriname dbo:currency ?uri },['semantic'],"{
  ""id"": ""q291"",
  ""question"": ""What is the official language of Suriname?"",
  ""sparql_wrong"": ""PREFIX dbo: <http://dbpedia.org/ontology/> PREFIX res: <http://dbpedia.org/resource/> SELECT DISTINCT ?uri WHERE { res:Suriname dbo:currency ?uri }"",
  ""sparql_gold"": ""PREFIX dbo: <http://dbpedia.org/ontology/> PREFIX res: <http://dbpedia.org/resource/> SELECT DISTINCT ?uri WHERE {{ res:Suriname dbo:officialLanguage ?uri }}"",
  ""error_types"": [""semantic""]
}"
q292,In which city did Nikos Kazantzakis die?,PREFIX dbo: <http://dbpedia.org/ontology/> PREFIX res: <http://dbpedia.org/resource/> PREFIX rdf: <http://www.w3.org/1999/02/22-rdf-syntax-ns#> SELECT DISTINCT ?uri WHERE { res:Nikos_Kazantzakis dbo:deathPlace ?uri . ?uri rdf:type dbo:Town },semantic,PREFIX dbo: <http://dbpedia.org/ontology/> PREFIX res: <http://dbpedia.org/resource/> PREFIX rdf: <http://www.w3.org/1999/02/22-rdf-syntax-ns#> SELECT DISTINCT ?uri WHERE { res:Nikos_Kazantzakis dbo:deathPlace ?uri . ?uri rdf:type dbo:Person },['semantic'],"{
  ""id"": ""q292"",
  ""question"": ""In which city did Nikos Kazantzakis die?"",
  ""sparql_wrong"": ""PREFIX dbo: <http://dbpedia.org/ontology/> PREFIX res: <http://dbpedia.org/resource/> PREFIX rdf: <http://www.w3.org/1999/02/22-rdf-syntax-ns#> SELECT DISTINCT ?uri WHERE { res:Nikos_Kazantzakis dbo:deathPlace ?uri . ?uri rdf:type dbo:Person }"",
  ""sparql_gold"": ""PREFIX dbo: <http://dbpedia.org/ontology/> PREFIX res: <http://dbpedia.org/resource/> PREFIX rdf: <http://www.w3.org/1999/02/22-rdf-syntax-ns#> SELECT DISTINCT ?uri WHERE {{ res:Nikos_Kazantzakis dbo:deathPlace ?uri . ?uri rdf:type dbo:Town }}"",
  ""error_types"": [""semantic""]
}"
q293,What is in a chocolate chip cookie?,PREFIX dbo: <http://dbpedia.org/ontology/> PREFIX res: <http://dbpedia.org/resource/> SELECT DISTINCT ?uri WHERE { res:Chocolate_chip_cookie dbo:ingredient ?uri },syntax,PREFIX dbo: <http://dbpedia.org/ontology/> PREFIX res: <http://dbpedia.org/resource/> SELECT DISTINCT ?uri WHERE { res:Chocolate_chip_cookie dbo:ingredient ?uri },['syntax'],"{
  ""id"": ""q293"",
  ""question"": ""What is in a chocolate chip cookie?"",
  ""sparql_wrong"": ""PREFIX dbo: <http://dbpedia.org/ontology/> PREFIX res: <http://dbpedia.org/resource/> SELECT DISTINCT ?uri WHERE { res:Chocolate_chip_cookie dbo:ingredient ?uri }"",
  ""sparql_gold"": ""PREFIX dbo: <http://dbpedia.org/ontology/> PREFIX res: <http://dbpedia.org/resource/> SELECT DISTINCT ?uri WHERE {{ res:Chocolate_chip_cookie dbo:ingredient ?uri }}"",
  ""error_types"": [""syntax""]
}"
q294,In which country is the Limerick Lake?,PREFIX dbo: <http://dbpedia.org/ontology/> PREFIX res: <http://dbpedia.org/resource/> SELECT DISTINCT ?uri WHERE { res:Limerick_Lake dbo:country ?uri },semantic,PREFIX dbo: <http://dbpedia.org/ontology/> PREFIX res: <http://dbpedia.org/resource/> SELECT DISTINCT ?uri WHERE { res:Limerick_Lake dbo:city ?uri },['semantic'],"{
  ""id"": ""q294"",
  ""question"": ""In which country is the Limerick Lake?"",
  ""sparql_wrong"": ""PREFIX dbo: <http://dbpedia.org/ontology/> PREFIX res: <http://dbpedia.org/resource/> SELECT DISTINCT ?uri WHERE { res:Limerick_Lake dbo:city ?uri }"",
  ""sparql_gold"": ""PREFIX dbo: <http://dbpedia.org/ontology/> PREFIX res: <http://dbpedia.org/resource/> SELECT DISTINCT ?uri WHERE {{ res:Limerick_Lake dbo:country ?uri }}"",
  ""error_types"": [""semantic""]
}"
q295,Give me all video games published by Mean Hamster Software.,PREFIX dbo: <http://dbpedia.org/ontology/> PREFIX res: <http://dbpedia.org/resource/> PREFIX rdf: <http://www.w3.org/1999/02/22-rdf-syntax-ns#> SELECT DISTINCT ?uri WHERE { ?uri rdf:type dbo:VideoGame ; dbo:publisher res:Mean_Hamster_Software },semantic,PREFIX dbo: <http://dbpedia.org/ontology/> PREFIX res: <http://dbpedia.org/resource/> PREFIX rdf: <http://www.w3.org/1999/02/22-rdf-syntax-ns#> SELECT DISTINCT ?uri WHERE { ?uri rdf:type dbo:Film ; dbo:publisher res:Mean_Hamster_Software },['semantic'],"{
  ""id"": ""q295"",
  ""question"": ""Give me all video games published by Mean Hamster Software."",
  ""sparql_wrong"": ""PREFIX dbo: <http://dbpedia.org/ontology/> PREFIX res: <http://dbpedia.org/resource/> PREFIX rdf: <http://www.w3.org/1999/02/22-rdf-syntax-ns#> SELECT DISTINCT ?uri WHERE { ?uri rdf:type dbo:Film ; dbo:publisher res:Mean_Hamster_Software }"",
  ""sparql_gold"": ""PREFIX dbo: <http://dbpedia.org/ontology/> PREFIX res: <http://dbpedia.org/resource/> PREFIX rdf: <http://www.w3.org/1999/02/22-rdf-syntax-ns#> SELECT DISTINCT ?uri WHERE {{ ?uri rdf:type dbo:VideoGame ; dbo:publisher res:Mean_Hamster_Software }}"",
  ""error_types"": [""semantic""]
}"
q296,Give me all members of Prodigy.,PREFIX dbo: <http://dbpedia.org/ontology/> PREFIX res: <http://dbpedia.org/resource/> SELECT DISTINCT ?uri WHERE { res:The_Prodigy dbo:bandMember ?uri },semantic,PREFIX dbo: <http://dbpedia.org/ontology/> PREFIX res: <http://dbpedia.org/resource/> SELECT DISTINCT ?uri WHERE { res:The_Prodigy dbo:author ?uri },['semantic'],"{
  ""id"": ""q296"",
  ""question"": ""Give me all members of Prodigy."",
  ""sparql_wrong"": ""PREFIX dbo: <http://dbpedia.org/ontology/> PREFIX res: <http://dbpedia.org/resource/> SELECT DISTINCT ?uri WHERE { res:The_Prodigy dbo:author ?uri }"",
  ""sparql_gold"": ""PREFIX dbo: <http://dbpedia.org/ontology/> PREFIX res: <http://dbpedia.org/resource/> SELECT DISTINCT ?uri WHERE {{ res:The_Prodigy dbo:bandMember ?uri }}"",
  ""error_types"": [""semantic""]
}"
q297,In which time zone is Rome?,PREFIX dbo: <http://dbpedia.org/ontology/> PREFIX res: <http://dbpedia.org/resource/> SELECT DISTINCT ?uri WHERE { res:Rome dbo:timeZone ?uri },semantic,PREFIX dbo: <http://dbpedia.org/ontology/> PREFIX res: <http://dbpedia.org/resource/> SELECT DISTINCT ?uri WHERE { res:Rome dbo:leader ?uri },['semantic'],"{
  ""id"": ""q297"",
  ""question"": ""In which time zone is Rome?"",
  ""sparql_wrong"": ""PREFIX dbo: <http://dbpedia.org/ontology/> PREFIX res: <http://dbpedia.org/resource/> SELECT DISTINCT ?uri WHERE { res:Rome dbo:leader ?uri }"",
  ""sparql_gold"": ""PREFIX dbo: <http://dbpedia.org/ontology/> PREFIX res: <http://dbpedia.org/resource/> SELECT DISTINCT ?uri WHERE {{ res:Rome dbo:timeZone ?uri }}"",
  ""error_types"": [""semantic""]
}"
q298,How high is the lighthouse in Colombo?,PREFIX dbo: <http://dbpedia.org/ontology/> PREFIX res: <http://dbpedia.org/resource/> SELECT DISTINCT ?num WHERE { res:Colombo_Lighthouse dbo:height ?num },semantic,PREFIX dbo: <http://dbpedia.org/ontology/> PREFIX res: <http://dbpedia.org/resource/> SELECT DISTINCT ?num WHERE { res:Colombo_Lighthouse dbo:populationTotal ?num },['semantic'],"{
  ""id"": ""q298"",
  ""question"": ""How high is the lighthouse in Colombo?"",
  ""sparql_wrong"": ""PREFIX dbo: <http://dbpedia.org/ontology/> PREFIX res: <http://dbpedia.org/resource/> SELECT DISTINCT ?num WHERE { res:Colombo_Lighthouse dbo:populationTotal ?num }"",
  ""sparql_gold"": ""PREFIX dbo: <http://dbpedia.org/ontology/> PREFIX res: <http://dbpedia.org/resource/> SELECT DISTINCT ?num WHERE {{ res:Colombo_Lighthouse dbo:height ?num }}"",
  ""error_types"": [""semantic""]
}"
q299,Who are the writers of the Wall album of Pink Floyd?,PREFIX dbr: <http://dbpedia.org/resource/> PREFIX dbp: <http://dbpedia.org/property/> SELECT ?writers WHERE { dbr:The_Wall dbp:writer ?writers },semantic,PREFIX dbr: <http://dbpedia.org/resource/> PREFIX dbp: <http://dbpedia.org/property/> SELECT ?writers WHERE { dbr:The_Wall dbp:author ?writers },['semantic'],"{
  ""id"": ""q299"",
  ""question"": ""Who are the writers of the Wall album of Pink Floyd?"",
  ""sparql_wrong"": ""PREFIX dbr: <http://dbpedia.org/resource/> PREFIX dbp: <http://dbpedia.org/property/> SELECT ?writers WHERE { dbr:The_Wall dbp:author ?writers }"",
  ""sparql_gold"": ""PREFIX dbr: <http://dbpedia.org/resource/> PREFIX dbp: <http://dbpedia.org/property/> SELECT ?writers WHERE {{ dbr:The_Wall dbp:writer ?writers }}"",
  ""error_types"": [""semantic""]
}"
q300,Who is the mayor of Rotterdam?,PREFIX dbo: <http://dbpedia.org/ontology/> PREFIX res: <http://dbpedia.org/resource/> SELECT DISTINCT ?uri WHERE { res:Rotterdam dbo:leaderName ?uri },structural,PREFIX dbo: <http://dbpedia.org/ontology/> PREFIX res: <http://dbpedia.org/resource/> SELECT DISTINCT ?uri WHERE { ?uri dbo:leaderName res:Rotterdam },['structural'],"{
  ""id"": ""q300"",
  ""question"": ""Who is the mayor of Rotterdam?"",
  ""sparql_wrong"": ""PREFIX dbo: <http://dbpedia.org/ontology/> PREFIX res: <http://dbpedia.org/resource/> SELECT DISTINCT ?uri WHERE { ?uri dbo:leaderName res:Rotterdam }"",
  ""sparql_gold"": ""PREFIX dbo: <http://dbpedia.org/ontology/> PREFIX res: <http://dbpedia.org/resource/> SELECT DISTINCT ?uri WHERE {{ res:Rotterdam dbo:leaderName ?uri }}"",
  ""error_types"": [""structural""]
}"
q301,What is the largest city in Australia?,PREFIX dbo: <http://dbpedia.org/ontology/> PREFIX res: <http://dbpedia.org/resource/> SELECT DISTINCT ?uri WHERE { res:Australia dbo:largestCity ?uri },semantic,PREFIX dbo: <http://dbpedia.org/ontology/> PREFIX res: <http://dbpedia.org/resource/> SELECT DISTINCT ?uri WHERE { res:Australia dbo:capital ?uri },['semantic'],"{
  ""id"": ""q301"",
  ""question"": ""What is the largest city in Australia?"",
  ""sparql_wrong"": ""PREFIX dbo: <http://dbpedia.org/ontology/> PREFIX res: <http://dbpedia.org/resource/> SELECT DISTINCT ?uri WHERE { res:Australia dbo:capital ?uri }"",
  ""sparql_gold"": ""PREFIX dbo: <http://dbpedia.org/ontology/> PREFIX res: <http://dbpedia.org/resource/> SELECT DISTINCT ?uri WHERE {{ res:Australia dbo:largestCity ?uri }}"",
  ""error_types"": [""semantic""]
}"
q302,Who was married to president Chirac?,PREFIX dbo: <http://dbpedia.org/ontology/> PREFIX res: <http://dbpedia.org/resource/> SELECT DISTINCT ?uri WHERE { res:Jacques_Chirac dbo:spouse ?uri },structural,PREFIX dbo: <http://dbpedia.org/ontology/> PREFIX res: <http://dbpedia.org/resource/> SELECT DISTINCT ?uri WHERE { ?uri dbo:spouse res:Jacques_Chirac },['structural'],"{
  ""id"": ""q302"",
  ""question"": ""Who was married to president Chirac?"",
  ""sparql_wrong"": ""PREFIX dbo: <http://dbpedia.org/ontology/> PREFIX res: <http://dbpedia.org/resource/> SELECT DISTINCT ?uri WHERE { ?uri dbo:spouse res:Jacques_Chirac }"",
  ""sparql_gold"": ""PREFIX dbo: <http://dbpedia.org/ontology/> PREFIX res: <http://dbpedia.org/resource/> SELECT DISTINCT ?uri WHERE {{ res:Jacques_Chirac dbo:spouse ?uri }}"",
  ""error_types"": [""structural""]
}"
q303,What form of government is found in South Africa?,PREFIX dbo: <http://dbpedia.org/ontology/> PREFIX dbr: <http://dbpedia.org/resource/> SELECT ?uri WHERE { dbr:South_Africa dbo:governmentType ?uri },semantic,PREFIX dbo: <http://dbpedia.org/ontology/> PREFIX dbr: <http://dbpedia.org/resource/> SELECT ?uri WHERE { dbr:South_Africa dbo:currency ?uri },['semantic'],"{
  ""id"": ""q303"",
  ""question"": ""What form of government is found in South Africa?"",
  ""sparql_wrong"": ""PREFIX dbo: <http://dbpedia.org/ontology/> PREFIX dbr: <http://dbpedia.org/resource/> SELECT ?uri WHERE { dbr:South_Africa dbo:currency ?uri }"",
  ""sparql_gold"": ""PREFIX dbo: <http://dbpedia.org/ontology/> PREFIX dbr: <http://dbpedia.org/resource/> SELECT ?uri WHERE {{ dbr:South_Africa dbo:governmentType ?uri }}"",
  ""error_types"": [""semantic""]
}"
q304,How high is the Yokohama Marine Tower?,PREFIX dbo: <http://dbpedia.org/ontology/> PREFIX res: <http://dbpedia.org/resource/> SELECT DISTINCT ?num WHERE { res:Yokohama_Marine_Tower dbo:height ?num },syntax,PREFIX dbo: <http://dbpedia.org/ontology/> PREFIX res: <http://dbpedia.org/resource/> SELECT DISTINCT ?num WHERE { res:Yokohama_Marine_Tower dbo:height ?num ,['syntax'],"{
  ""id"": ""q304"",
  ""question"": ""How high is the Yokohama Marine Tower?"",
  ""sparql_wrong"": ""PREFIX dbo: <http://dbpedia.org/ontology/> PREFIX res: <http://dbpedia.org/resource/> SELECT DISTINCT ?num WHERE { res:Yokohama_Marine_Tower dbo:height ?num "",
  ""sparql_gold"": ""PREFIX dbo: <http://dbpedia.org/ontology/> PREFIX res: <http://dbpedia.org/resource/> SELECT DISTINCT ?num WHERE {{ res:Yokohama_Marine_Tower dbo:height ?num }}"",
  ""error_types"": [""syntax""]
}"
q305,Which holidays are celebrated around the world?,PREFIX dbo: <http://dbpedia.org/ontology/> PREFIX rdf: <http://www.w3.org/1999/02/22-rdf-syntax-ns#> SELECT DISTINCT ?uri WHERE { ?uri rdf:type dbo:Holiday },semantic,PREFIX dbo: <http://dbpedia.org/ontology/> PREFIX rdf: <http://www.w3.org/1999/02/22-rdf-syntax-ns#> SELECT DISTINCT ?uri WHERE { ?uri rdf:type dbo:Festival },['semantic'],"{
  ""id"": ""q305"",
  ""question"": ""Which holidays are celebrated around the world?"",
  ""sparql_wrong"": ""PREFIX dbo: <http://dbpedia.org/ontology/> PREFIX rdf: <http://www.w3.org/1999/02/22-rdf-syntax-ns#> SELECT DISTINCT ?uri WHERE { ?uri rdf:type dbo:Festival }"",
  ""sparql_gold"": ""PREFIX dbo: <http://dbpedia.org/ontology/> PREFIX rdf: <http://www.w3.org/1999/02/22-rdf-syntax-ns#> SELECT DISTINCT ?uri WHERE {{ ?uri rdf:type dbo:Holiday }}"",
  ""error_types"": [""semantic""]
}"
q306,Who is the tallest basketball player?,PREFIX dbo: <http://dbpedia.org/ontology/> PREFIX rdf: <http://www.w3.org/1999/02/22-rdf-syntax-ns#> SELECT DISTINCT ?uri WHERE { ?uri rdf:type dbo:BasketballPlayer ; dbo:height ?num } ORDER BY DESC(?num) OFFSET 0 LIMIT 1,semantic,PREFIX dbo: <http://dbpedia.org/ontology/> PREFIX rdf: <http://www.w3.org/1999/02/22-rdf-syntax-ns#> SELECT DISTINCT ?uri WHERE { ?uri rdf:type dbo:BasketballPlayer ; dbo:width ?num } ORDER BY DESC(?num) OFFSET 0 LIMIT 1,['semantic'],"{
  ""id"": ""q306"",
  ""question"": ""Who is the tallest basketball player?"",
  ""sparql_wrong"": ""PREFIX dbo: <http://dbpedia.org/ontology/> PREFIX rdf: <http://www.w3.org/1999/02/22-rdf-syntax-ns#> SELECT DISTINCT ?uri WHERE { ?uri rdf:type dbo:BasketballPlayer ; dbo:width ?num } ORDER BY DESC(?num) OFFSET 0 LIMIT 1"",
  ""sparql_gold"": ""PREFIX dbo: <http://dbpedia.org/ontology/> PREFIX rdf: <http://www.w3.org/1999/02/22-rdf-syntax-ns#> SELECT DISTINCT ?uri WHERE {{ ?uri rdf:type dbo:BasketballPlayer ; dbo:height ?num }} ORDER BY DESC(?num) OFFSET 0 LIMIT 1"",
  ""error_types"": [""semantic""]
}"
q307,How many languages are spoken in Turkmenistan?,PREFIX dbo: <http://dbpedia.org/ontology/> PREFIX res: <http://dbpedia.org/resource/> SELECT (COUNT(DISTINCT ?x) AS ?c) WHERE { res:Turkmenistan dbo:language ?x },semantic,PREFIX dbo: <http://dbpedia.org/ontology/> PREFIX res: <http://dbpedia.org/resource/> SELECT (COUNT(DISTINCT ?x) AS ?c) WHERE { res:Turkmenistan dbo:capital ?x },['semantic'],"{
  ""id"": ""q307"",
  ""question"": ""How many languages are spoken in Turkmenistan?"",
  ""sparql_wrong"": ""PREFIX dbo: <http://dbpedia.org/ontology/> PREFIX res: <http://dbpedia.org/resource/> SELECT (COUNT(DISTINCT ?x) AS ?c) WHERE { res:Turkmenistan dbo:capital ?x }"",
  ""sparql_gold"": ""PREFIX dbo: <http://dbpedia.org/ontology/> PREFIX res: <http://dbpedia.org/resource/> SELECT (COUNT(DISTINCT ?x) AS ?c) WHERE {{ res:Turkmenistan dbo:language ?x }}"",
  ""error_types"": [""semantic""]
}"
q308,Did Che Guevara have children?,PREFIX dbo: <http://dbpedia.org/ontology/> PREFIX res: <http://dbpedia.org/resource/> ASK WHERE { res:Che_Guevara dbo:child ?uri },semantic,PREFIX dbo: <http://dbpedia.org/ontology/> PREFIX res: <http://dbpedia.org/resource/> ASK WHERE { res:Che_Guevara dbo:parent ?uri },['semantic'],"{
  ""id"": ""q308"",
  ""question"": ""Did Che Guevara have children?"",
  ""sparql_wrong"": ""PREFIX dbo: <http://dbpedia.org/ontology/> PREFIX res: <http://dbpedia.org/resource/> ASK WHERE { res:Che_Guevara dbo:parent ?uri }"",
  ""sparql_gold"": ""PREFIX dbo: <http://dbpedia.org/ontology/> PREFIX res: <http://dbpedia.org/resource/> ASK WHERE {{ res:Che_Guevara dbo:child ?uri }}"",
  ""error_types"": [""semantic""]
}"
q309,Did Kaurismäki ever win the Grand Prix at Cannes?,PREFIX dbo: <http://dbpedia.org/ontology/> PREFIX res: <http://dbpedia.org/resource/> ASK WHERE { res:Aki_Kaurismäki dbo:award <http://dbpedia.org/resource/Grand_Prix_(Cannes_Film_Festival)> },structural,PREFIX dbo: <http://dbpedia.org/ontology/> PREFIX res: <http://dbpedia.org/resource/> ASK WHERE {{ <http://dbpedia.org/resource/Grand_Prix_(Cannes_Film_Festival)> dbo:award res:Aki_Kaurismäki }},['structural'],"{
  ""id"": ""q309"",
  ""question"": ""Did Kaurismäki ever win the Grand Prix at Cannes?"",
  ""sparql_wrong"": ""PREFIX dbo: <http://dbpedia.org/ontology/> PREFIX res: <http://dbpedia.org/resource/> ASK WHERE {{ <http://dbpedia.org/resource/Grand_Prix_(Cannes_Film_Festival)> dbo:award res:Aki_Kaurismäki }}"",
  ""sparql_gold"": ""PREFIX dbo: <http://dbpedia.org/ontology/> PREFIX res: <http://dbpedia.org/resource/> ASK WHERE {{ res:Aki_Kaurismäki dbo:award <http://dbpedia.org/resource/Grand_Prix_(Cannes_Film_Festival)> }}"",
  ""error_types"": [""structural""]
}"
q310,To which party does the mayor of Paris belong?,PREFIX dbo: <http://dbpedia.org/ontology/> PREFIX res: <http://dbpedia.org/resource/> SELECT DISTINCT ?uri WHERE { res:Paris dbo:mayor ?x . ?x dbo:party ?uri },semantic,PREFIX dbo: <http://dbpedia.org/ontology/> PREFIX res: <http://dbpedia.org/resource/> SELECT DISTINCT ?uri WHERE { res:Paris dbo:mayor ?x . ?x dbo:birthPlace ?uri },['semantic'],"{
  ""id"": ""q310"",
  ""question"": ""To which party does the mayor of Paris belong?"",
  ""sparql_wrong"": ""PREFIX dbo: <http://dbpedia.org/ontology/> PREFIX res: <http://dbpedia.org/resource/> SELECT DISTINCT ?uri WHERE { res:Paris dbo:mayor ?x . ?x dbo:birthPlace ?uri }"",
  ""sparql_gold"": ""PREFIX dbo: <http://dbpedia.org/ontology/> PREFIX res: <http://dbpedia.org/resource/> SELECT DISTINCT ?uri WHERE {{ res:Paris dbo:mayor ?x . ?x dbo:party ?uri }}"",
  ""error_types"": [""semantic""]
}"
q311,Who is the Formula 1 race driver with the most races?,PREFIX dbo: <http://dbpedia.org/ontology/> PREFIX rdf: <http://www.w3.org/1999/02/22-rdf-syntax-ns#> SELECT DISTINCT ?uri WHERE { ?uri rdf:type dbo:FormulaOneRacer ; dbo:races ?x } ORDER BY DESC(?x) OFFSET 0 LIMIT 1,semantic,PREFIX dbo: <http://dbpedia.org/ontology/> PREFIX rdf: <http://www.w3.org/1999/02/22-rdf-syntax-ns#> SELECT DISTINCT ?uri WHERE { ?uri rdf:type dbo:FormulaOneTeam ; dbo:races ?x } ORDER BY DESC(?x) OFFSET 0 LIMIT 1,['semantic'],"{
  ""id"": ""q311"",
  ""question"": ""Who is the Formula 1 race driver with the most races?"",
  ""sparql_wrong"": ""PREFIX dbo: <http://dbpedia.org/ontology/> PREFIX rdf: <http://www.w3.org/1999/02/22-rdf-syntax-ns#> SELECT DISTINCT ?uri WHERE { ?uri rdf:type dbo:FormulaOneTeam ; dbo:races ?x } ORDER BY DESC(?x) OFFSET 0 LIMIT 1"",
  ""sparql_gold"": ""PREFIX dbo: <http://dbpedia.org/ontology/> PREFIX rdf: <http://www.w3.org/1999/02/22-rdf-syntax-ns#> SELECT DISTINCT ?uri WHERE {{ ?uri rdf:type dbo:FormulaOneRacer ; dbo:races ?x }} ORDER BY DESC(?x) OFFSET 0 LIMIT 1"",
  ""error_types"": [""semantic""]
}"
q312,What country is Sitecore from?,PREFIX dbo: <http://dbpedia.org/ontology/> PREFIX res: <http://dbpedia.org/resource/> SELECT DISTINCT ?uri WHERE { res:Sitecore dbo:foundationPlace ?uri },syntax,PREFIX dbo: <http://dbpedia.org/ontology/> PREFIX res: <http://dbpedia.org/resource/> SELECT DISTINCT ?uri WHERE { res:Sitecore dbo:foundationPlace ?uri },['syntax'],"{
  ""id"": ""q312"",
  ""question"": ""What country is Sitecore from?"",
  ""sparql_wrong"": ""PREFIX dbo: <http://dbpedia.org/ontology/> PREFIX res: <http://dbpedia.org/resource/> SELECT DISTINCT ?uri WHERE { res:Sitecore dbo:foundationPlace ?uri }"",
  ""sparql_gold"": ""PREFIX dbo: <http://dbpedia.org/ontology/> PREFIX res: <http://dbpedia.org/resource/> SELECT DISTINCT ?uri WHERE {{ res:Sitecore dbo:foundationPlace ?uri }}"",
  ""error_types"": [""syntax""]
}"
q313,Give me the birth place of Frank Sinatra.,PREFIX dbo: <http://dbpedia.org/ontology/> PREFIX res: <http://dbpedia.org/resource/> SELECT DISTINCT ?place WHERE { res:Frank_Sinatra dbo:birthPlace ?place },semantic,PREFIX dbo: <http://dbpedia.org/ontology/> PREFIX res: <http://dbpedia.org/resource/> SELECT DISTINCT ?place WHERE { res:Frank_Sinatra dbo:deathPlace ?place },['semantic'],"{
  ""id"": ""q313"",
  ""question"": ""Give me the birth place of Frank Sinatra."",
  ""sparql_wrong"": ""PREFIX dbo: <http://dbpedia.org/ontology/> PREFIX res: <http://dbpedia.org/resource/> SELECT DISTINCT ?place WHERE { res:Frank_Sinatra dbo:deathPlace ?place }"",
  ""sparql_gold"": ""PREFIX dbo: <http://dbpedia.org/ontology/> PREFIX res: <http://dbpedia.org/resource/> SELECT DISTINCT ?place WHERE {{ res:Frank_Sinatra dbo:birthPlace ?place }}"",
  ""error_types"": [""semantic""]
}"
q314,Is Christian Bale starring in Velvet Goldmine?,PREFIX dbo: <http://dbpedia.org/ontology/> PREFIX res: <http://dbpedia.org/resource/> ASK WHERE { res:Velvet_Goldmine dbo:starring res:Christian_Bale },semantic,PREFIX dbo: <http://dbpedia.org/ontology/> PREFIX res: <http://dbpedia.org/resource/> ASK WHERE { res:Velvet_Goldmine dbo:director res:Christian_Bale },['semantic'],"{
  ""id"": ""q314"",
  ""question"": ""Is Christian Bale starring in Velvet Goldmine?"",
  ""sparql_wrong"": ""PREFIX dbo: <http://dbpedia.org/ontology/> PREFIX res: <http://dbpedia.org/resource/> ASK WHERE { res:Velvet_Goldmine dbo:director res:Christian_Bale }"",
  ""sparql_gold"": ""PREFIX dbo: <http://dbpedia.org/ontology/> PREFIX res: <http://dbpedia.org/resource/> ASK WHERE {{ res:Velvet_Goldmine dbo:starring res:Christian_Bale }}"",
  ""error_types"": [""semantic""]
}"
q315,Who is the son of Sonny and Cher?,PREFIX dbo: <http://dbpedia.org/ontology/> PREFIX res: <http://dbpedia.org/resource/> SELECT DISTINCT ?uri WHERE { ?uri dbo:parent res:Cher ; dbo:parent res:Sonny_Bono },semantic,PREFIX dbo: <http://dbpedia.org/ontology/> PREFIX res: <http://dbpedia.org/resource/> SELECT DISTINCT ?uri WHERE { ?uri dbo:child res:Cher ; dbo:child res:Sonny_Bono },['semantic'],"{
  ""id"": ""q315"",
  ""question"": ""Who is the son of Sonny and Cher?"",
  ""sparql_wrong"": ""PREFIX dbo: <http://dbpedia.org/ontology/> PREFIX res: <http://dbpedia.org/resource/> SELECT DISTINCT ?uri WHERE { ?uri dbo:child res:Cher ; dbo:child res:Sonny_Bono }"",
  ""sparql_gold"": ""PREFIX dbo: <http://dbpedia.org/ontology/> PREFIX res: <http://dbpedia.org/resource/> SELECT DISTINCT ?uri WHERE { ?uri dbo:parent res:Cher ; dbo:parent res:Sonny_Bono }"",
  ""error_types"": [""semantic""]
}"
q316,How many ethnic groups live in Slovenia?,PREFIX dbo: <http://dbpedia.org/ontology/> PREFIX res: <http://dbpedia.org/resource/> SELECT (COUNT(DISTINCT ?uri) AS ?c) WHERE { res:Slovenia dbo:ethnicGroup ?uri },structural,PREFIX dbo: <http://dbpedia.org/ontology/> PREFIX res: <http://dbpedia.org/resource/> SELECT (COUNT(DISTINCT ?uri) AS ?c) WHERE {{ ?uri dbo:ethnicGroup res:Slovenia }},['structural'],"{
  ""id"": ""q316"",
  ""question"": ""How many ethnic groups live in Slovenia?"",
  ""sparql_wrong"": ""PREFIX dbo: <http://dbpedia.org/ontology/> PREFIX res: <http://dbpedia.org/resource/> SELECT (COUNT(DISTINCT ?uri) AS ?c) WHERE {{ ?uri dbo:ethnicGroup res:Slovenia }}"",
  ""sparql_gold"": ""PREFIX dbo: <http://dbpedia.org/ontology/> PREFIX res: <http://dbpedia.org/resource/> SELECT (COUNT(DISTINCT ?uri) AS ?c) WHERE {{ res:Slovenia dbo:ethnicGroup ?uri }}"",
  ""error_types"": [""structural""]
}"
q317,What is the capital of Cameroon?,PREFIX dbo: <http://dbpedia.org/ontology/> PREFIX res: <http://dbpedia.org/resource/> SELECT DISTINCT ?uri WHERE { res:Cameroon dbo:capital ?uri },semantic,PREFIX dbo: <http://dbpedia.org/ontology/> PREFIX res: <http://dbpedia.org/resource/> SELECT DISTINCT ?uri WHERE { res:Cameroon dbo:leader ?uri },['semantic'],"{
  ""id"": ""q317"",
  ""question"": ""What is the capital of Cameroon?"",
  ""sparql_wrong"": ""PREFIX dbo: <http://dbpedia.org/ontology/> PREFIX res: <http://dbpedia.org/resource/> SELECT DISTINCT ?uri WHERE { res:Cameroon dbo:leader ?uri }"",
  ""sparql_gold"": ""PREFIX dbo: <http://dbpedia.org/ontology/> PREFIX res: <http://dbpedia.org/resource/> SELECT DISTINCT ?uri WHERE {{ res:Cameroon dbo:capital ?uri }}"",
  ""error_types"": [""semantic""]
}"
q318,Was Natalie Portman born in the United States?,PREFIX dbo: <http://dbpedia.org/ontology/> PREFIX res: <http://dbpedia.org/resource/> ASK WHERE { res:Natalie_Portman dbo:birthPlace ?city . ?city dbo:country res:United_States },syntax,PREFIX dbo: <http://dbpedia.org/ontology/ PREFIX res: <http://dbpedia.org/resource/> ASK WHERE {{ res:Natalie_Portman dbo:birthPlace ?city . ?city dbo:country res:United_States }},['syntax'],"{
  ""id"": ""q318"",
  ""question"": ""Was Natalie Portman born in the United States?"",
  ""sparql_wrong"": ""PREFIX dbo: <http://dbpedia.org/ontology/ PREFIX res: <http://dbpedia.org/resource/> ASK WHERE {{ res:Natalie_Portman dbo:birthPlace ?city . ?city dbo:country res:United_States }}"",
  ""sparql_gold"": ""PREFIX dbo: <http://dbpedia.org/ontology/> PREFIX res: <http://dbpedia.org/resource/> ASK WHERE {{ res:Natalie_Portman dbo:birthPlace ?city . ?city dbo:country res:United_States }}"",
  ""error_types"": [""syntax""]
}"
q319,How many pages does War and Peace have?,PREFIX dbo: <http://dbpedia.org/ontology/> PREFIX res: <http://dbpedia.org/resource/> SELECT DISTINCT ?n WHERE { res:War_and_Peace dbo:numberOfPages ?n },semantic,PREFIX dbo: <http://dbpedia.org/ontology/> PREFIX res: <http://dbpedia.org/resource/> SELECT DISTINCT ?n WHERE { res:War_and_Peace dbo:numberOfEpisodes ?n },['semantic'],"{
  ""id"": ""q319"",
  ""question"": ""How many pages does War and Peace have?"",
  ""sparql_wrong"": ""PREFIX dbo: <http://dbpedia.org/ontology/> PREFIX res: <http://dbpedia.org/resource/> SELECT DISTINCT ?n WHERE { res:War_and_Peace dbo:numberOfEpisodes ?n }"",
  ""sparql_gold"": ""PREFIX dbo: <http://dbpedia.org/ontology/> PREFIX res: <http://dbpedia.org/resource/> SELECT DISTINCT ?n WHERE {{ res:War_and_Peace dbo:numberOfPages ?n }}"",
  ""error_types"": [""semantic""]
}"
q320,Who is the oldest child of Meryl Streep?,PREFIX dbo: <http://dbpedia.org/ontology/> PREFIX res: <http://dbpedia.org/resource/> SELECT DISTINCT ?uri WHERE { res:Meryl_Streep dbo:child ?uri . ?uri dbo:birthDate ?d } ORDER BY ASC(?d) OFFSET 0 LIMIT 1,structural,PREFIX dbo: <http://dbpedia.org/ontology/> PREFIX res: <http://dbpedia.org/resource/> SELECT DISTINCT ?uri WHERE { res:Meryl_Streep dbo:child ?uri . res:Meryl_Streep dbo:birthDate ?d } ORDER BY ASC(?d) OFFSET 0 LIMIT 1,['structural'],"{
  ""id"": ""q320"",
  ""question"": ""Who is the oldest child of Meryl Streep?"",
  ""sparql_wrong"": ""PREFIX dbo: <http://dbpedia.org/ontology/> PREFIX res: <http://dbpedia.org/resource/> SELECT DISTINCT ?uri WHERE { res:Meryl_Streep dbo:child ?uri . res:Meryl_Streep dbo:birthDate ?d } ORDER BY ASC(?d) OFFSET 0 LIMIT 1"",
  ""sparql_gold"": ""PREFIX dbo: <http://dbpedia.org/ontology/> PREFIX res: <http://dbpedia.org/resource/> SELECT DISTINCT ?uri WHERE {{ res:Meryl_Streep dbo:child ?uri . ?uri dbo:birthDate ?d }} ORDER BY ASC(?d) OFFSET 0 LIMIT 1"",
  ""error_types"": [""structural""]
}"
q321,Which television shows were created by Walt Disney?,PREFIX dbo: <http://dbpedia.org/ontology/> PREFIX res: <http://dbpedia.org/resource/> PREFIX rdf: <http://www.w3.org/1999/02/22-rdf-syntax-ns#> SELECT DISTINCT ?uri WHERE { ?uri rdf:type dbo:TelevisionShow ; dbo:creator res:Walt_Disney },semantic,PREFIX dbo: <http://dbpedia.org/ontology/> PREFIX res: <http://dbpedia.org/resource/> PREFIX rdf: <http://www.w3.org/1999/02/22-rdf-syntax-ns#> SELECT DISTINCT ?uri WHERE { ?uri rdf:type dbo:Film ; dbo:creator res:Walt_Disney },['semantic'],"{
  ""id"": ""q321"",
  ""question"": ""Which television shows were created by Walt Disney?"",
  ""sparql_wrong"": ""PREFIX dbo: <http://dbpedia.org/ontology/> PREFIX res: <http://dbpedia.org/resource/> PREFIX rdf: <http://www.w3.org/1999/02/22-rdf-syntax-ns#> SELECT DISTINCT ?uri WHERE { ?uri rdf:type dbo:Film ; dbo:creator res:Walt_Disney }"",
  ""sparql_gold"": ""PREFIX dbo: <http://dbpedia.org/ontology/> PREFIX res: <http://dbpedia.org/resource/> PREFIX rdf: <http://www.w3.org/1999/02/22-rdf-syntax-ns#> SELECT DISTINCT ?uri WHERE {{ ?uri rdf:type dbo:TelevisionShow ; dbo:creator res:Walt_Disney }}"",
  ""error_types"": [""semantic""]
}"
q322,What does IYCM stand for?,"PREFIX dbo: <http://dbpedia.org/ontology/> PREFIX res: <http://dbpedia.org/resource/> SELECT DISTINCT ?uri WHERE { ?uri dbo:abbreviation ""IYCM"" }",semantic,"PREFIX dbo: <http://dbpedia.org/ontology/> PREFIX res: <http://dbpedia.org/resource/> SELECT DISTINCT ?uri WHERE {{ ?uri dbo:acronym ""IYCM"" }}",['semantic'],"{
  ""id"": ""q322"",
  ""question"": ""What does IYCM stand for?"",
  ""sparql_wrong"": ""PREFIX dbo: <http://dbpedia.org/ontology/> PREFIX res: <http://dbpedia.org/resource/> SELECT DISTINCT ?uri WHERE {{ ?uri dbo:acronym \""IYCM\"" }}"",
  ""sparql_gold"": ""PREFIX dbo: <http://dbpedia.org/ontology/> PREFIX res: <http://dbpedia.org/resource/> SELECT DISTINCT ?uri WHERE {{ ?uri dbo:abbreviation \""IYCM\"" }}"",
  ""error_types"": [""semantic""]
}"
q323,Which types of grapes grow in Oregon?,PREFIX dbo: <http://dbpedia.org/ontology/> PREFIX res: <http://dbpedia.org/resource/> SELECT DISTINCT ?uri WHERE { res:Oregon_wine dbo:growingGrape ?uri },semantic,PREFIX dbo: <http://dbpedia.org/ontology/> PREFIX res: <http://dbpedia.org/resource/> SELECT DISTINCT ?uri WHERE { res:Oregon dbo:growingGrape ?uri },['semantic'],"{
  ""id"": ""q323"",
  ""question"": ""Which types of grapes grow in Oregon?"",
  ""sparql_wrong"": ""PREFIX dbo: <http://dbpedia.org/ontology/> PREFIX res: <http://dbpedia.org/resource/> SELECT DISTINCT ?uri WHERE { res:Oregon dbo:growingGrape ?uri }"",
  ""sparql_gold"": ""PREFIX dbo: <http://dbpedia.org/ontology/> PREFIX res: <http://dbpedia.org/resource/> SELECT DISTINCT ?uri WHERE {{ res:Oregon_wine dbo:growingGrape ?uri }}"",
  ""error_types"": [""semantic""]
}"
q324,Was U.S. president Jackson involved in a war?,PREFIX dbo: <http://dbpedia.org/ontology/> PREFIX res: <http://dbpedia.org/resource/> ASK WHERE { res:Andrew_Jackson dbo:battle ?battle },semantic,PREFIX dbo: <http://dbpedia.org/ontology/> PREFIX res: <http://dbpedia.org/resource/> ASK WHERE { res:Andrew_Johnson dbo:battle ?battle },['semantic'],"{
  ""id"": ""q324"",
  ""question"": ""Was U.S. president Jackson involved in a war?"",
  ""sparql_wrong"": ""PREFIX dbo: <http://dbpedia.org/ontology/> PREFIX res: <http://dbpedia.org/resource/> ASK WHERE { res:Andrew_Johnson dbo:battle ?battle }"",
  ""sparql_gold"": ""PREFIX dbo: <http://dbpedia.org/ontology/> PREFIX res: <http://dbpedia.org/resource/> ASK WHERE {{ res:Andrew_Jackson dbo:battle ?battle }}"",
  ""error_types"": [""semantic""]
}"
q325,When was the Titanic completed?,PREFIX dbo: <http://dbpedia.org/ontology/> PREFIX res: <http://dbpedia.org/resource/> SELECT DISTINCT ?date WHERE { res:RMS_Titanic dbo:completionDate ?date },semantic,PREFIX dbo: <http://dbpedia.org/ontology/> PREFIX res: <http://dbpedia.org/resource/> SELECT DISTINCT ?date WHERE { res:RMS_Titanic dbo:launchDate ?date },['semantic'],"{
  ""id"": ""q325"",
  ""question"": ""When was the Titanic completed?"",
  ""sparql_wrong"": ""PREFIX dbo: <http://dbpedia.org/ontology/> PREFIX res: <http://dbpedia.org/resource/> SELECT DISTINCT ?date WHERE { res:RMS_Titanic dbo:launchDate ?date }"",
  ""sparql_gold"": ""PREFIX dbo: <http://dbpedia.org/ontology/> PREFIX res: <http://dbpedia.org/resource/> SELECT DISTINCT ?date WHERE {{ res:RMS_Titanic dbo:completionDate ?date }}"",
  ""error_types"": [""semantic""]
}"
q326,Did Tesla win a nobel prize in physics?,PREFIX dbo: <http://dbpedia.org/ontology/> PREFIX res: <http://dbpedia.org/resource/> ASK WHERE { res:Nikola_Tesla dbo:award res:Nobel_Prize_in_Physics },structural,PREFIX dbo: <http://dbpedia.org/ontology/> PREFIX res: <http://dbpedia.org/resource/> ASK WHERE {{ res:Nobel_Prize_in_Physics dbo:award res:Nikola_Tesla }},['structural'],"{
  ""id"": ""q326"",
  ""question"": ""Did Tesla win a nobel prize in physics?"",
  ""sparql_wrong"": ""PREFIX dbo: <http://dbpedia.org/ontology/> PREFIX res: <http://dbpedia.org/resource/> ASK WHERE {{ res:Nobel_Prize_in_Physics dbo:award res:Nikola_Tesla }}"",
  ""sparql_gold"": ""PREFIX dbo: <http://dbpedia.org/ontology/> PREFIX res: <http://dbpedia.org/resource/> ASK WHERE {{ res:Nikola_Tesla dbo:award res:Nobel_Prize_in_Physics }}"",
  ""error_types"": [""structural""]
}"
q327,How many states are in Mexico?,PREFIX dbo: <http://dbpedia.org/ontology/> PREFIX dbr: <http://dbpedia.org/resource/> SELECT (COUNT(?uri) AS ?count) WHERE { ?uri dbo:type dbr:States_of_Mexico },semantic,PREFIX dbo: <http://dbpedia.org/ontology/> PREFIX dbr: <http://dbpedia.org/resource/> SELECT (COUNT(?uri) AS ?count) WHERE { ?uri dbo:type dbr:Provinces_of_Mexico },['semantic'],"{
  ""id"": ""q327"",
  ""question"": ""How many states are in Mexico?"",
  ""sparql_wrong"": ""PREFIX dbo: <http://dbpedia.org/ontology/> PREFIX dbr: <http://dbpedia.org/resource/> SELECT (COUNT(?uri) AS ?count) WHERE { ?uri dbo:type dbr:Provinces_of_Mexico }"",
  ""sparql_gold"": ""PREFIX dbo: <http://dbpedia.org/ontology/> PREFIX dbr: <http://dbpedia.org/resource/> SELECT (COUNT(?uri) AS ?count) WHERE {{ ?uri dbo:type dbr:States_of_Mexico }}"",
  ""error_types"": [""semantic""]
}"
q328,Which scientist is known for the Manhattan Project and the Nobel Peace Prize?,PREFIX dbo: <http://dbpedia.org/ontology/> PREFIX res: <http://dbpedia.org/resource/> PREFIX rdf: <http://www.w3.org/1999/02/22-rdf-syntax-ns#> SELECT DISTINCT ?uri WHERE { ?uri dbo:knownFor res:Manhattan_Project ; rdf:type dbo:Scientist ; dbo:knownFor res:Nobel_Peace_Prize },semantic,,['semantic'],
q329,How much did the Lego Movie cost?,PREFIX dbo: <http://dbpedia.org/ontology/> PREFIX res: <http://dbpedia.org/resource/> SELECT DISTINCT ?n WHERE { res:The_Lego_Movie dbo:budget ?n },semantic,PREFIX dbo: <http://dbpedia.org/ontology/> PREFIX res: <http://dbpedia.org/resource/> SELECT DISTINCT ?n WHERE { res:The_Lego_Movie dbo:gross ?n },['semantic'],"{
  ""id"": ""q329"",
  ""question"": ""How much did the Lego Movie cost?"",
  ""sparql_wrong"": ""PREFIX dbo: <http://dbpedia.org/ontology/> PREFIX res: <http://dbpedia.org/resource/> SELECT DISTINCT ?n WHERE { res:The_Lego_Movie dbo:gross ?n }"",
  ""sparql_gold"": ""PREFIX dbo: <http://dbpedia.org/ontology/> PREFIX res: <http://dbpedia.org/resource/> SELECT DISTINCT ?n WHERE {{ res:The_Lego_Movie dbo:budget ?n }}"",
  ""error_types"": [""semantic""]
}"
q330,Who composed the music for Harold and Maude?,PREFIX dbo: <http://dbpedia.org/ontology/> PREFIX res: <http://dbpedia.org/resource/> SELECT DISTINCT ?uri WHERE { res:Harold_and_Maude dbo:musicComposer ?uri },syntax,PREFIX dbo: <http://dbpedia.org/ontology/> PREFIX res: <http://dbpedia.org/resource/> SELECT DISTINCT ?uri WHERE { res:Harold_and_Maude dbo:musicComposer ?uri },['syntax'],"{
  ""id"": ""q330"",
  ""question"": ""Who composed the music for Harold and Maude?"",
  ""sparql_wrong"": ""PREFIX dbo: <http://dbpedia.org/ontology/> PREFIX res: <http://dbpedia.org/resource/> SELECT DISTINCT ?uri WHERE { res:Harold_and_Maude dbo:musicComposer ?uri }"",
  ""sparql_gold"": ""PREFIX dbo: <http://dbpedia.org/ontology/> PREFIX res: <http://dbpedia.org/resource/> SELECT DISTINCT ?uri WHERE {{ res:Harold_and_Maude dbo:musicComposer ?uri }}"",
  ""error_types"": [""syntax""]
}"
q331,List all episodes of the first season of the HBO television series The Sopranos.,PREFIX dbo: <http://dbpedia.org/ontology/> PREFIX res: <http://dbpedia.org/resource/> SELECT DISTINCT ?uri WHERE { ?uri dbo:series res:The_Sopranos ; dbo:seasonNumber 1 },semantic,"PREFIX dbo: <http://dbpedia.org/ontology/> PREFIX res: <http://dbpedia.org/resource/> SELECT DISTINCT ?uri WHERE { ?uri dbo:series res:The_Sopranos ; dbo:seasonNumber ""1"" }",['semantic'],"{
  ""id"": ""q331"",
  ""question"": ""List all episodes of the first season of the HBO television series The Sopranos."",
  ""sparql_wrong"": ""PREFIX dbo: <http://dbpedia.org/ontology/> PREFIX res: <http://dbpedia.org/resource/> SELECT DISTINCT ?uri WHERE { ?uri dbo:series res:The_Sopranos ; dbo:seasonNumber \""1\"" }"",
  ""sparql_gold"": ""PREFIX dbo: <http://dbpedia.org/ontology/> PREFIX res: <http://dbpedia.org/resource/> SELECT DISTINCT ?uri WHERE {{ ?uri dbo:series res:The_Sopranos ; dbo:seasonNumber 1 }}"",
  ""error_types"": [""semantic""]
}"
q332,Which city has the least inhabitants?,PREFIX dbo: <http://dbpedia.org/ontology/> PREFIX rdf: <http://www.w3.org/1999/02/22-rdf-syntax-ns#> SELECT DISTINCT ?uri WHERE { ?uri rdf:type dbo:City ; dbo:populationTotal ?pop } ORDER BY ASC(?pop) OFFSET 0 LIMIT 1,semantic,PREFIX dbo: <http://dbpedia.org/ontology/> PREFIX rdf: <http://www.w3.org/1999/02/22-rdf-syntax-ns#> SELECT DISTINCT ?uri WHERE { ?uri rdf:type dbo:Country ; dbo:populationTotal ?pop } ORDER BY ASC(?pop) OFFSET 0 LIMIT 1,['semantic'],"{
  ""id"": ""q332"",
  ""question"": ""Which city has the least inhabitants?"",
  ""sparql_wrong"": ""PREFIX dbo: <http://dbpedia.org/ontology/> PREFIX rdf: <http://www.w3.org/1999/02/22-rdf-syntax-ns#> SELECT DISTINCT ?uri WHERE { ?uri rdf:type dbo:Country ; dbo:populationTotal ?pop } ORDER BY ASC(?pop) OFFSET 0 LIMIT 1"",
  ""sparql_gold"": ""PREFIX dbo: <http://dbpedia.org/ontology/> PREFIX rdf: <http://www.w3.org/1999/02/22-rdf-syntax-ns#> SELECT DISTINCT ?uri WHERE {{ ?uri rdf:type dbo:City ; dbo:populationTotal ?pop }} ORDER BY ASC(?pop) OFFSET 0 LIMIT 1"",
  ""error_types"": [""semantic""]
}"
q333,Where is Syngman Rhee buried?,PREFIX dbo: <http://dbpedia.org/ontology/> PREFIX res: <http://dbpedia.org/resource/> SELECT DISTINCT ?uri WHERE { res:Syngman_Rhee dbo:restingPlace ?uri },semantic,PREFIX dbo: <http://dbpedia.org/ontology/> PREFIX res: <http://dbpedia.org/resource/> SELECT DISTINCT ?uri WHERE { res:Syngman_Rhee dbo:birthPlace ?uri },['semantic'],"{
  ""id"": ""q333"",
  ""question"": ""Where is Syngman Rhee buried?"",
  ""sparql_wrong"": ""PREFIX dbo: <http://dbpedia.org/ontology/> PREFIX res: <http://dbpedia.org/resource/> SELECT DISTINCT ?uri WHERE { res:Syngman_Rhee dbo:birthPlace ?uri }"",
  ""sparql_gold"": ""PREFIX dbo: <http://dbpedia.org/ontology/> PREFIX res: <http://dbpedia.org/resource/> SELECT DISTINCT ?uri WHERE {{ res:Syngman_Rhee dbo:restingPlace ?uri }}"",
  ""error_types"": [""semantic""]
}"
q334,Does Neymar play for Real Madrid?,PREFIX dbo: <http://dbpedia.org/ontology/> PREFIX res: <http://dbpedia.org/resource/> ASK WHERE { res:Neymar dbo:team <http://dbpedia.org/resource/Real_Madrid_C.F.> },semantic,PREFIX dbo: <http://dbpedia.org/ontology/> PREFIX res: <http://dbpedia.org/resource/> ASK WHERE { res:Neymar dbo:manager <http://dbpedia.org/resource/Real_Madrid_C.F.> },['semantic'],"{
  ""id"": ""q334"",
  ""question"": ""Does Neymar play for Real Madrid?"",
  ""sparql_wrong"": ""PREFIX dbo: <http://dbpedia.org/ontology/> PREFIX res: <http://dbpedia.org/resource/> ASK WHERE { res:Neymar dbo:manager <http://dbpedia.org/resource/Real_Madrid_C.F.> }"",
  ""sparql_gold"": ""PREFIX dbo: <http://dbpedia.org/ontology/> PREFIX res: <http://dbpedia.org/resource/> ASK WHERE {{ res:Neymar dbo:team <http://dbpedia.org/resource/Real_Madrid_C.F.> }}"",
  ""error_types"": [""semantic""]
}"
q335,Who wrote the book The Pillars of the Earth?,PREFIX dbo: <http://dbpedia.org/ontology/> PREFIX res: <http://dbpedia.org/resource/> SELECT DISTINCT ?uri WHERE { res:The_Pillars_of_the_Earth dbo:author ?uri },semantic,PREFIX dbo: <http://dbpedia.org/ontology/> PREFIX res: <http://dbpedia.org/resource/> SELECT DISTINCT ?uri WHERE { res:The_Pillars_of_the_Earth dbo:director ?uri },['semantic'],"{
  ""id"": ""q335"",
  ""question"": ""Who wrote the book The Pillars of the Earth?"",
  ""sparql_wrong"": ""PREFIX dbo: <http://dbpedia.org/ontology/> PREFIX res: <http://dbpedia.org/resource/> SELECT DISTINCT ?uri WHERE { res:The_Pillars_of_the_Earth dbo:director ?uri }"",
  ""sparql_gold"": ""PREFIX dbo: <http://dbpedia.org/ontology/> PREFIX res: <http://dbpedia.org/resource/> SELECT DISTINCT ?uri WHERE {{ res:The_Pillars_of_the_Earth dbo:author ?uri }}"",
  ""error_types"": [""semantic""]
}"
q336,Do Prince Harry and Prince William have the same parents?,"PREFIX dbo: <http://dbpedia.org/ontology/> PREFIX res: <http://dbpedia.org/resource/> ASK WHERE { <http://dbpedia.org/resource/Prince_William,_Duke_of_Cambridge> dbo:parent ?x . res:Prince_Harry dbo:parent ?x }",semantic,"PREFIX dbo: <http://dbpedia.org/ontology/> PREFIX res: <http://dbpedia.org/resource/> ASK WHERE {{ <http://dbpedia.org/resource/Prince_William,_Duke_of_Cambridge> dbo:parent ?x . res:Prince_Harry dbo:spouse ?x }}",['semantic'],"{
  ""id"": ""q336"",
  ""question"": ""Do Prince Harry and Prince William have the same parents?"",
  ""sparql_wrong"": ""PREFIX dbo: <http://dbpedia.org/ontology/> PREFIX res: <http://dbpedia.org/resource/> ASK WHERE {{ <http://dbpedia.org/resource/Prince_William,_Duke_of_Cambridge> dbo:parent ?x . res:Prince_Harry dbo:spouse ?x }}"",
  ""sparql_gold"": ""PREFIX dbo: <http://dbpedia.org/ontology/> PREFIX res: <http://dbpedia.org/resource/> ASK WHERE {{ <http://dbpedia.org/resource/Prince_William,_Duke_of_Cambridge> dbo:parent ?x . res:Prince_Harry dbo:parent ?x }}"",
  ""error_types"": [""semantic""]
}"
q337,Who was the doctoral supervisor of Albert Einstein?,PREFIX dbo: <http://dbpedia.org/ontology/> PREFIX res: <http://dbpedia.org/resource/> SELECT DISTINCT ?uri WHERE { res:Albert_Einstein dbo:doctoralAdvisor ?uri },semantic,PREFIX dbo: <http://dbpedia.org/ontology/> PREFIX res: <http://dbpedia.org/resource/> SELECT DISTINCT ?uri WHERE { res:Albert_Einstein dbo:doctoralStudent ?uri },['semantic'],"{
  ""id"": ""q337"",
  ""question"": ""Who was the doctoral supervisor of Albert Einstein?"",
  ""sparql_wrong"": ""PREFIX dbo: <http://dbpedia.org/ontology/> PREFIX res: <http://dbpedia.org/resource/> SELECT DISTINCT ?uri WHERE { res:Albert_Einstein dbo:doctoralStudent ?uri }"",
  ""sparql_gold"": ""PREFIX dbo: <http://dbpedia.org/ontology/> PREFIX res: <http://dbpedia.org/resource/> SELECT DISTINCT ?uri WHERE {{ res:Albert_Einstein dbo:doctoralAdvisor ?uri }}"",
  ""error_types"": [""semantic""]
}"
q338,Does Breaking Bad have more episodes than Game of Thrones?,PREFIX dbo: <http://dbpedia.org/ontology/> PREFIX res: <http://dbpedia.org/resource/> ASK WHERE { res:Breaking_Bad dbo:numberOfEpisodes ?x . res:Game_of_Thrones dbo:numberOfEpisodes ?y FILTER ( ?y > ?x ) },semantic,PREFIX dbo: <http://dbpedia.org/ontology/> PREFIX res: <http://dbpedia.org/resource/> ASK WHERE { res:Breaking_Bad dbo:numberOfEpisodes ?x . res:Game_of_Thrones dbo:numberOfSeasons ?y FILTER ( ?y > ?x ) },['semantic'],"{
  ""id"": ""q338"",
  ""question"": ""Does Breaking Bad have more episodes than Game of Thrones?"",
  ""sparql_wrong"": ""PREFIX dbo: <http://dbpedia.org/ontology/> PREFIX res: <http://dbpedia.org/resource/> ASK WHERE { res:Breaking_Bad dbo:numberOfEpisodes ?x . res:Game_of_Thrones dbo:numberOfSeasons ?y FILTER ( ?y > ?x ) }"",
  ""sparql_gold"": ""PREFIX dbo: <http://dbpedia.org/ontology/> PREFIX res: <http://dbpedia.org/resource/> ASK WHERE {{ res:Breaking_Bad dbo:numberOfEpisodes ?x . res:Game_of_Thrones dbo:numberOfEpisodes ?y FILTER ( ?y > ?x ) }}"",
  ""error_types"": [""semantic""]
}"
q339,Who was Vincent van Gogh inspired by?,PREFIX dbo: <http://dbpedia.org/ontology/> PREFIX res: <http://dbpedia.org/resource/> SELECT DISTINCT ?uri WHERE { ?uri dbo:influenced res:Vincent_van_Gogh },structural,PREFIX dbo: <http://dbpedia.org/ontology/> PREFIX res: <http://dbpedia.org/resource/> SELECT DISTINCT ?uri WHERE {{ res:Vincent_van_Gogh dbo:influenced ?uri }},['structural'],"{
  ""id"": ""q339"",
  ""question"": ""Who was Vincent van Gogh inspired by?"",
  ""sparql_wrong"": ""PREFIX dbo: <http://dbpedia.org/ontology/> PREFIX res: <http://dbpedia.org/resource/> SELECT DISTINCT ?uri WHERE {{ res:Vincent_van_Gogh dbo:influenced ?uri }}"",
  ""sparql_gold"": ""PREFIX dbo: <http://dbpedia.org/ontology/> PREFIX res: <http://dbpedia.org/resource/> SELECT DISTINCT ?uri WHERE {{ ?uri dbo:influenced res:Vincent_van_Gogh }}"",
  ""error_types"": [""structural""]
}"
q340,Which building after the Burj Khalifa has the most floors?,PREFIX dbo: <http://dbpedia.org/ontology/> PREFIX res: <http://dbpedia.org/resource/> PREFIX rdf: <http://www.w3.org/1999/02/22-rdf-syntax-ns#> SELECT DISTINCT ?uri WHERE { res:Burj_Khalifa dbo:floorCount ?burj . ?uri rdf:type dbo:Building ; dbo:floorCount ?proj FILTER ( ?proj < ?burj ) } ORDER BY DESC(?proj) LIMIT 1,semantic,PREFIX dbo: <http://dbpedia.org/ontology/> PREFIX res: <http://dbpedia.org/resource/> PREFIX rdf: <http://www.w3.org/1999/02/22-rdf-syntax-ns#> SELECT DISTINCT ?uri WHERE { res:Burj_Khalifa dbo:floorCount ?burj . ?uri rdf:type dbo:Person ; dbo:floorCount ?proj FILTER ( ?proj < ?burj ) } ORDER BY DESC(?proj) LIMIT 1,['semantic'],"{
  ""id"": ""q340"",
  ""question"": ""Which building after the Burj Khalifa has the most floors?"",
  ""sparql_wrong"": ""PREFIX dbo: <http://dbpedia.org/ontology/> PREFIX res: <http://dbpedia.org/resource/> PREFIX rdf: <http://www.w3.org/1999/02/22-rdf-syntax-ns#> SELECT DISTINCT ?uri WHERE { res:Burj_Khalifa dbo:floorCount ?burj . ?uri rdf:type dbo:Person ; dbo:floorCount ?proj FILTER ( ?proj < ?burj ) } ORDER BY DESC(?proj) LIMIT 1"",
  ""sparql_gold"": ""PREFIX dbo: <http://dbpedia.org/ontology/> PREFIX res: <http://dbpedia.org/resource/> PREFIX rdf: <http://www.w3.org/1999/02/22-rdf-syntax-ns#> SELECT DISTINCT ?uri WHERE {{ res:Burj_Khalifa dbo:floorCount ?burj . ?uri rdf:type dbo:Building ; dbo:floorCount ?proj FILTER ( ?proj < ?burj ) }} ORDER BY DESC(?proj) LIMIT 1"",
  ""error_types"": [""semantic""]
}"
q341,What was the final result of the War of the Roses?,PREFIX dbo: <http://dbpedia.org/ontology/> PREFIX dbr: <http://dbpedia.org/resource/> SELECT DISTINCT ?result WHERE { ?uri dbo:isPartOfMilitaryConflict dbr:Wars_of_the_Roses ; dbo:result ?result ; dbo:date ?date } ORDER BY DESC(?date) OFFSET 0 LIMIT 1,syntax,PREFIX dbo: <http://dbpedia.org/ontology/> PREFIX dbr: <http://dbpedia.org/resource/> SELECT DISTINCT ?result WHERE {{ ?uri dbo:isPartOfMilitaryConflict dbr:Wars_of_the_Roses ; dbo:result ?result ; dbo:date ?date } ORDER BY DESC(?date) OFFSET 0 LIMIT 1,['syntax'],"{
  ""id"": ""q341"",
  ""question"": ""What was the final result of the War of the Roses?"",
  ""sparql_wrong"": ""PREFIX dbo: <http://dbpedia.org/ontology/> PREFIX dbr: <http://dbpedia.org/resource/> SELECT DISTINCT ?result WHERE {{ ?uri dbo:isPartOfMilitaryConflict dbr:Wars_of_the_Roses ; dbo:result ?result ; dbo:date ?date } ORDER BY DESC(?date) OFFSET 0 LIMIT 1"",
  ""sparql_gold"": ""PREFIX dbo: <http://dbpedia.org/ontology/> PREFIX dbr: <http://dbpedia.org/resource/> SELECT DISTINCT ?result WHERE {{ ?uri dbo:isPartOfMilitaryConflict dbr:Wars_of_the_Roses ; dbo:result ?result ; dbo:date ?date }} ORDER BY DESC(?date) OFFSET 0 LIMIT 1"",
  ""error_types"": [""syntax""]
}"
q342,How much did Pulp Fiction cost?,PREFIX dbo: <http://dbpedia.org/ontology/> PREFIX res: <http://dbpedia.org/resource/> SELECT DISTINCT ?n WHERE { res:Pulp_Fiction dbo:budget ?n },structural,PREFIX dbo: <http://dbpedia.org/ontology/> PREFIX res: <http://dbpedia.org/resource/> SELECT DISTINCT ?n WHERE { ?n dbo:budget res:Pulp_Fiction },['structural'],"{
  ""id"": ""q342"",
  ""question"": ""How much did Pulp Fiction cost?"",
  ""sparql_wrong"": ""PREFIX dbo: <http://dbpedia.org/ontology/> PREFIX res: <http://dbpedia.org/resource/> SELECT DISTINCT ?n WHERE { ?n dbo:budget res:Pulp_Fiction }"",
  ""sparql_gold"": ""PREFIX dbo: <http://dbpedia.org/ontology/> PREFIX res: <http://dbpedia.org/resource/> SELECT DISTINCT ?n WHERE {{ res:Pulp_Fiction dbo:budget ?n }}"",
  ""error_types"": [""structural""]
}"
q343,Is proinsulin a protein?,PREFIX dbo: <http://dbpedia.org/ontology/> PREFIX res: <http://dbpedia.org/resource/> PREFIX rdf: <http://www.w3.org/1999/02/22-rdf-syntax-ns#> ASK WHERE { res:Proinsulin rdf:type dbo:Protein },semantic,PREFIX dbo: <http://dbpedia.org/ontology/> PREFIX res: <http://dbpedia.org/resource/> PREFIX rdf: <http://www.w3.org/1999/02/22-rdf-syntax-ns#> ASK WHERE { res:Proinsulin rdf:type dbo:Enzyme },['semantic'],"{
  ""id"": ""q343"",
  ""question"": ""Is proinsulin a protein?"",
  ""sparql_wrong"": ""PREFIX dbo: <http://dbpedia.org/ontology/> PREFIX res: <http://dbpedia.org/resource/> PREFIX rdf: <http://www.w3.org/1999/02/22-rdf-syntax-ns#> ASK WHERE { res:Proinsulin rdf:type dbo:Enzyme }"",
  ""sparql_gold"": ""PREFIX dbo: <http://dbpedia.org/ontology/> PREFIX res: <http://dbpedia.org/resource/> PREFIX rdf: <http://www.w3.org/1999/02/22-rdf-syntax-ns#> ASK WHERE {{ res:Proinsulin rdf:type dbo:Protein }}"",
  ""error_types"": [""semantic""]
}"
q344,Do Urdu and Persian have a common root?,PREFIX dbo: <http://dbpedia.org/ontology/> PREFIX dbr: <http://dbpedia.org/resource/> ASK WHERE { dbr:Urdu dbo:languageFamily ?uri . dbr:Persian_language dbo:languageFamily ?uri },semantic,PREFIX dbo: <http://dbpedia.org/ontology/> PREFIX dbr: <http://dbpedia.org/resource/> ASK WHERE { dbr:Urdu dbo:author ?uri . dbr:Persian_language dbo:languageFamily ?uri },['semantic'],"{
  ""id"": ""q344"",
  ""question"": ""Do Urdu and Persian have a common root?"",
  ""sparql_wrong"": ""PREFIX dbo: <http://dbpedia.org/ontology/> PREFIX dbr: <http://dbpedia.org/resource/> ASK WHERE { dbr:Urdu dbo:author ?uri . dbr:Persian_language dbo:languageFamily ?uri }"",
  ""sparql_gold"": ""PREFIX dbo: <http://dbpedia.org/ontology/> PREFIX dbr: <http://dbpedia.org/resource/> ASK WHERE {{ dbr:Urdu dbo:languageFamily ?uri . dbr:Persian_language dbo:languageFamily ?uri }}"",
  ""error_types"": [""semantic""]
}"
q345,Who is starring in Spanish movies produced by Benicio del Toro?,PREFIX dbo: <http://dbpedia.org/ontology/> PREFIX res: <http://dbpedia.org/resource/> PREFIX rdf: <http://www.w3.org/1999/02/22-rdf-syntax-ns#> SELECT DISTINCT ?uri WHERE { ?film rdf:type dbo:Film ; dbo:country res:Spain ; dbo:producer res:Benicio_del_Toro ; dbo:starring ?uri . ?uri rdf:type dbo:Person },semantic,PREFIX dbo: <http://dbpedia.org/ontology/> PREFIX res: <http://dbpedia.org/resource/> PREFIX rdf: <http://www.w3.org/1999/02/22-rdf-syntax-ns#> SELECT DISTINCT ?uri WHERE { ?film rdf:type dbo:Film ; dbo:country res:Spain ; dbo:director res:Benicio_del_Toro ; dbo:starring ?uri . ?uri rdf:type dbo:Person },['semantic'],"{
  ""id"": ""q345"",
  ""question"": ""Who is starring in Spanish movies produced by Benicio del Toro?"",
  ""sparql_wrong"": ""PREFIX dbo: <http://dbpedia.org/ontology/> PREFIX res: <http://dbpedia.org/resource/> PREFIX rdf: <http://www.w3.org/1999/02/22-rdf-syntax-ns#> SELECT DISTINCT ?uri WHERE { ?film rdf:type dbo:Film ; dbo:country res:Spain ; dbo:director res:Benicio_del_Toro ; dbo:starring ?uri . ?uri rdf:type dbo:Person }"",
  ""sparql_gold"": ""PREFIX dbo: <http://dbpedia.org/ontology/> PREFIX res: <http://dbpedia.org/resource/> PREFIX rdf: <http://www.w3.org/1999/02/22-rdf-syntax-ns#> SELECT DISTINCT ?uri WHERE {{ ?film rdf:type dbo:Film ; dbo:country res:Spain ; dbo:producer res:Benicio_del_Toro ; dbo:starring ?uri . ?uri rdf:type dbo:Person }}"",
  ""error_types"": [""semantic""]
}"
q346,Is Lake Baikal bigger than the Great Bear Lake?,PREFIX dbo: <http://dbpedia.org/ontology/> PREFIX res: <http://dbpedia.org/resource/> ASK WHERE { res:Lake_Baikal dbo:areaTotal ?a1 . res:Great_Bear_Lake dbo:areaTotal ?a2 FILTER ( ?a1 > ?a2 ) },semantic,PREFIX dbo: <http://dbpedia.org/ontology/> PREFIX res: <http://dbpedia.org/resource/> ASK WHERE { res:Lake_Baikal dbo:length ?a1 . res:Great_Bear_Lake dbo:areaTotal ?a2 FILTER ( ?a1 > ?a2 ) },['semantic'],"{
  ""id"": ""q346"",
  ""question"": ""Is Lake Baikal bigger than the Great Bear Lake?"",
  ""sparql_wrong"": ""PREFIX dbo: <http://dbpedia.org/ontology/> PREFIX res: <http://dbpedia.org/resource/> ASK WHERE { res:Lake_Baikal dbo:length ?a1 . res:Great_Bear_Lake dbo:areaTotal ?a2 FILTER ( ?a1 > ?a2 ) }"",
  ""sparql_gold"": ""PREFIX dbo: <http://dbpedia.org/ontology/> PREFIX res: <http://dbpedia.org/resource/> ASK WHERE {{ res:Lake_Baikal dbo:areaTotal ?a1 . res:Great_Bear_Lake dbo:areaTotal ?a2 FILTER ( ?a1 > ?a2 ) }}"",
  ""error_types"": [""semantic""]
}"
q347,Show me all books in Asimov's Foundation series.,PREFIX dbo: <http://dbpedia.org/ontology/> PREFIX res: <http://dbpedia.org/resource/> SELECT DISTINCT ?uri WHERE { ?uri dbo:series res:Foundation_series },syntax,PREFIX dbo <http://dbpedia.org/ontology/> PREFIX res: <http://dbpedia.org/resource/> SELECT DISTINCT ?uri WHERE {{ ?uri dbo:series res:Foundation_series }},['syntax'],"{
  ""id"": ""q347"",
  ""question"": ""Show me all books in Asimov's Foundation series."",
  ""sparql_wrong"": ""PREFIX dbo <http://dbpedia.org/ontology/> PREFIX res: <http://dbpedia.org/resource/> SELECT DISTINCT ?uri WHERE {{ ?uri dbo:series res:Foundation_series }}"",
  ""sparql_gold"": ""PREFIX dbo: <http://dbpedia.org/ontology/> PREFIX res: <http://dbpedia.org/resource/> SELECT DISTINCT ?uri WHERE {{ ?uri dbo:series res:Foundation_series }}"",
  ""error_types"": [""syntax""]
}"
q348,Where was Bach born?,PREFIX dbo: <http://dbpedia.org/ontology/> PREFIX res: <http://dbpedia.org/resource/> SELECT DISTINCT ?uri WHERE { res:Johann_Sebastian_Bach dbo:birthPlace ?uri },syntax,PREFIX dbo: <http://dbpedia.org/ontology/> PREFIX res: <http://dbpedia.org/resource/> SELECT DISTINCT ?uri WHERE { res:Johann_Sebastian_Bach dbo:birthPlace ?uri },['syntax'],"{
  ""id"": ""q348"",
  ""question"": ""Where was Bach born?"",
  ""sparql_wrong"": ""PREFIX dbo: <http://dbpedia.org/ontology/> PREFIX res: <http://dbpedia.org/resource/> SELECT DISTINCT ?uri WHERE { res:Johann_Sebastian_Bach dbo:birthPlace ?uri }"",
  ""sparql_gold"": ""PREFIX dbo: <http://dbpedia.org/ontology/> PREFIX res: <http://dbpedia.org/resource/> SELECT DISTINCT ?uri WHERE {{ res:Johann_Sebastian_Bach dbo:birthPlace ?uri }}"",
  ""error_types"": [""syntax""]
}"
q349,Which city has the oldest running metro?,PREFIX dbo: <http://dbpedia.org/ontology/> PREFIX dbr: <http://dbpedia.org/resource/> PREFIX rdf: <http://www.w3.org/1999/02/22-rdf-syntax-ns#> SELECT ?loc WHERE { ?uri dbo:type dbr:Rapid_transit ; dbo:openingYear ?date ; dbo:location ?loc . ?loc rdf:type dbo:City } ORDER BY ASC(?date) LIMIT 1,semantic,PREFIX dbo: <http://dbpedia.org/ontology/> PREFIX dbr: <http://dbpedia.org/resource/> PREFIX rdf: <http://www.w3.org/1999/02/22-rdf-syntax-ns#> SELECT ?loc WHERE { ?uri dbo:type dbr:Rapid_transit ; dbo:openingYear ?date ; dbo:location ?loc . ?loc rdf:type dbo:Country } ORDER BY ASC(?date) LIMIT 1,['semantic'],"{
  ""id"": ""q349"",
  ""question"": ""Which city has the oldest running metro?"",
  ""sparql_wrong"": ""PREFIX dbo: <http://dbpedia.org/ontology/> PREFIX dbr: <http://dbpedia.org/resource/> PREFIX rdf: <http://www.w3.org/1999/02/22-rdf-syntax-ns#> SELECT ?loc WHERE { ?uri dbo:type dbr:Rapid_transit ; dbo:openingYear ?date ; dbo:location ?loc . ?loc rdf:type dbo:Country } ORDER BY ASC(?date) LIMIT 1"",
  ""sparql_gold"": ""PREFIX dbo: <http://dbpedia.org/ontology/> PREFIX dbr: <http://dbpedia.org/resource/> PREFIX rdf: <http://www.w3.org/1999/02/22-rdf-syntax-ns#> SELECT ?loc WHERE {{ ?uri dbo:type dbr:Rapid_transit ; dbo:openingYear ?date ; dbo:location ?loc . ?loc rdf:type dbo:City }} ORDER BY ASC(?date) LIMIT 1"",
  ""error_types"": [""semantic""]
}"
q350,Who designed the Brooklyn Bridge?,PREFIX dbo: <http://dbpedia.org/ontology/> PREFIX res: <http://dbpedia.org/resource/> SELECT DISTINCT ?uri WHERE { res:Brooklyn_Bridge dbo:architect ?uri },semantic,PREFIX dbo: <http://dbpedia.org/ontology/> PREFIX res: <http://dbpedia.org/resource/> SELECT DISTINCT ?uri WHERE { res:Brooklyn_Bridge dbo:starring ?uri },['semantic'],"{
  ""id"": ""q350"",
  ""question"": ""Who designed the Brooklyn Bridge?"",
  ""sparql_wrong"": ""PREFIX dbo: <http://dbpedia.org/ontology/> PREFIX res: <http://dbpedia.org/resource/> SELECT DISTINCT ?uri WHERE { res:Brooklyn_Bridge dbo:starring ?uri }"",
  ""sparql_gold"": ""PREFIX dbo: <http://dbpedia.org/ontology/> PREFIX res: <http://dbpedia.org/resource/> SELECT DISTINCT ?uri WHERE {{ res:Brooklyn_Bridge dbo:architect ?uri }}"",
  ""error_types"": [""semantic""]
}"
q351,How many people live in Eurasia?,PREFIX dbo: <http://dbpedia.org/ontology/> PREFIX res: <http://dbpedia.org/resource/> SELECT DISTINCT ?population WHERE { res:Eurasia dbo:populationTotal ?population },semantic,PREFIX dbo: <http://dbpedia.org/ontology/> PREFIX res: <http://dbpedia.org/resource/> SELECT DISTINCT ?population WHERE { res:Eurasia dbo:areaTotal ?population },['semantic'],"{
  ""id"": ""q351"",
  ""question"": ""How many people live in Eurasia?"",
  ""sparql_wrong"": ""PREFIX dbo: <http://dbpedia.org/ontology/> PREFIX res: <http://dbpedia.org/resource/> SELECT DISTINCT ?population WHERE { res:Eurasia dbo:areaTotal ?population }"",
  ""sparql_gold"": ""PREFIX dbo: <http://dbpedia.org/ontology/> PREFIX res: <http://dbpedia.org/resource/> SELECT DISTINCT ?population WHERE {{ res:Eurasia dbo:populationTotal ?population }}"",
  ""error_types"": [""semantic""]
}"
q352,Who is the host of the BBC Wildlife Specials?,PREFIX dbo: <http://dbpedia.org/ontology/> PREFIX res: <http://dbpedia.org/resource/> SELECT DISTINCT ?uri WHERE { res:BBC_Wildlife_Specials dbo:presenter ?uri },semantic,PREFIX dbo: <http://dbpedia.org/ontology/> PREFIX res: <http://dbpedia.org/resource/> SELECT DISTINCT ?uri WHERE { res:BBC_Wildlife_Specials dbo:author ?uri },['semantic'],"{
  ""id"": ""q352"",
  ""question"": ""Who is the host of the BBC Wildlife Specials?"",
  ""sparql_wrong"": ""PREFIX dbo: <http://dbpedia.org/ontology/> PREFIX res: <http://dbpedia.org/resource/> SELECT DISTINCT ?uri WHERE { res:BBC_Wildlife_Specials dbo:author ?uri }"",
  ""sparql_gold"": ""PREFIX dbo: <http://dbpedia.org/ontology/> PREFIX res: <http://dbpedia.org/resource/> SELECT DISTINCT ?uri WHERE {{ res:BBC_Wildlife_Specials dbo:presenter ?uri }}"",
  ""error_types"": [""semantic""]
}"
q353,"What is the total population of Melbourne, Florida?","PREFIX dbo: <http://dbpedia.org/ontology/> SELECT ?uri WHERE { <http://dbpedia.org/resource/Melbourne,_Florida> dbo:populationTotal ?uri }",semantic,"PREFIX dbo: <http://dbpedia.org/ontology/> SELECT ?uri WHERE { <http://dbpedia.org/resource/Melbourne,_Florida> dbo:areaTotal ?uri }",['semantic'],"{
  ""id"": ""q353"",
  ""question"": ""What is the total population of Melbourne, Florida?"",
  ""sparql_wrong"": ""PREFIX dbo: <http://dbpedia.org/ontology/> SELECT ?uri WHERE { <http://dbpedia.org/resource/Melbourne,_Florida> dbo:areaTotal ?uri }"",
  ""sparql_gold"": ""PREFIX dbo: <http://dbpedia.org/ontology/> SELECT ?uri WHERE {{ <http://dbpedia.org/resource/Melbourne,_Florida> dbo:populationTotal ?uri }}"",
  ""error_types"": [""semantic""]
}"
q354,What country is Mount Everest in?,PREFIX dbo: <http://dbpedia.org/ontology/> PREFIX res: <http://dbpedia.org/resource/> PREFIX rdf: <http://www.w3.org/1999/02/22-rdf-syntax-ns#> SELECT DISTINCT ?uri WHERE { res:Mount_Everest dbo:locatedInArea ?uri . ?uri rdf:type dbo:Country },semantic,PREFIX dbo: <http://dbpedia.org/ontology/> PREFIX res: <http://dbpedia.org/resource/> PREFIX rdf: <http://www.w3.org/1999/02/22-rdf-syntax-ns#> SELECT DISTINCT ?uri WHERE { res:Mount_Everest dbo:locatedInArea ?uri . ?uri rdf:type dbo:Mountain },['semantic'],"{
  ""id"": ""q354"",
  ""question"": ""What country is Mount Everest in?"",
  ""sparql_wrong"": ""PREFIX dbo: <http://dbpedia.org/ontology/> PREFIX res: <http://dbpedia.org/resource/> PREFIX rdf: <http://www.w3.org/1999/02/22-rdf-syntax-ns#> SELECT DISTINCT ?uri WHERE { res:Mount_Everest dbo:locatedInArea ?uri . ?uri rdf:type dbo:Mountain }"",
  ""sparql_gold"": ""PREFIX dbo: <http://dbpedia.org/ontology/> PREFIX res: <http://dbpedia.org/resource/> PREFIX rdf: <http://www.w3.org/1999/02/22-rdf-syntax-ns#> SELECT DISTINCT ?uri WHERE {{ res:Mount_Everest dbo:locatedInArea ?uri . ?uri rdf:type dbo:Country }}"",
  ""error_types"": [""semantic""]
}"
q355,To which artistic movement did the painter of The Three Dancers belong?,PREFIX dbo: <http://dbpedia.org/ontology/> PREFIX res: <http://dbpedia.org/resource/> SELECT DISTINCT ?uri WHERE { res:The_Three_Dancers dbo:author ?person . ?person dbo:movement ?uri },semantic,PREFIX dbo: <http://dbpedia.org/ontology/> PREFIX res: <http://dbpedia.org/resource/> SELECT DISTINCT ?uri WHERE { res:The_Three_Dancers dbo:author ?person . ?person dbo:birthPlace ?uri },['semantic'],"{
  ""id"": ""q355"",
  ""question"": ""To which artistic movement did the painter of The Three Dancers belong?"",
  ""sparql_wrong"": ""PREFIX dbo: <http://dbpedia.org/ontology/> PREFIX res: <http://dbpedia.org/resource/> SELECT DISTINCT ?uri WHERE { res:The_Three_Dancers dbo:author ?person . ?person dbo:birthPlace ?uri }"",
  ""sparql_gold"": ""PREFIX dbo: <http://dbpedia.org/ontology/> PREFIX res: <http://dbpedia.org/resource/> SELECT DISTINCT ?uri WHERE {{ res:The_Three_Dancers dbo:author ?person . ?person dbo:movement ?uri }}"",
  ""error_types"": [""semantic""]
}"
q356,When did Operation Overlord commence?,PREFIX dbo: <http://dbpedia.org/ontology/> PREFIX res: <http://dbpedia.org/resource/> SELECT DISTINCT ?d WHERE { res:Operation_Overlord dbo:date ?d },syntax,PREFIX dbo: <http://dbpedia.org/ontology/> PREFIX res: <http://dbpedia.org/resource/> SELECT DISTINCT ?d WHERE { res:Operation_Overlord dbo:date ?d ,['syntax'],"{
  ""id"": ""q356"",
  ""question"": ""When did Operation Overlord commence?"",
  ""sparql_wrong"": ""PREFIX dbo: <http://dbpedia.org/ontology/> PREFIX res: <http://dbpedia.org/resource/> SELECT DISTINCT ?d WHERE { res:Operation_Overlord dbo:date ?d "",
  ""sparql_gold"": ""PREFIX dbo: <http://dbpedia.org/ontology/> PREFIX res: <http://dbpedia.org/resource/> SELECT DISTINCT ?d WHERE {{ res:Operation_Overlord dbo:date ?d }}"",
  ""error_types"": [""syntax""]
}"
q357,What is the bridge with the longest span?,PREFIX dbo: <http://dbpedia.org/ontology/> PREFIX res: <http://dbpedia.org/resource/> PREFIX rdf: <http://www.w3.org/1999/02/22-rdf-syntax-ns#> SELECT DISTINCT ?uri WHERE { ?uri rdf:type dbo:Bridge ; dbo:mainspan ?s } ORDER BY DESC(?s) OFFSET 0 LIMIT 1,semantic,PREFIX dbo: <http://dbpedia.org/ontology/> PREFIX res: <http://dbpedia.org/resource/> PREFIX rdf: <http://www.w3.org/1999/02/22-rdf-syntax-ns#> SELECT DISTINCT ?uri WHERE { ?uri rdf:type dbo:Bridge ; dbo:length ?s } ORDER BY DESC(?s) OFFSET 0 LIMIT 1,['semantic'],"{
  ""id"": ""q357"",
  ""question"": ""What is the bridge with the longest span?"",
  ""sparql_wrong"": ""PREFIX dbo: <http://dbpedia.org/ontology/> PREFIX res: <http://dbpedia.org/resource/> PREFIX rdf: <http://www.w3.org/1999/02/22-rdf-syntax-ns#> SELECT DISTINCT ?uri WHERE { ?uri rdf:type dbo:Bridge ; dbo:length ?s } ORDER BY DESC(?s) OFFSET 0 LIMIT 1"",
  ""sparql_gold"": ""PREFIX dbo: <http://dbpedia.org/ontology/> PREFIX res: <http://dbpedia.org/resource/> PREFIX rdf: <http://www.w3.org/1999/02/22-rdf-syntax-ns#> SELECT DISTINCT ?uri WHERE {{ ?uri rdf:type dbo:Bridge ; dbo:mainspan ?s }} ORDER BY DESC(?s) OFFSET 0 LIMIT 1"",
  ""error_types"": [""semantic""]
}"
q358,Is there a video game called Battle Chess?,"PREFIX dbo: <http://dbpedia.org/ontology/> PREFIX rdfs: <http://www.w3.org/2000/01/rdf-schema#> PREFIX rdf: <http://www.w3.org/1999/02/22-rdf-syntax-ns#> ASK WHERE { ?uri rdf:type dbo:VideoGame ; rdfs:label ""Battle Chess""@en }",syntax,"PREFIX dbo: <http://dbpedia.org/ontology/> PREFIX rdfs: <http://www.w3.org/2000/01/rdf-schema#> PREFIX rdf: <http://www.w3.org/1999/02/22-rdf-syntax-ns#> ASK WHERE { ?uri rdf:type dbo:VideoGame ; rdfs:label ""Battle Chess""@en }}",['syntax'],"{
  ""id"": ""q358"",
  ""question"": ""Is there a video game called Battle Chess?"",
  ""sparql_wrong"": ""PREFIX dbo: <http://dbpedia.org/ontology/> PREFIX rdfs: <http://www.w3.org/2000/01/rdf-schema#> PREFIX rdf: <http://www.w3.org/1999/02/22-rdf-syntax-ns#> ASK WHERE { ?uri rdf:type dbo:VideoGame ; rdfs:label \""Battle Chess\""@en }}"",
  ""sparql_gold"": ""PREFIX dbo: <http://dbpedia.org/ontology/> PREFIX rdfs: <http://www.w3.org/2000/01/rdf-schema#> PREFIX rdf: <http://www.w3.org/1999/02/22-rdf-syntax-ns#> ASK WHERE {{ ?uri rdf:type dbo:VideoGame ; rdfs:label \""Battle Chess\""@en }}"",
  ""error_types"": [""syntax""]
}"
q359,Who was buried in the Great Pyramid of Giza?,PREFIX dbo: <http://dbpedia.org/ontology/> PREFIX dbr: <http://dbpedia.org/resource/> SELECT ?uri WHERE { ?uri dbo:restingPlace dbr:Great_Pyramid_of_Giza },semantic,PREFIX dbo: <http://dbpedia.org/ontology/> PREFIX dbr: <http://dbpedia.org/resource/> SELECT ?uri WHERE { ?uri dbo:building dbr:Great_Pyramid_of_Giza },['semantic'],"{
  ""id"": ""q359"",
  ""question"": ""Who was buried in the Great Pyramid of Giza?"",
  ""sparql_wrong"": ""PREFIX dbo: <http://dbpedia.org/ontology/> PREFIX dbr: <http://dbpedia.org/resource/> SELECT ?uri WHERE { ?uri dbo:building dbr:Great_Pyramid_of_Giza }"",
  ""sparql_gold"": ""PREFIX dbo: <http://dbpedia.org/ontology/> PREFIX dbr: <http://dbpedia.org/resource/> SELECT ?uri WHERE {{ ?uri dbo:restingPlace dbr:Great_Pyramid_of_Giza }}"",
  ""error_types"": [""semantic""]
}"
q360,Does the Ford Motor Company have a manufacturing plant in Malaysia?,PREFIX dbo: <http://dbpedia.org/ontology/> PREFIX dbr: <http://dbpedia.org/resource/> ASK WHERE { ?uri dbo:assembly dbr:Malaysia ; dbo:manufacturer dbr:Ford_Motor_Company },semantic,PREFIX dbo: <http://dbpedia.org/ontology/> PREFIX dbr: <http://dbpedia.org/resource/> ASK WHERE { ?uri dbo:assembly dbr:Malaysia ; dbo:manufacturer dbr:Toyota },['semantic'],"{
  ""id"": ""q360"",
  ""question"": ""Does the Ford Motor Company have a manufacturing plant in Malaysia?"",
  ""sparql_wrong"": ""PREFIX dbo: <http://dbpedia.org/ontology/> PREFIX dbr: <http://dbpedia.org/resource/> ASK WHERE { ?uri dbo:assembly dbr:Malaysia ; dbo:manufacturer dbr:Toyota }"",
  ""sparql_gold"": ""PREFIX dbo: <http://dbpedia.org/ontology/> PREFIX dbr: <http://dbpedia.org/resource/> ASK WHERE {{ ?uri dbo:assembly dbr:Malaysia ; dbo:manufacturer dbr:Ford_Motor_Company }}"",
  ""error_types"": [""semantic""]
}"
q361,Did Socrates influence Aristotle?,PREFIX dbo: <http://dbpedia.org/ontology/> PREFIX res: <http://dbpedia.org/resource/> ASK WHERE { res:Aristotle dbo:influencedBy res:Socrates },syntax,PREFIX dbo: <http://dbpedia.org/ontology/> PREFIX res: <http://dbpedia.org/resource/> ASK WHERE { res:Aristotle dbo:influencedBy res:Socrates ,['syntax'],"{
  ""id"": ""q361"",
  ""question"": ""Did Socrates influence Aristotle?"",
  ""sparql_wrong"": ""PREFIX dbo: <http://dbpedia.org/ontology/> PREFIX res: <http://dbpedia.org/resource/> ASK WHERE { res:Aristotle dbo:influencedBy res:Socrates "",
  ""sparql_gold"": ""PREFIX dbo: <http://dbpedia.org/ontology/> PREFIX res: <http://dbpedia.org/resource/> ASK WHERE {{ res:Aristotle dbo:influencedBy res:Socrates }}"",
  ""error_types"": [""syntax""]
}"
q362,How many children did Benjamin Franklin have?,PREFIX dbo: <http://dbpedia.org/ontology/> PREFIX res: <http://dbpedia.org/resource/> SELECT (COUNT(DISTINCT ?uri) AS ?c) WHERE { res:Benjamin_Franklin dbo:child ?uri },semantic,PREFIX dbo: <http://dbpedia.org/ontology/> PREFIX res: <http://dbpedia.org/resource/> SELECT (COUNT(DISTINCT ?uri) AS ?c) WHERE { res:Benjamin_Franklin dbo:parent ?uri },['semantic'],"{
  ""id"": ""q362"",
  ""question"": ""How many children did Benjamin Franklin have?"",
  ""sparql_wrong"": ""PREFIX dbo: <http://dbpedia.org/ontology/> PREFIX res: <http://dbpedia.org/resource/> SELECT (COUNT(DISTINCT ?uri) AS ?c) WHERE { res:Benjamin_Franklin dbo:parent ?uri }"",
  ""sparql_gold"": ""PREFIX dbo: <http://dbpedia.org/ontology/> PREFIX res: <http://dbpedia.org/resource/> SELECT (COUNT(DISTINCT ?uri) AS ?c) WHERE {{ res:Benjamin_Franklin dbo:child ?uri }}"",
  ""error_types"": [""semantic""]
}"
q363,How tall is Michael Jordan?,PREFIX dbo: <http://dbpedia.org/ontology/> PREFIX res: <http://dbpedia.org/resource/> SELECT DISTINCT ?num WHERE { res:Michael_Jordan dbo:height ?num },semantic,PREFIX dbo: <http://dbpedia.org/ontology/> PREFIX res: <http://dbpedia.org/resource/> SELECT DISTINCT ?num WHERE { res:Michael_Jordan dbo:weight ?num },['semantic'],"{
  ""id"": ""q363"",
  ""question"": ""How tall is Michael Jordan?"",
  ""sparql_wrong"": ""PREFIX dbo: <http://dbpedia.org/ontology/> PREFIX res: <http://dbpedia.org/resource/> SELECT DISTINCT ?num WHERE { res:Michael_Jordan dbo:weight ?num }"",
  ""sparql_gold"": ""PREFIX dbo: <http://dbpedia.org/ontology/> PREFIX res: <http://dbpedia.org/resource/> SELECT DISTINCT ?num WHERE {{ res:Michael_Jordan dbo:height ?num }}"",
  ""error_types"": [""semantic""]
}"
q364,In which UK city are the headquarters of the MI6?,PREFIX dbo: <http://dbpedia.org/ontology/> PREFIX res: <http://dbpedia.org/resource/> PREFIX rdf: <http://www.w3.org/1999/02/22-rdf-syntax-ns#> SELECT DISTINCT ?uri WHERE { res:Secret_Intelligence_Service dbo:headquarter ?uri . ?uri dbo:country res:United_Kingdom },semantic,PREFIX dbo: <http://dbpedia.org/ontology/> PREFIX res: <http://dbpedia.org/resource/> PREFIX rdf: <http://www.w3.org/1999/02/22-rdf-syntax-ns#> SELECT DISTINCT ?uri WHERE { res:Secret_Intelligence_Service dbo:parentOrganisation ?uri . ?uri dbo:country res:United_Kingdom },['semantic'],"{
  ""id"": ""q364"",
  ""question"": ""In which UK city are the headquarters of the MI6?"",
  ""sparql_wrong"": ""PREFIX dbo: <http://dbpedia.org/ontology/> PREFIX res: <http://dbpedia.org/resource/> PREFIX rdf: <http://www.w3.org/1999/02/22-rdf-syntax-ns#> SELECT DISTINCT ?uri WHERE { res:Secret_Intelligence_Service dbo:parentOrganisation ?uri . ?uri dbo:country res:United_Kingdom }"",
  ""sparql_gold"": ""PREFIX dbo: <http://dbpedia.org/ontology/> PREFIX res: <http://dbpedia.org/resource/> PREFIX rdf: <http://www.w3.org/1999/02/22-rdf-syntax-ns#> SELECT DISTINCT ?uri WHERE {{ res:Secret_Intelligence_Service dbo:headquarter ?uri . ?uri dbo:country res:United_Kingdom }}"",
  ""error_types"": [""semantic""]
}"
q365,Who created Family Guy?,PREFIX dbo: <http://dbpedia.org/ontology/> PREFIX res: <http://dbpedia.org/resource/> SELECT DISTINCT ?uri WHERE { res:Family_Guy dbo:creator ?uri },semantic,PREFIX dbo: <http://dbpedia.org/ontology/> PREFIX res: <http://dbpedia.org/resource/> SELECT DISTINCT ?uri WHERE { res:Family_Guy dbo:starring ?uri },['semantic'],"{
  ""id"": ""q365"",
  ""question"": ""Who created Family Guy?"",
  ""sparql_wrong"": ""PREFIX dbo: <http://dbpedia.org/ontology/> PREFIX res: <http://dbpedia.org/resource/> SELECT DISTINCT ?uri WHERE { res:Family_Guy dbo:starring ?uri }"",
  ""sparql_gold"": ""PREFIX dbo: <http://dbpedia.org/ontology/> PREFIX res: <http://dbpedia.org/resource/> SELECT DISTINCT ?uri WHERE {{ res:Family_Guy dbo:creator ?uri }}"",
  ""error_types"": [""semantic""]
}"
q366,In which city does the Chile Route 68 end?,PREFIX dbo: <http://dbpedia.org/ontology/> PREFIX res: <http://dbpedia.org/resource/> SELECT DISTINCT ?uri WHERE { res:Chile_Route_68 dbo:routeEnd ?uri },syntax,PREFIX dbo: <http://dbpedia.org/ontology/> PREFIX res: <http://dbpedia.org/resource/> SELECT DISTINCT ?uri WHERE { res:Chile_Route_68 dbo:routeEnd ?uri },['syntax'],"{
  ""id"": ""q366"",
  ""question"": ""In which city does the Chile Route 68 end?"",
  ""sparql_wrong"": ""PREFIX dbo: <http://dbpedia.org/ontology/> PREFIX res: <http://dbpedia.org/resource/> SELECT DISTINCT ?uri WHERE { res:Chile_Route_68 dbo:routeEnd ?uri }"",
  ""sparql_gold"": ""PREFIX dbo: <http://dbpedia.org/ontology/> PREFIX res: <http://dbpedia.org/resource/> SELECT DISTINCT ?uri WHERE {{ res:Chile_Route_68 dbo:routeEnd ?uri }}"",
  ""error_types"": [""syntax""]
}"
q367,Give me the grandchildren of Elvis Presley.,PREFIX dbo: <http://dbpedia.org/ontology/> PREFIX res: <http://dbpedia.org/resource/> SELECT DISTINCT ?uri WHERE { res:Elvis_Presley dbo:child ?child . ?child dbo:child ?uri },semantic,PREFIX dbo: <http://dbpedia.org/ontology/> PREFIX res: <http://dbpedia.org/resource/> SELECT DISTINCT ?uri WHERE { res:Elvis_Presley dbo:spouse ?child . ?child dbo:child ?uri },['semantic'],"{
  ""id"": ""q367"",
  ""question"": ""Give me the grandchildren of Elvis Presley."",
  ""sparql_wrong"": ""PREFIX dbo: <http://dbpedia.org/ontology/> PREFIX res: <http://dbpedia.org/resource/> SELECT DISTINCT ?uri WHERE { res:Elvis_Presley dbo:spouse ?child . ?child dbo:child ?uri }"",
  ""sparql_gold"": ""PREFIX dbo: <http://dbpedia.org/ontology/> PREFIX res: <http://dbpedia.org/resource/> SELECT DISTINCT ?uri WHERE {{ res:Elvis_Presley dbo:child ?child . ?child dbo:child ?uri }}"",
  ""error_types"": [""semantic""]
}"
q368,When did the Ming dynasty dissolve?,PREFIX dbo: <http://dbpedia.org/ontology/> PREFIX res: <http://dbpedia.org/resource/> SELECT DISTINCT ?date WHERE { res:Ming_dynasty dbo:dissolutionDate ?date },structural,PREFIX dbo: <http://dbpedia.org/ontology/> PREFIX res: <http://dbpedia.org/resource/> SELECT DISTINCT ?date WHERE { { ?date dbo:dissolutionDate res:Ming_dynasty } },['structural'],"{
  ""id"": ""q368"",
  ""question"": ""When did the Ming dynasty dissolve?"",
  ""sparql_wrong"": ""PREFIX dbo: <http://dbpedia.org/ontology/> PREFIX res: <http://dbpedia.org/resource/> SELECT DISTINCT ?date WHERE { { ?date dbo:dissolutionDate res:Ming_dynasty } }"",
  ""sparql_gold"": ""PREFIX dbo: <http://dbpedia.org/ontology/> PREFIX res: <http://dbpedia.org/resource/> SELECT DISTINCT ?date WHERE {{ res:Ming_dynasty dbo:dissolutionDate ?date }}"",
  ""error_types"": [""structural""]
}"
q369,In which military conflicts did Lawrence of Arabia participate?,PREFIX dbo: <http://dbpedia.org/ontology/> PREFIX res: <http://dbpedia.org/resource/> SELECT DISTINCT ?uri WHERE { res:T._E._Lawrence dbo:battle ?uri },structural,PREFIX dbo: <http://dbpedia.org/ontology/> PREFIX res: <http://dbpedia.org/resource/> SELECT DISTINCT ?uri WHERE { { ?uri dbo:battle res:T._E._Lawrence } },['structural'],"{
  ""id"": ""q369"",
  ""question"": ""In which military conflicts did Lawrence of Arabia participate?"",
  ""sparql_wrong"": ""PREFIX dbo: <http://dbpedia.org/ontology/> PREFIX res: <http://dbpedia.org/resource/> SELECT DISTINCT ?uri WHERE { { ?uri dbo:battle res:T._E._Lawrence } }"",
  ""sparql_gold"": ""PREFIX dbo: <http://dbpedia.org/ontology/> PREFIX res: <http://dbpedia.org/resource/> SELECT DISTINCT ?uri WHERE {{ res:T._E._Lawrence dbo:battle ?uri }}"",
  ""error_types"": [""structural""]
}"
q370,What is the timezone in San Pedro de Atacama?,PREFIX dbo: <http://dbpedia.org/ontology/> PREFIX res: <http://dbpedia.org/resource/> SELECT DISTINCT ?uri WHERE { res:San_Pedro_de_Atacama dbo:timeZone ?uri },semantic,PREFIX dbo: <http://dbpedia.org/ontology/> PREFIX res: <http://dbpedia.org/resource/> SELECT DISTINCT ?uri WHERE { res:San_Pedro_de_Atacama dbo:currency ?uri },['semantic'],"{
  ""id"": ""q370"",
  ""question"": ""What is the timezone in San Pedro de Atacama?"",
  ""sparql_wrong"": ""PREFIX dbo: <http://dbpedia.org/ontology/> PREFIX res: <http://dbpedia.org/resource/> SELECT DISTINCT ?uri WHERE { res:San_Pedro_de_Atacama dbo:currency ?uri }"",
  ""sparql_gold"": ""PREFIX dbo: <http://dbpedia.org/ontology/> PREFIX res: <http://dbpedia.org/resource/> SELECT DISTINCT ?uri WHERE {{ res:San_Pedro_de_Atacama dbo:timeZone ?uri }}"",
  ""error_types"": [""semantic""]
}"
q371,Give me all books by William Goldman with more than 300 pages.,PREFIX dbo: <http://dbpedia.org/ontology/> PREFIX res: <http://dbpedia.org/resource/> PREFIX rdf: <http://www.w3.org/1999/02/22-rdf-syntax-ns#> SELECT DISTINCT ?uri WHERE { ?uri rdf:type dbo:Book ; dbo:author res:William_Goldman ; dbo:numberOfPages ?x FILTER ( ?x > 300 ) },semantic,PREFIX dbo: <http://dbpedia.org/ontology/> PREFIX res: <http://dbpedia.org/resource/> PREFIX rdf: <http://www.w3.org/1999/02/22-rdf-syntax-ns#> SELECT DISTINCT ?uri WHERE { ?uri rdf:type dbo:Book ; dbo:writer res:William_Goldman ; dbo:numberOfPages ?x FILTER ( ?x > 300 ) },['semantic'],"{
  ""id"": ""q371"",
  ""question"": ""Give me all books by William Goldman with more than 300 pages."",
  ""sparql_wrong"": ""PREFIX dbo: <http://dbpedia.org/ontology/> PREFIX res: <http://dbpedia.org/resource/> PREFIX rdf: <http://www.w3.org/1999/02/22-rdf-syntax-ns#> SELECT DISTINCT ?uri WHERE { ?uri rdf:type dbo:Book ; dbo:writer res:William_Goldman ; dbo:numberOfPages ?x FILTER ( ?x > 300 ) }"",
  ""sparql_gold"": ""PREFIX dbo: <http://dbpedia.org/ontology/> PREFIX res: <http://dbpedia.org/resource/> PREFIX rdf: <http://www.w3.org/1999/02/22-rdf-syntax-ns#> SELECT DISTINCT ?uri WHERE {{ ?uri rdf:type dbo:Book ; dbo:author res:William_Goldman ; dbo:numberOfPages ?x FILTER ( ?x > 300 ) }}"",
  ""error_types"": [""semantic""]
}"
q372,What did Bruce Carver die from?,PREFIX dbo: <http://dbpedia.org/ontology/> PREFIX res: <http://dbpedia.org/resource/> SELECT DISTINCT ?uri WHERE { res:Bruce_Carver dbo:deathCause ?uri },syntax,PREFIX dbo: <http://dbpedia.org/ontology/> PREFIX res: <http://dbpedia.org/resource/> SELECT DISTINCT ?uri WHERE { res:Bruce_Carver dbo:deathCause ?uri },['syntax'],"{
  ""id"": ""q372"",
  ""question"": ""What did Bruce Carver die from?"",
  ""sparql_wrong"": ""PREFIX dbo: <http://dbpedia.org/ontology/> PREFIX res: <http://dbpedia.org/resource/> SELECT DISTINCT ?uri WHERE { res:Bruce_Carver dbo:deathCause ?uri }"",
  ""sparql_gold"": ""PREFIX dbo: <http://dbpedia.org/ontology/> PREFIX res: <http://dbpedia.org/resource/> SELECT DISTINCT ?uri WHERE {{ res:Bruce_Carver dbo:deathCause ?uri }}"",
  ""error_types"": [""syntax""]
}"
q373,Which subsidiary of Lufthansa serves both Dortmund and Berlin Tegel?,PREFIX dbo: <http://dbpedia.org/ontology/> PREFIX res: <http://dbpedia.org/resource/> SELECT DISTINCT ?uri WHERE { res:Lufthansa dbo:subsidiary ?uri . ?uri dbo:targetAirport res:Dortmund_Airport ; dbo:targetAirport res:Berlin_Tegel_Airport },structural,PREFIX dbo: <http://dbpedia.org/ontology/> PREFIX res: <http://dbpedia.org/resource/> SELECT DISTINCT ?uri WHERE { res:Lufthansa dbo:subsidiary ?uri . res:Dortmund_Airport dbo:targetAirport ?uri ; dbo:targetAirport res:Berlin_Tegel_Airport },['structural'],"{
  ""id"": ""q373"",
  ""question"": ""Which subsidiary of Lufthansa serves both Dortmund and Berlin Tegel?"",
  ""sparql_wrong"": ""PREFIX dbo: <http://dbpedia.org/ontology/> PREFIX res: <http://dbpedia.org/resource/> SELECT DISTINCT ?uri WHERE { res:Lufthansa dbo:subsidiary ?uri . res:Dortmund_Airport dbo:targetAirport ?uri ; dbo:targetAirport res:Berlin_Tegel_Airport }"",
  ""sparql_gold"": ""PREFIX dbo: <http://dbpedia.org/ontology/> PREFIX res: <http://dbpedia.org/resource/> SELECT DISTINCT ?uri WHERE {{ res:Lufthansa dbo:subsidiary ?uri . ?uri dbo:targetAirport res:Dortmund_Airport ; dbo:targetAirport res:Berlin_Tegel_Airport }}"",
  ""error_types"": [""structural""]
}"
q374,Does Abraham Lincoln's death place have a website?,PREFIX dbo: <http://dbpedia.org/ontology/> PREFIX res: <http://dbpedia.org/resource/> ASK WHERE { res:Abraham_Lincoln dbo:deathPlace ?p . ?p dbo:website ?w },semantic,PREFIX dbo: <http://dbpedia.org/ontology/> PREFIX res: <http://dbpedia.org/resource/> ASK WHERE {{ res:Abraham_Lincoln dbo:deathPlace ?p . ?p dbo:birthDate ?w }},['semantic'],"{
  ""id"": ""q374"",
  ""question"": ""Does Abraham Lincoln's death place have a website?"",
  ""sparql_wrong"": ""PREFIX dbo: <http://dbpedia.org/ontology/> PREFIX res: <http://dbpedia.org/resource/> ASK WHERE {{ res:Abraham_Lincoln dbo:deathPlace ?p . ?p dbo:birthDate ?w }}"",
  ""sparql_gold"": ""PREFIX dbo: <http://dbpedia.org/ontology/> PREFIX res: <http://dbpedia.org/resource/> ASK WHERE {{ res:Abraham_Lincoln dbo:deathPlace ?p . ?p dbo:website ?w }}"",
  ""error_types"": [""semantic""]
}"
q375,Did Elvis Presley have children?,PREFIX dbo: <http://dbpedia.org/ontology/> PREFIX res: <http://dbpedia.org/resource/> ASK WHERE { res:Elvis_Presley dbo:child ?uri },structural,PREFIX dbo: <http://dbpedia.org/ontology/> PREFIX res: <http://dbpedia.org/resource/> ASK WHERE { { ?uri dbo:child res:Elvis_Presley } },['structural'],"{
  ""id"": ""q375"",
  ""question"": ""Did Elvis Presley have children?"",
  ""sparql_wrong"": ""PREFIX dbo: <http://dbpedia.org/ontology/> PREFIX res: <http://dbpedia.org/resource/> ASK WHERE { { ?uri dbo:child res:Elvis_Presley } }"",
  ""sparql_gold"": ""PREFIX dbo: <http://dbpedia.org/ontology/> PREFIX res: <http://dbpedia.org/resource/> ASK WHERE {{ res:Elvis_Presley dbo:child ?uri }}"",
  ""error_types"": [""structural""]
}"
q376,Is Michelle Obama the wife of Barack Obama?,PREFIX dbo: <http://dbpedia.org/ontology/> PREFIX res: <http://dbpedia.org/resource/> ASK WHERE { res:Barack_Obama dbo:spouse res:Michelle_Obama },semantic,PREFIX dbo: <http://dbpedia.org/ontology/> PREFIX res: <http://dbpedia.org/resource/> ASK WHERE { res:Barack_Obama dbo:child res:Michelle_Obama },['semantic'],"{
  ""id"": ""q376"",
  ""question"": ""Is Michelle Obama the wife of Barack Obama?"",
  ""sparql_wrong"": ""PREFIX dbo: <http://dbpedia.org/ontology/> PREFIX res: <http://dbpedia.org/resource/> ASK WHERE { res:Barack_Obama dbo:child res:Michelle_Obama }"",
  ""sparql_gold"": ""PREFIX dbo: <http://dbpedia.org/ontology/> PREFIX res: <http://dbpedia.org/resource/> ASK WHERE {{ res:Barack_Obama dbo:spouse res:Michelle_Obama }}"",
  ""error_types"": [""semantic""]
}"
q377,In which city does Sylvester Stallone live?,PREFIX dbo: <http://dbpedia.org/ontology/> PREFIX res: <http://dbpedia.org/resource/> PREFIX rdf: <http://www.w3.org/1999/02/22-rdf-syntax-ns#> SELECT DISTINCT ?uri WHERE { ?uri rdf:type dbo:City . res:Sylvester_Stallone dbo:residence ?uri },syntax,PREFIX dbo: <http://dbpedia.org/ontology/> PREFIX res: <http://dbpedia.org/resource/> PREFIX rdf: <http://www.w3.org/1999/02/22-rdf-syntax-ns#> SELECT DISTINCT ?uri WHERE { ?uri rdf:type dbo:City . res:Sylvester_Stallone dbo:residence ?uri },['syntax'],"{
  ""id"": ""q377"",
  ""question"": ""In which city does Sylvester Stallone live?"",
  ""sparql_wrong"": ""PREFIX dbo: <http://dbpedia.org/ontology/> PREFIX res: <http://dbpedia.org/resource/> PREFIX rdf: <http://www.w3.org/1999/02/22-rdf-syntax-ns#> SELECT DISTINCT ?uri WHERE { ?uri rdf:type dbo:City . res:Sylvester_Stallone dbo:residence ?uri }"",
  ""sparql_gold"": ""PREFIX dbo: <http://dbpedia.org/ontology/> PREFIX res: <http://dbpedia.org/resource/> PREFIX rdf: <http://www.w3.org/1999/02/22-rdf-syntax-ns#> SELECT DISTINCT ?uri WHERE {{ ?uri rdf:type dbo:City . res:Sylvester_Stallone dbo:residence ?uri }}"",
  ""error_types"": [""syntax""]
}"
q378,Which books by Kerouac were published by Viking Press?,PREFIX dbo: <http://dbpedia.org/ontology/> PREFIX res: <http://dbpedia.org/resource/> PREFIX rdf: <http://www.w3.org/1999/02/22-rdf-syntax-ns#> SELECT DISTINCT ?uri WHERE { ?uri rdf:type dbo:Book ; dbo:publisher res:Viking_Press ; dbo:author res:Jack_Kerouac },syntax,PREFIX dbo: <http://dbpedia.org/ontology/> PREFIX res: <http://dbpedia.org/resource/> PREFIX rdf: <http://www.w3.org/1999/02/22-rdf-syntax-ns#> SELECT DISTINCT ?uri WHERE { ?uri rdf:type dbo:Book ; dbo:publisher res:Viking_Press ; dbo:author res:Jack_Kerouac }},['syntax'],"{
  ""id"": ""q378"",
  ""question"": ""Which books by Kerouac were published by Viking Press?"",
  ""sparql_wrong"": ""PREFIX dbo: <http://dbpedia.org/ontology/> PREFIX res: <http://dbpedia.org/resource/> PREFIX rdf: <http://www.w3.org/1999/02/22-rdf-syntax-ns#> SELECT DISTINCT ?uri WHERE { ?uri rdf:type dbo:Book ; dbo:publisher res:Viking_Press ; dbo:author res:Jack_Kerouac }}"",
  ""sparql_gold"": ""PREFIX dbo: <http://dbpedia.org/ontology/> PREFIX res: <http://dbpedia.org/resource/> PREFIX rdf: <http://www.w3.org/1999/02/22-rdf-syntax-ns#> SELECT DISTINCT ?uri WHERE {{ ?uri rdf:type dbo:Book ; dbo:publisher res:Viking_Press ; dbo:author res:Jack_Kerouac }}"",
  ""error_types"": [""syntax""]
}"
q379,Who wrote the song Hotel California?,PREFIX dbo: <http://dbpedia.org/ontology/> PREFIX res: <http://dbpedia.org/resource/> SELECT DISTINCT ?uri WHERE { res:Hotel_California dbo:writer ?uri },semantic,PREFIX dbo: <http://dbpedia.org/ontology/> PREFIX res: <http://dbpedia.org/resource/> SELECT DISTINCT ?uri WHERE { res:Hotel_California dbo:director ?uri },['semantic'],"{
  ""id"": ""q379"",
  ""question"": ""Who wrote the song Hotel California?"",
  ""sparql_wrong"": ""PREFIX dbo: <http://dbpedia.org/ontology/> PREFIX res: <http://dbpedia.org/resource/> SELECT DISTINCT ?uri WHERE { res:Hotel_California dbo:director ?uri }"",
  ""sparql_gold"": ""PREFIX dbo: <http://dbpedia.org/ontology/> PREFIX res: <http://dbpedia.org/resource/> SELECT DISTINCT ?uri WHERE {{ res:Hotel_California dbo:writer ?uri }}"",
  ""error_types"": [""semantic""]
}"
q380,What is the capital of Canada?,PREFIX dbo: <http://dbpedia.org/ontology/> PREFIX res: <http://dbpedia.org/resource/> SELECT DISTINCT ?uri WHERE { res:Canada dbo:capital ?uri },semantic,PREFIX dbo: <http://dbpedia.org/ontology/> PREFIX res: <http://dbpedia.org/resource/> SELECT DISTINCT ?uri WHERE { res:Canada dbo:currency ?uri },['semantic'],"{
  ""id"": ""q380"",
  ""question"": ""What is the capital of Canada?"",
  ""sparql_wrong"": ""PREFIX dbo: <http://dbpedia.org/ontology/> PREFIX res: <http://dbpedia.org/resource/> SELECT DISTINCT ?uri WHERE { res:Canada dbo:currency ?uri }"",
  ""sparql_gold"": ""PREFIX dbo: <http://dbpedia.org/ontology/> PREFIX res: <http://dbpedia.org/resource/> SELECT DISTINCT ?uri WHERE {{ res:Canada dbo:capital ?uri }}"",
  ""error_types"": [""semantic""]
}"
q381,Who is the mayor of Tel Aviv?,PREFIX dbo: <http://dbpedia.org/ontology/> PREFIX res: <http://dbpedia.org/resource/> SELECT DISTINCT ?uri WHERE { res:Tel_Aviv dbo:leaderName ?uri },semantic,PREFIX dbo: <http://dbpedia.org/ontology/> PREFIX res: <http://dbpedia.org/resource/> SELECT DISTINCT ?uri WHERE { res:Tel_Aviv dbo:founder ?uri },['semantic'],"{
  ""id"": ""q381"",
  ""question"": ""Who is the mayor of Tel Aviv?"",
  ""sparql_wrong"": ""PREFIX dbo: <http://dbpedia.org/ontology/> PREFIX res: <http://dbpedia.org/resource/> SELECT DISTINCT ?uri WHERE { res:Tel_Aviv dbo:founder ?uri }"",
  ""sparql_gold"": ""PREFIX dbo: <http://dbpedia.org/ontology/> PREFIX res: <http://dbpedia.org/resource/> SELECT DISTINCT ?uri WHERE {{ res:Tel_Aviv dbo:leaderName ?uri }}"",
  ""error_types"": [""semantic""]
}"
q382,What form of government does Russia have?,PREFIX dbo: <http://dbpedia.org/ontology/> PREFIX res: <http://dbpedia.org/resource/> SELECT DISTINCT ?uri WHERE { res:Russia dbo:governmentType ?uri },semantic,PREFIX dbo: <http://dbpedia.org/ontology/> PREFIX res: <http://dbpedia.org/resource/> SELECT DISTINCT ?uri WHERE { res:Russia dbo:currency ?uri },['semantic'],"{
  ""id"": ""q382"",
  ""question"": ""What form of government does Russia have?"",
  ""sparql_wrong"": ""PREFIX dbo: <http://dbpedia.org/ontology/> PREFIX res: <http://dbpedia.org/resource/> SELECT DISTINCT ?uri WHERE { res:Russia dbo:currency ?uri }"",
  ""sparql_gold"": ""PREFIX dbo: <http://dbpedia.org/ontology/> PREFIX res: <http://dbpedia.org/resource/> SELECT DISTINCT ?uri WHERE {{ res:Russia dbo:governmentType ?uri }}"",
  ""error_types"": [""semantic""]
}"
q383,Show me the book that Muhammad Ali wrote.,PREFIX dbo: <http://dbpedia.org/ontology/> PREFIX res: <http://dbpedia.org/resource/> PREFIX rdf: <http://www.w3.org/1999/02/22-rdf-syntax-ns#> SELECT DISTINCT ?uri WHERE { ?uri rdf:type dbo:Book ; dbo:author res:Muhammad_Ali },semantic,PREFIX dbo: <http://dbpedia.org/ontology/> PREFIX res: <http://dbpedia.org/resource/> PREFIX rdf: <http://www.w3.org/1999/02/22-rdf-syntax-ns#> SELECT DISTINCT ?uri WHERE { ?uri rdf:type dbo:Book ; dbo:author res:Ali_Muhammad },['semantic'],"{
  ""id"": ""q383"",
  ""question"": ""Show me the book that Muhammad Ali wrote."",
  ""sparql_wrong"": ""PREFIX dbo: <http://dbpedia.org/ontology/> PREFIX res: <http://dbpedia.org/resource/> PREFIX rdf: <http://www.w3.org/1999/02/22-rdf-syntax-ns#> SELECT DISTINCT ?uri WHERE { ?uri rdf:type dbo:Book ; dbo:author res:Ali_Muhammad }"",
  ""sparql_gold"": ""PREFIX dbo: <http://dbpedia.org/ontology/> PREFIX res: <http://dbpedia.org/resource/> PREFIX rdf: <http://www.w3.org/1999/02/22-rdf-syntax-ns#> SELECT DISTINCT ?uri WHERE {{ ?uri rdf:type dbo:Book ; dbo:author res:Muhammad_Ali }}"",
  ""error_types"": [""semantic""]
}"
q384,Who was the first to climb Mount Everest?,PREFIX dbo: <http://dbpedia.org/ontology/> PREFIX res: <http://dbpedia.org/resource/> SELECT DISTINCT ?uri WHERE { res:Mount_Everest dbo:firstAscentPerson ?uri },structural,PREFIX dbo: <http://dbpedia.org/ontology/> PREFIX res: <http://dbpedia.org/resource/> SELECT DISTINCT ?uri WHERE {{ ?uri dbo:firstAscentPerson res:Mount_Everest }},['structural'],"{
  ""id"": ""q384"",
  ""question"": ""Who was the first to climb Mount Everest?"",
  ""sparql_wrong"": ""PREFIX dbo: <http://dbpedia.org/ontology/> PREFIX res: <http://dbpedia.org/resource/> SELECT DISTINCT ?uri WHERE {{ ?uri dbo:firstAscentPerson res:Mount_Everest }}"",
  ""sparql_gold"": ""PREFIX dbo: <http://dbpedia.org/ontology/> PREFIX res: <http://dbpedia.org/resource/> SELECT DISTINCT ?uri WHERE {{ res:Mount_Everest dbo:firstAscentPerson ?uri }}"",
  ""error_types"": [""structural""]
}"
q385,How many languages are spoken in Colombia?,PREFIX dbo: <http://dbpedia.org/ontology/> PREFIX res: <http://dbpedia.org/resource/> PREFIX rdf: <http://www.w3.org/1999/02/22-rdf-syntax-ns#> SELECT (COUNT(DISTINCT ?uri) AS ?c) WHERE { ?uri rdf:type dbo:Language . res:Colombia dbo:language ?uri },semantic,PREFIX dbo: <http://dbpedia.org/ontology/> PREFIX res: <http://dbpedia.org/resource/> PREFIX rdf: <http://www.w3.org/1999/02/22-rdf-syntax-ns#> SELECT (COUNT(DISTINCT ?uri) AS ?c) WHERE {{ ?uri rdf:type dbo:Country . res:Colombia dbo:language ?uri }},['semantic'],"{
  ""id"": ""q385"",
  ""question"": ""How many languages are spoken in Colombia?"",
  ""sparql_wrong"": ""PREFIX dbo: <http://dbpedia.org/ontology/> PREFIX res: <http://dbpedia.org/resource/> PREFIX rdf: <http://www.w3.org/1999/02/22-rdf-syntax-ns#> SELECT (COUNT(DISTINCT ?uri) AS ?c) WHERE {{ ?uri rdf:type dbo:Country . res:Colombia dbo:language ?uri }}"",
  ""sparql_gold"": ""PREFIX dbo: <http://dbpedia.org/ontology/> PREFIX res: <http://dbpedia.org/resource/> PREFIX rdf: <http://www.w3.org/1999/02/22-rdf-syntax-ns#> SELECT (COUNT(DISTINCT ?uri) AS ?c) WHERE {{ ?uri rdf:type dbo:Language . res:Colombia dbo:language ?uri }}"",
  ""error_types"": [""semantic""]
}"
q386,What is the currency of the Czech Republic?,PREFIX dbo: <http://dbpedia.org/ontology/> PREFIX res: <http://dbpedia.org/resource/> SELECT DISTINCT ?uri WHERE { res:Czech_Republic dbo:currency ?uri },semantic,PREFIX dbo: <http://dbpedia.org/ontology/> PREFIX res: <http://dbpedia.org/resource/> SELECT DISTINCT ?uri WHERE { res:Czech_Republic dbo:capital ?uri },['semantic'],"{
  ""id"": ""q386"",
  ""question"": ""What is the currency of the Czech Republic?"",
  ""sparql_wrong"": ""PREFIX dbo: <http://dbpedia.org/ontology/> PREFIX res: <http://dbpedia.org/resource/> SELECT DISTINCT ?uri WHERE { res:Czech_Republic dbo:capital ?uri }"",
  ""sparql_gold"": ""PREFIX dbo: <http://dbpedia.org/ontology/> PREFIX res: <http://dbpedia.org/resource/> SELECT DISTINCT ?uri WHERE {{ res:Czech_Republic dbo:currency ?uri }}"",
  ""error_types"": [""semantic""]
}"
q387,Where in France is sparkling wine produced?,PREFIX dbo: <http://dbpedia.org/ontology/> PREFIX res: <http://dbpedia.org/resource/> SELECT DISTINCT ?uri WHERE { ?uri dbo:wineProduced res:Sparkling_wine ; dbo:location res:France },semantic,PREFIX dbo: <http://dbpedia.org/ontology/> PREFIX res: <http://dbpedia.org/resource/> SELECT DISTINCT ?uri WHERE { ?uri dbo:beerProduced res:Sparkling_wine ; dbo:location res:France },['semantic'],"{
  ""id"": ""q387"",
  ""question"": ""Where in France is sparkling wine produced?"",
  ""sparql_wrong"": ""PREFIX dbo: <http://dbpedia.org/ontology/> PREFIX res: <http://dbpedia.org/resource/> SELECT DISTINCT ?uri WHERE { ?uri dbo:beerProduced res:Sparkling_wine ; dbo:location res:France }"",
  ""sparql_gold"": ""PREFIX dbo: <http://dbpedia.org/ontology/> PREFIX res: <http://dbpedia.org/resource/> SELECT DISTINCT ?uri WHERE {{ ?uri dbo:wineProduced res:Sparkling_wine ; dbo:location res:France }}"",
  ""error_types"": [""semantic""]
}"
q388,When did Boris Becker end his active career?,PREFIX dbo: <http://dbpedia.org/ontology/> PREFIX res: <http://dbpedia.org/resource/> SELECT DISTINCT ?d WHERE { res:Boris_Becker dbo:activeYearsEndDate ?d },semantic,PREFIX dbo: <http://dbpedia.org/ontology/> PREFIX res: <http://dbpedia.org/resource/> SELECT DISTINCT ?d WHERE { res:Boris_Becker dbo:birthDate ?d },['semantic'],"{
  ""id"": ""q388"",
  ""question"": ""When did Boris Becker end his active career?"",
  ""sparql_wrong"": ""PREFIX dbo: <http://dbpedia.org/ontology/> PREFIX res: <http://dbpedia.org/resource/> SELECT DISTINCT ?d WHERE { res:Boris_Becker dbo:birthDate ?d }"",
  ""sparql_gold"": ""PREFIX dbo: <http://dbpedia.org/ontology/> PREFIX res: <http://dbpedia.org/resource/> SELECT DISTINCT ?d WHERE {{ res:Boris_Becker dbo:activeYearsEndDate ?d }}"",
  ""error_types"": [""semantic""]
}"
q389,Which movies starring Mickey Rourke were directed by Guy Ritchie?,PREFIX dbo: <http://dbpedia.org/ontology/> PREFIX res: <http://dbpedia.org/resource/> PREFIX rdf: <http://www.w3.org/1999/02/22-rdf-syntax-ns#> SELECT DISTINCT ?uri WHERE { ?uri rdf:type dbo:Film ; dbo:starring res:Mickey_Rourke ; dbo:director res:Guy_Ritchie },semantic,PREFIX dbo: <http://dbpedia.org/ontology/> PREFIX res: <http://dbpedia.org/resource/> PREFIX rdf: <http://www.w3.org/1999/02/22-rdf-syntax-ns#> SELECT DISTINCT ?uri WHERE { ?uri rdf:type dbo:Film ; dbo:starring res:Mickey_Rourke ; dbo:producer res:Guy_Ritchie },['semantic'],"{
  ""id"": ""q389"",
  ""question"": ""Which movies starring Mickey Rourke were directed by Guy Ritchie?"",
  ""sparql_wrong"": ""PREFIX dbo: <http://dbpedia.org/ontology/> PREFIX res: <http://dbpedia.org/resource/> PREFIX rdf: <http://www.w3.org/1999/02/22-rdf-syntax-ns#> SELECT DISTINCT ?uri WHERE { ?uri rdf:type dbo:Film ; dbo:starring res:Mickey_Rourke ; dbo:producer res:Guy_Ritchie }"",
  ""sparql_gold"": ""PREFIX dbo: <http://dbpedia.org/ontology/> PREFIX res: <http://dbpedia.org/resource/> PREFIX rdf: <http://www.w3.org/1999/02/22-rdf-syntax-ns#> SELECT DISTINCT ?uri WHERE {{ ?uri rdf:type dbo:Film ; dbo:starring res:Mickey_Rourke ; dbo:director res:Guy_Ritchie }}"",
  ""error_types"": [""semantic""]
}"
q390,In which films did Julia Roberts as well as Richard Gere play?,PREFIX dbo: <http://dbpedia.org/ontology/> PREFIX res: <http://dbpedia.org/resource/> PREFIX rdf: <http://www.w3.org/1999/02/22-rdf-syntax-ns#> SELECT DISTINCT ?uri WHERE { ?uri rdf:type dbo:Film ; dbo:starring res:Julia_Roberts ; dbo:starring res:Richard_Gere },syntax,PREFIX dbo: <http://dbpedia.org/ontology/> PREFIX res: <http://dbpedia.org/resource/> PREFIX rdf: <http://www.w3.org/1999/02/22-rdf-syntax-ns#> SELECT DISTINCT ?uri WHERE { ?uri rdf:type dbo:Film ; dbo:starring res:Julia_Roberts ; dbo:starring res:Richard_Gere },['syntax'],"{
  ""id"": ""q390"",
  ""question"": ""In which films did Julia Roberts as well as Richard Gere play?"",
  ""sparql_wrong"": ""PREFIX dbo: <http://dbpedia.org/ontology/> PREFIX res: <http://dbpedia.org/resource/> PREFIX rdf: <http://www.w3.org/1999/02/22-rdf-syntax-ns#> SELECT DISTINCT ?uri WHERE { ?uri rdf:type dbo:Film ; dbo:starring res:Julia_Roberts ; dbo:starring res:Richard_Gere }"",
  ""sparql_gold"": ""PREFIX dbo: <http://dbpedia.org/ontology/> PREFIX res: <http://dbpedia.org/resource/> PREFIX rdf: <http://www.w3.org/1999/02/22-rdf-syntax-ns#> SELECT DISTINCT ?uri WHERE {{ ?uri rdf:type dbo:Film ; dbo:starring res:Julia_Roberts ; dbo:starring res:Richard_Gere }}"",
  ""error_types"": [""syntax""]
}"
q391,Show me Hemingway's autobiography.,PREFIX dbo: <http://dbpedia.org/ontology/> PREFIX res: <http://dbpedia.org/resource/> SELECT DISTINCT ?uri WHERE { ?uri dbo:author res:Ernest_Hemingway ; dbo:literaryGenre res:Autobiography },semantic,PREFIX dbo: <http://dbpedia.org/ontology/> PREFIX res: <http://dbpedia.org/resource/> SELECT DISTINCT ?uri WHERE { ?uri dbo:author res:Ernest_Hemingway ; dbo:literaryGenre res:Novel },['semantic'],"{
  ""id"": ""q391"",
  ""question"": ""Show me Hemingway's autobiography."",
  ""sparql_wrong"": ""PREFIX dbo: <http://dbpedia.org/ontology/> PREFIX res: <http://dbpedia.org/resource/> SELECT DISTINCT ?uri WHERE { ?uri dbo:author res:Ernest_Hemingway ; dbo:literaryGenre res:Novel }"",
  ""sparql_gold"": ""PREFIX dbo: <http://dbpedia.org/ontology/> PREFIX res: <http://dbpedia.org/resource/> SELECT DISTINCT ?uri WHERE {{ ?uri dbo:author res:Ernest_Hemingway ; dbo:literaryGenre res:Autobiography }}"",
  ""error_types"": [""semantic""]
}"
q392,How tall is Amazon Eve?,PREFIX dbo: <http://dbpedia.org/ontology/> PREFIX res: <http://dbpedia.org/resource/> SELECT DISTINCT ?height WHERE { res:Amazon_Eve dbo:height ?height },semantic,PREFIX dbo: <http://dbpedia.org/ontology/> PREFIX res: <http://dbpedia.org/resource/> SELECT DISTINCT ?height WHERE { res:Amazon_Eve dbo:weight ?height },['semantic'],"{
  ""id"": ""q392"",
  ""question"": ""How tall is Amazon Eve?"",
  ""sparql_wrong"": ""PREFIX dbo: <http://dbpedia.org/ontology/> PREFIX res: <http://dbpedia.org/resource/> SELECT DISTINCT ?height WHERE { res:Amazon_Eve dbo:weight ?height }"",
  ""sparql_gold"": ""PREFIX dbo: <http://dbpedia.org/ontology/> PREFIX res: <http://dbpedia.org/resource/> SELECT DISTINCT ?height WHERE {{ res:Amazon_Eve dbo:height ?height }}"",
  ""error_types"": [""semantic""]
}"
q393,What are the five boroughs of New York?,PREFIX dbo: <http://dbpedia.org/ontology/> SELECT DISTINCT ?uri WHERE { ?uri dbo:governmentType <http://dbpedia.org/resource/Borough_(New_York_City)> },semantic,PREFIX dbo: <http://dbpedia.org/ontology/> SELECT DISTINCT ?uri WHERE { ?uri dbo:governmentType <http://dbpedia.org/resource/State_(polity)> },['semantic'],"{
  ""id"": ""q393"",
  ""question"": ""What are the five boroughs of New York?"",
  ""sparql_wrong"": ""PREFIX dbo: <http://dbpedia.org/ontology/> SELECT DISTINCT ?uri WHERE { ?uri dbo:governmentType <http://dbpedia.org/resource/State_(polity)> }"",
  ""sparql_gold"": ""PREFIX dbo: <http://dbpedia.org/ontology/> SELECT DISTINCT ?uri WHERE {{ ?uri dbo:governmentType <http://dbpedia.org/resource/Borough_(New_York_City)> }}"",
  ""error_types"": [""semantic""]
}"
q394,Give me all Canadian Grunge record labels.,PREFIX dbo: <http://dbpedia.org/ontology/> PREFIX res: <http://dbpedia.org/resource/> PREFIX rdf: <http://www.w3.org/1999/02/22-rdf-syntax-ns#> SELECT DISTINCT ?uri WHERE { ?uri rdf:type dbo:RecordLabel ; dbo:genre res:Grunge ; dbo:country res:Canada },semantic,PREFIX dbo: <http://dbpedia.org/ontology/> PREFIX res: <http://dbpedia.org/resource/> PREFIX rdf: <http://www.w3.org/1999/02/22-rdf-syntax-ns#> SELECT DISTINCT ?uri WHERE { ?uri rdf:type dbo:Band ; dbo:genre res:Grunge ; dbo:country res:Canada },['semantic'],"{
  ""id"": ""q394"",
  ""question"": ""Give me all Canadian Grunge record labels."",
  ""sparql_wrong"": ""PREFIX dbo: <http://dbpedia.org/ontology/> PREFIX res: <http://dbpedia.org/resource/> PREFIX rdf: <http://www.w3.org/1999/02/22-rdf-syntax-ns#> SELECT DISTINCT ?uri WHERE { ?uri rdf:type dbo:Band ; dbo:genre res:Grunge ; dbo:country res:Canada }"",
  ""sparql_gold"": ""PREFIX dbo: <http://dbpedia.org/ontology/> PREFIX res: <http://dbpedia.org/resource/> PREFIX rdf: <http://www.w3.org/1999/02/22-rdf-syntax-ns#> SELECT DISTINCT ?uri WHERE {{ ?uri rdf:type dbo:RecordLabel ; dbo:genre res:Grunge ; dbo:country res:Canada }}"",
  ""error_types"": [""semantic""]
}"
q395,In which country does the Ganges start?,PREFIX dbo: <http://dbpedia.org/ontology/> PREFIX res: <http://dbpedia.org/resource/> SELECT DISTINCT ?uri WHERE { res:Ganges dbo:sourceCountry ?uri },syntax,PREFIX dbo: <http://dbpedia.org/ontology/> PREFIX res: <http://dbpedia.org/resource/> SELECT DISTINCT ?uri WHERE { res:Ganges dbo:sourceCountry ?uri },['syntax'],"{
  ""id"": ""q395"",
  ""question"": ""In which country does the Ganges start?"",
  ""sparql_wrong"": ""PREFIX dbo: <http://dbpedia.org/ontology/> PREFIX res: <http://dbpedia.org/resource/> SELECT DISTINCT ?uri WHERE { res:Ganges dbo:sourceCountry ?uri }"",
  ""sparql_gold"": ""PREFIX dbo: <http://dbpedia.org/ontology/> PREFIX res: <http://dbpedia.org/resource/> SELECT DISTINCT ?uri WHERE {{ res:Ganges dbo:sourceCountry ?uri }}"",
  ""error_types"": [""syntax""]
}"
q396,Who is the founder of Penguin Books?,PREFIX dbo: <http://dbpedia.org/ontology/> PREFIX res: <http://dbpedia.org/resource/> PREFIX rdf: <http://www.w3.org/1999/02/22-rdf-syntax-ns#> SELECT DISTINCT ?uri WHERE { res:Penguin_Books dbo:founder ?uri },syntax,PREFIX dbo: <http://dbpedia.org/ontology/> PREFIX res: <http://dbpedia.org/resource/> PREFIX rdf: <http://www.w3.org/1999/02/22-rdf-syntax-ns#> SELECT DISTINCT ?uri WHERE { res:Penguin_Books dbo:founder ?uri },['syntax'],"{
  ""id"": ""q396"",
  ""question"": ""Who is the founder of Penguin Books?"",
  ""sparql_wrong"": ""PREFIX dbo: <http://dbpedia.org/ontology/> PREFIX res: <http://dbpedia.org/resource/> PREFIX rdf: <http://www.w3.org/1999/02/22-rdf-syntax-ns#> SELECT DISTINCT ?uri WHERE { res:Penguin_Books dbo:founder ?uri }"",
  ""sparql_gold"": ""PREFIX dbo: <http://dbpedia.org/ontology/> PREFIX res: <http://dbpedia.org/resource/> PREFIX rdf: <http://www.w3.org/1999/02/22-rdf-syntax-ns#> SELECT DISTINCT ?uri WHERE {{ res:Penguin_Books dbo:founder ?uri }}"",
  ""error_types"": [""syntax""]
}"
q397,Who wrote the Game of Thrones theme?,PREFIX dbo: <http://dbpedia.org/ontology/> PREFIX res: <http://dbpedia.org/resource/> SELECT DISTINCT ?uri WHERE { res:Game_of_Thrones dbo:composer ?uri },syntax,PREFIX dbo: <http://dbpedia.org/ontology/> PREFIX res: <http://dbpedia.org/resource/> SELECT DISTINCT ?uri WHERE { res:Game_of_Thrones dbo:composer ?uri },['syntax'],"{
  ""id"": ""q397"",
  ""question"": ""Who wrote the Game of Thrones theme?"",
  ""sparql_wrong"": ""PREFIX dbo: <http://dbpedia.org/ontology/> PREFIX res: <http://dbpedia.org/resource/> SELECT DISTINCT ?uri WHERE { res:Game_of_Thrones dbo:composer ?uri }"",
  ""sparql_gold"": ""PREFIX dbo: <http://dbpedia.org/ontology/> PREFIX res: <http://dbpedia.org/resource/> SELECT DISTINCT ?uri WHERE {{ res:Game_of_Thrones dbo:composer ?uri }}"",
  ""error_types"": [""syntax""]
}"
q398,Who is the president of Eritrea?,"PREFIX dbo: <http://dbpedia.org/ontology/> PREFIX res: <http://dbpedia.org/resource/> SELECT DISTINCT ?uri WHERE { res:Eritrea dbo:leader ?uri ; dbo:leaderTitle ""President""@en }",semantic,"PREFIX dbo: <http://dbpedia.org/ontology/> PREFIX res: <http://dbpedia.org/resource/> SELECT DISTINCT ?uri WHERE { res:Eritrea dbo:leader ?uri ; dbo:leaderTitle ""Prime Minister""@en }",['semantic'],"{
  ""id"": ""q398"",
  ""question"": ""Who is the president of Eritrea?"",
  ""sparql_wrong"": ""PREFIX dbo: <http://dbpedia.org/ontology/> PREFIX res: <http://dbpedia.org/resource/> SELECT DISTINCT ?uri WHERE { res:Eritrea dbo:leader ?uri ; dbo:leaderTitle \""Prime Minister\""@en }"",
  ""sparql_gold"": ""PREFIX dbo: <http://dbpedia.org/ontology/> PREFIX res: <http://dbpedia.org/resource/> SELECT DISTINCT ?uri WHERE {{ res:Eritrea dbo:leader ?uri ; dbo:leaderTitle \""President\""@en }}"",
  ""error_types"": [""semantic""]
}"
q399,In which city did John F. Kennedy die?,PREFIX dbo: <http://dbpedia.org/ontology/> PREFIX res: <http://dbpedia.org/resource/> PREFIX rdf: <http://www.w3.org/1999/02/22-rdf-syntax-ns#> SELECT DISTINCT ?uri WHERE { res:John_F._Kennedy dbo:deathPlace ?uri . ?uri rdf:type dbo:City },semantic,PREFIX dbo: <http://dbpedia.org/ontology/> PREFIX res: <http://dbpedia.org/resource/> PREFIX rdf: <http://www.w3.org/1999/02/22-rdf-syntax-ns#> SELECT DISTINCT ?uri WHERE { res:John_F._Kennedy dbo:birthPlace ?uri . ?uri rdf:type dbo:City },['semantic'],"{
  ""id"": ""q399"",
  ""question"": ""In which city did John F. Kennedy die?"",
  ""sparql_wrong"": ""PREFIX dbo: <http://dbpedia.org/ontology/> PREFIX res: <http://dbpedia.org/resource/> PREFIX rdf: <http://www.w3.org/1999/02/22-rdf-syntax-ns#> SELECT DISTINCT ?uri WHERE { res:John_F._Kennedy dbo:birthPlace ?uri . ?uri rdf:type dbo:City }"",
  ""sparql_gold"": ""PREFIX dbo: <http://dbpedia.org/ontology/> PREFIX res: <http://dbpedia.org/resource/> PREFIX rdf: <http://www.w3.org/1999/02/22-rdf-syntax-ns#> SELECT DISTINCT ?uri WHERE {{ res:John_F._Kennedy dbo:deathPlace ?uri . ?uri rdf:type dbo:City }}"",
  ""error_types"": [""semantic""]
}"
q400,What is the highest mountain in Australia?,PREFIX dbo: <http://dbpedia.org/ontology/> PREFIX res: <http://dbpedia.org/resource/> PREFIX rdf: <http://www.w3.org/1999/02/22-rdf-syntax-ns#> SELECT DISTINCT ?uri WHERE { ?uri rdf:type dbo:Mountain ; dbo:locatedInArea res:Australia ; dbo:elevation ?elevation } ORDER BY DESC(?elevation) LIMIT 1,syntax,PREFIX dbo: <http://dbpedia.org/ontology/> PREFIX res: <http://dbpedia.org/resource/> PREFIX rdf: <http://www.w3.org/1999/02/22-rdf-syntax-ns#> SELECT DISTINCT ?uri WHERE {{ ?uri rdf:type dbo:Mountain ; dbo:locatedInArea res:Australia ; dbo:elevation ?elevation } ORDER BY DESC(?elevation) LIMIT 1,['syntax'],"{
  ""id"": ""q400"",
  ""question"": ""What is the highest mountain in Australia?"",
  ""sparql_wrong"": ""PREFIX dbo: <http://dbpedia.org/ontology/> PREFIX res: <http://dbpedia.org/resource/> PREFIX rdf: <http://www.w3.org/1999/02/22-rdf-syntax-ns#> SELECT DISTINCT ?uri WHERE {{ ?uri rdf:type dbo:Mountain ; dbo:locatedInArea res:Australia ; dbo:elevation ?elevation } ORDER BY DESC(?elevation) LIMIT 1"",
  ""sparql_gold"": ""PREFIX dbo: <http://dbpedia.org/ontology/> PREFIX res: <http://dbpedia.org/resource/> PREFIX rdf: <http://www.w3.org/1999/02/22-rdf-syntax-ns#> SELECT DISTINCT ?uri WHERE {{ ?uri rdf:type dbo:Mountain ; dbo:locatedInArea res:Australia ; dbo:elevation ?elevation }} ORDER BY DESC(?elevation) LIMIT 1"",
  ""error_types"": [""syntax""]
}"
q401,Who writes the Farmers' Almanac?,PREFIX dbp: <http://dbpedia.org/property/> SELECT ?uri WHERE { <http://dbpedia.org/resource/Farmers'_Almanac> dbp:editor ?uri },semantic,PREFIX dbp: <http://dbpedia.org/property/> SELECT ?uri WHERE { <http://dbpedia.org/resource/Farmers'_Almanac> dbp:author ?uri },['semantic'],"{
  ""id"": ""q401"",
  ""question"": ""Who writes the Farmers' Almanac?"",
  ""sparql_wrong"": ""PREFIX dbp: <http://dbpedia.org/property/> SELECT ?uri WHERE { <http://dbpedia.org/resource/Farmers'_Almanac> dbp:author ?uri }"",
  ""sparql_gold"": ""PREFIX dbp: <http://dbpedia.org/property/> SELECT ?uri WHERE {{ <http://dbpedia.org/resource/Farmers'_Almanac> dbp:editor ?uri }}"",
  ""error_types"": [""semantic""]
}"
q402,Give me the currency of China.,PREFIX dbo: <http://dbpedia.org/ontology/> PREFIX res: <http://dbpedia.org/resource/> SELECT DISTINCT ?uri WHERE { res:China dbo:currency ?uri },structural,PREFIX dbo: <http://dbpedia.org/ontology/> PREFIX res: <http://dbpedia.org/resource/> SELECT DISTINCT ?uri WHERE {{ ?uri dbo:currency res:China }},['structural'],"{
  ""id"": ""q402"",
  ""question"": ""Give me the currency of China."",
  ""sparql_wrong"": ""PREFIX dbo: <http://dbpedia.org/ontology/> PREFIX res: <http://dbpedia.org/resource/> SELECT DISTINCT ?uri WHERE {{ ?uri dbo:currency res:China }}"",
  ""sparql_gold"": ""PREFIX dbo: <http://dbpedia.org/ontology/> PREFIX res: <http://dbpedia.org/resource/> SELECT DISTINCT ?uri WHERE {{ res:China dbo:currency ?uri }}"",
  ""error_types"": [""structural""]
}"
q403,Give me all Swedish oceanographers.,PREFIX dbo: <http://dbpedia.org/ontology/> PREFIX res: <http://dbpedia.org/resource/> SELECT DISTINCT ?uri WHERE { ?uri dbo:field res:Oceanography ; dbo:birthPlace res:Sweden },semantic,PREFIX dbo: <http://dbpedia.org/ontology/> PREFIX res: <http://dbpedia.org/resource/> SELECT DISTINCT ?uri WHERE { ?uri dbo:field res:Oceanography ; dbo:birthPlace res:Norway },['semantic'],"{
  ""id"": ""q403"",
  ""question"": ""Give me all Swedish oceanographers."",
  ""sparql_wrong"": ""PREFIX dbo: <http://dbpedia.org/ontology/> PREFIX res: <http://dbpedia.org/resource/> SELECT DISTINCT ?uri WHERE { ?uri dbo:field res:Oceanography ; dbo:birthPlace res:Norway }"",
  ""sparql_gold"": ""PREFIX dbo: <http://dbpedia.org/ontology/> PREFIX res: <http://dbpedia.org/resource/> SELECT DISTINCT ?uri WHERE {{ ?uri dbo:field res:Oceanography ; dbo:birthPlace res:Sweden }}"",
  ""error_types"": [""semantic""]
}"
q404,In which city are the headquarters of the United Nations?,PREFIX dbo: <http://dbpedia.org/ontology/> PREFIX res: <http://dbpedia.org/resource/> PREFIX rdf: <http://www.w3.org/1999/02/22-rdf-syntax-ns#> SELECT DISTINCT ?uri WHERE { res:Headquarters_of_the_United_Nations dbo:location ?uri . ?uri rdf:type dbo:City },syntax,PREFIX dbo: <http://dbpedia.org/ontology/> PREFIX res: <http://dbpedia.org/resource/> PREFIX rdf: <http://www.w3.org/1999/02/22-rdf-syntax-ns#> SELECT DISTINCT ?uri WHERE { res:Headquarters_of_the_United_Nations dbo:location ?uri . ?uri rdf:type dbo:City },['syntax'],"{
  ""id"": ""q404"",
  ""question"": ""In which city are the headquarters of the United Nations?"",
  ""sparql_wrong"": ""PREFIX dbo: <http://dbpedia.org/ontology/> PREFIX res: <http://dbpedia.org/resource/> PREFIX rdf: <http://www.w3.org/1999/02/22-rdf-syntax-ns#> SELECT DISTINCT ?uri WHERE { res:Headquarters_of_the_United_Nations dbo:location ?uri . ?uri rdf:type dbo:City }"",
  ""sparql_gold"": ""PREFIX dbo: <http://dbpedia.org/ontology/> PREFIX res: <http://dbpedia.org/resource/> PREFIX rdf: <http://www.w3.org/1999/02/22-rdf-syntax-ns#> SELECT DISTINCT ?uri WHERE {{ res:Headquarters_of_the_United_Nations dbo:location ?uri . ?uri rdf:type dbo:City }}"",
  ""error_types"": [""syntax""]
}"
q405,Is Rita Wilson the wife of Tom Hanks?,PREFIX dbo: <http://dbpedia.org/ontology/> PREFIX res: <http://dbpedia.org/resource/> ASK WHERE { res:Tom_Hanks dbo:spouse res:Rita_Wilson },structural,PREFIX dbo: <http://dbpedia.org/ontology/> PREFIX res: <http://dbpedia.org/resource/> ASK WHERE { { res:Rita_Wilson dbo:spouse res:Tom_Hanks } },['structural'],"{
  ""id"": ""q405"",
  ""question"": ""Is Rita Wilson the wife of Tom Hanks?"",
  ""sparql_wrong"": ""PREFIX dbo: <http://dbpedia.org/ontology/> PREFIX res: <http://dbpedia.org/resource/> ASK WHERE { { res:Rita_Wilson dbo:spouse res:Tom_Hanks } }"",
  ""sparql_gold"": ""PREFIX dbo: <http://dbpedia.org/ontology/> PREFIX res: <http://dbpedia.org/resource/> ASK WHERE {{ res:Tom_Hanks dbo:spouse res:Rita_Wilson }}"",
  ""error_types"": [""structural""]
}"
q406,In which countries do people speak Japanese?,PREFIX dbo: <http://dbpedia.org/ontology/> PREFIX res: <http://dbpedia.org/resource/> PREFIX rdf: <http://www.w3.org/1999/02/22-rdf-syntax-ns#> SELECT DISTINCT ?uri WHERE { ?uri rdf:type dbo:Country ; dbo:language res:Japanese_language },syntax,PREFIX dbo: <http://dbpedia.org/ontology/> PREFIX res: <http://dbpedia.org/resource/> PREFIX rdf: <http://www.w3.org/1999/02/22-rdf-syntax-ns#> SELECT DISTINCT ?uri WHERE { ?uri rdf:type dbo:Country ; dbo:language res:Japanese_language },['syntax'],"{
  ""id"": ""q406"",
  ""question"": ""In which countries do people speak Japanese?"",
  ""sparql_wrong"": ""PREFIX dbo: <http://dbpedia.org/ontology/> PREFIX res: <http://dbpedia.org/resource/> PREFIX rdf: <http://www.w3.org/1999/02/22-rdf-syntax-ns#> SELECT DISTINCT ?uri WHERE { ?uri rdf:type dbo:Country ; dbo:language res:Japanese_language }"",
  ""sparql_gold"": ""PREFIX dbo: <http://dbpedia.org/ontology/> PREFIX res: <http://dbpedia.org/resource/> PREFIX rdf: <http://www.w3.org/1999/02/22-rdf-syntax-ns#> SELECT DISTINCT ?uri WHERE {{ ?uri rdf:type dbo:Country ; dbo:language res:Japanese_language }}"",
  ""error_types"": [""syntax""]
}"
q407,Which of Tim Burton's films had the highest budget?,PREFIX dbo: <http://dbpedia.org/ontology/> PREFIX res: <http://dbpedia.org/resource/> SELECT DISTINCT ?uri WHERE { ?uri dbo:director res:Tim_Burton ; dbo:budget ?b } ORDER BY ?b OFFSET 0 LIMIT 1,semantic,PREFIX dbo: <http://dbpedia.org/ontology/> PREFIX res: <http://dbpedia.org/resource/> SELECT DISTINCT ?uri WHERE { { ?uri dbo:writer res:Tim_Burton ; dbo:budget ?b } } ORDER BY ?b OFFSET 0 LIMIT 1,['semantic'],"{
  ""id"": ""q407"",
  ""question"": ""Which of Tim Burton's films had the highest budget?"",
  ""sparql_wrong"": ""PREFIX dbo: <http://dbpedia.org/ontology/> PREFIX res: <http://dbpedia.org/resource/> SELECT DISTINCT ?uri WHERE { { ?uri dbo:writer res:Tim_Burton ; dbo:budget ?b } } ORDER BY ?b OFFSET 0 LIMIT 1"",
  ""sparql_gold"": ""PREFIX dbo: <http://dbpedia.org/ontology/> PREFIX res: <http://dbpedia.org/resource/> SELECT DISTINCT ?uri WHERE {{ ?uri dbo:director res:Tim_Burton ; dbo:budget ?b }} ORDER BY ?b OFFSET 0 LIMIT 1"",
  ""error_types"": [""semantic""]
}"
q408,Which museum in New York has the most visitors?,PREFIX dbo: <http://dbpedia.org/ontology/> PREFIX res: <http://dbpedia.org/resource/> PREFIX rdf: <http://www.w3.org/1999/02/22-rdf-syntax-ns#> SELECT DISTINCT ?uri WHERE { ?uri rdf:type dbo:Museum ; dbo:location res:New_York_City ; dbo:numberOfVisitors ?num } ORDER BY DESC(?num) OFFSET 0 LIMIT 1,semantic,PREFIX dbo: <http://dbpedia.org/ontology/> PREFIX res: <http://dbpedia.org/resource/> PREFIX rdf: <http://www.w3.org/1999/02/22-rdf-syntax-ns#> SELECT DISTINCT ?uri WHERE { ?uri rdf:type dbo:University ; dbo:location res:New_York_City ; dbo:numberOfVisitors ?num } ORDER BY DESC(?num) OFFSET 0 LIMIT 1,['semantic'],"{
  ""id"": ""q408"",
  ""question"": ""Which museum in New York has the most visitors?"",
  ""sparql_wrong"": ""PREFIX dbo: <http://dbpedia.org/ontology/> PREFIX res: <http://dbpedia.org/resource/> PREFIX rdf: <http://www.w3.org/1999/02/22-rdf-syntax-ns#> SELECT DISTINCT ?uri WHERE { ?uri rdf:type dbo:University ; dbo:location res:New_York_City ; dbo:numberOfVisitors ?num } ORDER BY DESC(?num) OFFSET 0 LIMIT 1"",
  ""sparql_gold"": ""PREFIX dbo: <http://dbpedia.org/ontology/> PREFIX res: <http://dbpedia.org/resource/> PREFIX rdf: <http://www.w3.org/1999/02/22-rdf-syntax-ns#> SELECT DISTINCT ?uri WHERE {{ ?uri rdf:type dbo:Museum ; dbo:location res:New_York_City ; dbo:numberOfVisitors ?num }} ORDER BY DESC(?num) OFFSET 0 LIMIT 1"",
  ""error_types"": [""semantic""]
}"
q409,What was the first Queen album?,PREFIX dbo: <http://dbpedia.org/ontology/> PREFIX rdf: <http://www.w3.org/1999/02/22-rdf-syntax-ns#> SELECT DISTINCT ?uri WHERE { ?uri rdf:type dbo:Album ; dbo:artist <http://dbpedia.org/resource/Queen_(band)> ; dbo:releaseDate ?d } ORDER BY ASC(?d) OFFSET 0 LIMIT 1,semantic,PREFIX dbo: <http://dbpedia.org/ontology/> PREFIX rdf: <http://www.w3.org/1999/02/22-rdf-syntax-ns#> SELECT DISTINCT ?uri WHERE { ?uri rdf:type dbo:Album ; dbo:writer <http://dbpedia.org/resource/Queen_(band)> ; dbo:releaseDate ?d } ORDER BY ASC(?d) OFFSET 0 LIMIT 1,['semantic'],"{
  ""id"": ""q409"",
  ""question"": ""What was the first Queen album?"",
  ""sparql_wrong"": ""PREFIX dbo: <http://dbpedia.org/ontology/> PREFIX rdf: <http://www.w3.org/1999/02/22-rdf-syntax-ns#> SELECT DISTINCT ?uri WHERE { ?uri rdf:type dbo:Album ; dbo:writer <http://dbpedia.org/resource/Queen_(band)> ; dbo:releaseDate ?d } ORDER BY ASC(?d) OFFSET 0 LIMIT 1"",
  ""sparql_gold"": ""PREFIX dbo: <http://dbpedia.org/ontology/> PREFIX rdf: <http://www.w3.org/1999/02/22-rdf-syntax-ns#> SELECT DISTINCT ?uri WHERE {{ ?uri rdf:type dbo:Album ; dbo:artist <http://dbpedia.org/resource/Queen_(band)> ; dbo:releaseDate ?d }} ORDER BY ASC(?d) OFFSET 0 LIMIT 1"",
  ""error_types"": [""semantic""]
}"
q410,What was the first name of the band Queens of the Stone Age?,PREFIX dbo: <http://dbpedia.org/ontology/> PREFIX res: <http://dbpedia.org/resource/> SELECT DISTINCT ?name WHERE { res:Queens_of_the_Stone_Age dbo:alias ?name },structural,PREFIX dbo: <http://dbpedia.org/ontology/> PREFIX res: <http://dbpedia.org/resource/> SELECT DISTINCT ?name WHERE { ?name dbo:alias res:Queens_of_the_Stone_Age },['structural'],"{
  ""id"": ""q410"",
  ""question"": ""What was the first name of the band Queens of the Stone Age?"",
  ""sparql_wrong"": ""PREFIX dbo: <http://dbpedia.org/ontology/> PREFIX res: <http://dbpedia.org/resource/> SELECT DISTINCT ?name WHERE { ?name dbo:alias res:Queens_of_the_Stone_Age }"",
  ""sparql_gold"": ""PREFIX dbo: <http://dbpedia.org/ontology/> PREFIX res: <http://dbpedia.org/resource/> SELECT DISTINCT ?name WHERE {{ res:Queens_of_the_Stone_Age dbo:alias ?name }}"",
  ""error_types"": [""structural""]
}"
q411,What was the last movie with Alec Guinness?,PREFIX dbo: <http://dbpedia.org/ontology/> PREFIX res: <http://dbpedia.org/resource/> PREFIX rdf: <http://www.w3.org/1999/02/22-rdf-syntax-ns#> SELECT DISTINCT ?uri WHERE { ?uri rdf:type dbo:Film ; dbo:starring res:Alec_Guinness ; dbo:releaseDate ?date } ORDER BY DESC(?date) LIMIT 1,syntax,PREFIX dbo: <http://dbpedia.org/ontology/> PREFIX res: <http://dbpedia.org/resource/> PREFIX rdf: <http://www.w3.org/1999/02/22-rdf-syntax-ns#> SELECT DISTINCT ?uri WHERE { ?uri rdf:type dbo:Film ; dbo:starring res:Alec_Guinness ; dbo:releaseDate ?date }} ORDER BY DESC(?date) LIMIT 1,['syntax'],"{
  ""id"": ""q411"",
  ""question"": ""What was the last movie with Alec Guinness?"",
  ""sparql_wrong"": ""PREFIX dbo: <http://dbpedia.org/ontology/> PREFIX res: <http://dbpedia.org/resource/> PREFIX rdf: <http://www.w3.org/1999/02/22-rdf-syntax-ns#> SELECT DISTINCT ?uri WHERE { ?uri rdf:type dbo:Film ; dbo:starring res:Alec_Guinness ; dbo:releaseDate ?date }} ORDER BY DESC(?date) LIMIT 1"",
  ""sparql_gold"": ""PREFIX dbo: <http://dbpedia.org/ontology/> PREFIX res: <http://dbpedia.org/resource/> PREFIX rdf: <http://www.w3.org/1999/02/22-rdf-syntax-ns#> SELECT DISTINCT ?uri WHERE {{ ?uri rdf:type dbo:Film ; dbo:starring res:Alec_Guinness ; dbo:releaseDate ?date }} ORDER BY DESC(?date) LIMIT 1"",
  ""error_types"": [""syntax""]
}"
q412,Give me all actors starring in Last Action Hero.,PREFIX dbo: <http://dbpedia.org/ontology/> PREFIX res: <http://dbpedia.org/resource/> SELECT DISTINCT ?uri WHERE { res:Last_Action_Hero dbo:starring ?uri },syntax,PREFIX dbo: <http://dbpedia.org/ontology/> PREFIX res: <http://dbpedia.org/resource/> SELECT DISTINCT ?uri WHERE { res:Last_Action_Hero dbo:starring ?uri ,['syntax'],"{
  ""id"": ""q412"",
  ""question"": ""Give me all actors starring in Last Action Hero."",
  ""sparql_wrong"": ""PREFIX dbo: <http://dbpedia.org/ontology/> PREFIX res: <http://dbpedia.org/resource/> SELECT DISTINCT ?uri WHERE { res:Last_Action_Hero dbo:starring ?uri "",
  ""sparql_gold"": ""PREFIX dbo: <http://dbpedia.org/ontology/> PREFIX res: <http://dbpedia.org/resource/> SELECT DISTINCT ?uri WHERE {{ res:Last_Action_Hero dbo:starring ?uri }}"",
  ""error_types"": [""syntax""]
}"
q413,Who discovered Pluto?,PREFIX dbo: <http://dbpedia.org/ontology/> PREFIX dbr: <http://dbpedia.org/resource/> SELECT ?uri WHERE { dbr:Pluto dbo:discoverer ?uri },semantic,PREFIX dbo: <http://dbpedia.org/ontology/> PREFIX dbr: <http://dbpedia.org/resource/> SELECT ?uri WHERE { dbr:Pluto dbo:discovererName ?uri },['semantic'],"{
  ""id"": ""q413"",
  ""question"": ""Who discovered Pluto?"",
  ""sparql_wrong"": ""PREFIX dbo: <http://dbpedia.org/ontology/> PREFIX dbr: <http://dbpedia.org/resource/> SELECT ?uri WHERE { dbr:Pluto dbo:discovererName ?uri }"",
  ""sparql_gold"": ""PREFIX dbo: <http://dbpedia.org/ontology/> PREFIX dbr: <http://dbpedia.org/resource/> SELECT ?uri WHERE {{ dbr:Pluto dbo:discoverer ?uri }}"",
  ""error_types"": [""semantic""]
}"
